n,date,domain,lang,title,url,article_kind,primary_voice,voice_name,voice_affiliation,stance,claim_strength,predicted_scope,timeframe,stated_probability,p_full,brier,score,side,key_quote,key_quote_en,summary,quote_verified,text_source,snapshot
1,2021-11-21,interfax.ru,ru,Украинская разведка приготовилась к нападению России в январе-феврале 2022 года,https://interfax.ru/world/804185,news,official_ukrainian,Кирилл Буданов (Kyrylo Budanov),"Головне управління розвідки (GUR), Ministry of Defence of Ukraine",0.85,0.9,full_scale,January–February 2022,,0.925,0.006,99,invasion,"Россия сосредоточила у границ Украины более 92 тыс. военнослужащих и готовится к нападению в конце января или начале февраля 2022 года. Такая атака, вероятно, будет включать авиаудары, артиллерийские и бронетанковые атаки, за которыми последуют воздушно-десантные атаки на востоке страны, десантные атаки в Одессе и Мариуполе.","Russia has concentrated more than 92,000 military personnel at Ukraine's borders and is preparing for an attack in late January or early February 2022. Such an attack will likely include air strikes, artillery and tank attacks, followed by airborne attacks in the east of the country, amphibious attacks in Odesa and Mariupol.","Ukrainian military intelligence chief Budanov asserts Russia has 92,000+ troops massed and will launch a full-scale multi-vector invasion (air strikes, armor, airborne, amphibious) in late January or early February 2022, with assessments aligned to US intelligence.",True,live,
2,2021-11-24,mk.ru,ru,"На Украине объяснили, почему на нее не нападет Россия",https://mk.ru/politics/2021/11/24/na-ukraine-obyasnili-pochemu-na-nee-ne-napadet-rossiya.html,news,analyst,Карасев (политолог),,-0.7,0.6,none,unspecified,,0.15,0.722,28,no_invasion,"Когда есть внутренняя борьба между политическими элитами, властью, оппозицией или олигархами, то зачем внешняя война?","When there is internal struggle between political elites, authorities, opposition or oligarchs, why would there be external war?","Ukrainian political analyst Karasev argues Russia will not attack Ukraine because internal political divisions make external war unnecessary, countering claims by Ukrainian intelligence chief Budanov and Western media that invasion is planned for late January or early February 2022.",True,live,
3,2021-11-24,ukrinform.net,en,Russian invasion of Ukraine unlikely to be 'imminent',https://ukrinform.net/rubric-polytics/3356621-russian-invasion-of-ukraine-unlikely-to-be-imminent-reuters.html,news,intelligence,Western intelligence officials and Reuters sources,"Western intelligence, IISS",-0.65,0.75,full_scale,imminent (disputed); January-February per Ukrainian intelligence,,0.175,0.681,32,no_invasion,"Reuters spoke to more than a dozen sources, including Western intelligence officials and Russians familiar with Kremlin thinking, and nearly all agreed that an invasion is unlikely to be imminent.","Reuters spoke to more than a dozen sources, including Western intelligence officials and Russians familiar with Kremlin thinking, and nearly all agreed that an invasion is unlikely to be imminent.","Western intelligence and Reuters sources assess full-scale Russian invasion is unlikely to be imminent, though Ukrainian intelligence warns of possible January-February invasion from multiple directions; experts debate Putin's intentions as signaling versus genuine threat.",True,wayback,20211129150358
4,2021-11-24,mk.ru,ru,Назван интерес Зеленского в войне с Россией: последний шанс,https://mk.ru/politics/2021/11/24/nazvan-interes-zelenskogo-v-voyne-s-rossiey-posledniy-shans.html,news,official_ukrainian,Yuriy Kiva (Ukrainian MP),Ukrainian Parliament,-0.75,0.8,none,unspecified,,0.125,0.766,23,no_invasion,"Также Кива подчеркнул, что Москве нет смысла вводить войска на Украину, так как российские власти терпеливо наблюдают за тем, как Украина движется к своему концу.","Kiva also emphasized that Moscow has no reason to introduce troops into Ukraine, as Russian authorities patiently observe how Ukraine moves toward its end.",Ukrainian MP Yuriy Kiva argues Russia has no reason to invade Ukraine and will instead wait for internal collapse; Western media reports of invasion are dismissed as disinformation.,True,live,
5,2021-11-24,unian.net,ru,В Кремле назвали условие нападения на Украину,https://unian.net/war/v-kremle-nazvali-uslovie-napadeniya-na-ukrainu-novosti-donbassa-11620804.html,news,official_russian,Fyodor Lukyanov,"Kremlin, Council on Foreign Affairs of Russia",0.6,0.7,full_scale,conditional/unspecified,,0.8,0.04,96,invasion,"В Кремле заявили, что Российская Федерация нападет на Украину, если она присоединится к НАТО... 'России придется изменить систему и провести новые красные линии'",The Kremlin stated that the Russian Federation will attack Ukraine if it joins NATO... 'Russia will have to change its system and draw new red lines',"Kremlin adviser Fyodor Lukyanov states Russia will attack Ukraine if it joins NATO, framing this as explanation for military buildup; Ukrainian FM acknowledges full-scale invasion threat exists but says Kyiv is working to prevent it; Western sources report concern over Russian troop movements.",True,live,
6,2021-11-24,reuters.com,en,Analysis: Putin's Ukraine gambit seen as part of play for new Biden summit,https://reuters.com/world/putins-ukraine-gambit-seen-part-play-new-biden-summit-2021-11-24,analysis,analyst,Vladimir Frolov,independent foreign policy analyst (former Russian diplomat),0.3,0.4,unclear,unspecified,,0.65,0.122,88,invasion,"While Putin's Ukraine gambit has multiple goals and an attack on Ukraine cannot be ruled out, one of Moscow's priorities is to get Biden's attention so that he will agree to another summit.","While Putin's Ukraine gambit has multiple goals and an attack on Ukraine cannot be ruled out, one of Moscow's priorities is to get Biden's attention so that he will agree to another summit.","Analysts close to Russian foreign policy (Frolov, Kortunov) suggest Putin's troop movements are primarily leverage for a Biden summit rather than preparation for imminent invasion, though attack cannot be ruled out; Western officials express alarm while Russia denies aggressive intent.",True,wayback,20211124160718
7,2021-11-24,atlanticcouncil.org,en,How to Deter Russia Now,https://atlanticcouncil.org/blogs/ukrainealert/how-to-deter-russia-now,analysis,author,Atlantic Council (Eurasia Center),Atlantic Council,0.65,0.75,full_scale,2-3 months (by end of January 2022),,0.825,0.031,97,invasion,The Biden administration judges that there is a real possibility that Russian President Vladimir Putin may decide to launch a new invasion of Ukraine in the next 2-3 months despite the high costs Moscow would incur.,The Biden administration judges that there is a real possibility that Russian President Vladimir Putin may decide to launch a new invasion of Ukraine in the next 2-3 months despite the high costs Moscow would incur.,"The Atlantic Council, citing Biden administration assessments, judges there is a real possibility Putin will launch a full-scale invasion of Ukraine within 2-3 months, though acknowledging it may be an elaborate bluff; the article recommends deterrence through sanctions and diplomacy.",True,live,
8,2021-11-24,pbs.org,en,"Why Russia may end its 'unstable ceasefire' with Ukraine, and how U.S. politics affects it",https://pbs.org/newshour/show/why-russia-may-end-its-unstable-ceasefire-with-ukraine-and-how-u-s-politics-affects-it,news,analyst,Andrew Weiss,Carnegie Endowment for International Peace,0.7,0.75,full_scale,coming months,,0.85,0.023,98,invasion,he is thinking about undoing the unstable cease-fire that's been in place since the war in 2014 and 2015 was at its bloodiest... There is probably going to be in the coming months a very elevated sense of tension in and around Ukraine.,he is thinking about undoing the unstable cease-fire that's been in place since the war in 2014 and 2015 was at its bloodiest... There is probably going to be in the coming months a very elevated sense of tension in and around Ukraine.,"Andrew Weiss (Carnegie Endowment) assesses that Putin is signaling intent to end the ceasefire and may launch a full-scale invasion in coming months, emboldened by Western division and U.S. focus on China, though he notes the Biden administration is trying to balance deterrence without provocation.",True,live,
9,2021-11-24,dw.com,en,Die Welt: Sankcje na Nord Stream 2 mają powstrzymać eskalację na wschodniej Ukrainie | Niemcy – bieżąca polityka niemiecka. Wiadomości DW po polsku | DW,https://dw.com/pl/die-welt-sankcje-na-nord-stream-2-maj%C4%85-powstrzyma%C4%87-eskalacj%C4%99-na-wschodniej-ukrainie/a-59918166,news,mixed,Die Welt / Andrij Melnyk / US intelligence services,German newspaper / Ukrainian Embassy in Berlin / US intelligence,0.65,0.7,full_scale,unspecified,,0.825,0.031,97,invasion,Miecz Damoklesa pod postacią szeroko zakrojonej inwazji Putina wisi nad głową Ukrainy na bardzo cienkiej nici,The sword of Damocles in the form of Putin's large-scale invasion hangs over Ukraine's head by a very thin thread,Die Welt reports that US intelligence fears Putin may use a transitional period to annex large parts of Ukraine; Ukrainian ambassador Melnyk warns of an unprecedented military threat and a large-scale invasion looming over Ukraine.,True,live,
10,2021-11-25,valdaiclub.com,ru,War Between Russia and Ukraine: A Basic Scenario?,https://valdaiclub.com/a/highlights/war-between-russia-and-ukraine-a-basic-scenario,analysis,author,Ivan Timofeev,Valdai Club,-0.65,0.75,full_scale,unspecified,,0.175,0.681,32,no_invasion,"Even if one fails to write off this scenario as a reflection of existing phobias and nationalist complexes, it still seems unlikely for a number of reasons... the costs of a possible war far outweigh the benefits. The war is fraught with significant risks to the economy, political stability and Russian foreign policy.","Even if one fails to write off this scenario as a reflection of existing phobias and nationalist complexes, it still seems unlikely for a number of reasons... the costs of a possible war far outweigh the benefits. The war is fraught with significant risks to the economy, political stability and Russian foreign policy.","Ivan Timofeev (Valdai Club) argues that while a full-scale Russian military invasion of Ukraine is theoretically possible and has been outlined by Western commentators, it remains unlikely because the costs far outweigh benefits and create unacceptable risks to Russia's economy, diplomacy, and domestic stability.",True,live,
11,2021-11-25,ria.ru,ru,"Захарова шуткой ответила на репортаж CNN про ""нападение"" России на Украину",https://ria.ru/20211125/zakhrova-1760718206.html,news,official_russian,Maria Zakharova,Russian Ministry of Foreign Affairs,-0.85,0.8,none,unspecified,,0.075,0.856,14,no_invasion,"Во-первых, если вы смотрите CNN, то должны быть в курсе, что мы уже напали не один раз на Украину, и танки бороздят украинские поля. Если смотреть CNN, это происходит уже на протяжении многих лет","First, if you watch CNN, you should be aware that we have already attacked Ukraine more than once, and tanks are plowing Ukrainian fields. If you watch CNN, this has been happening for many years","Russian Foreign Ministry spokesperson Maria Zakharova sarcastically dismisses CNN reports of Russian attack on Ukraine as fake, implying no such attack is planned or occurring.",True,live,
12,2021-11-25,ukrinform.net,en,Ukraine at OSCE: Russian invasion not ruled out,https://ukrinform.net/rubric-defense/3357010-ukraine-at-osce-russian-invasion-not-ruled-out.html,news,official_ukrainian,Ukraine's Mission to the OSCE; Kyrylo Budanov (Main Intelligence Directorate),Ukraine Ministry of Defense; OSCE,0.65,0.7,full_scale,January-February 2022,,0.825,0.031,97,invasion,"Taking into account all the recent actions of the Russian side, combined with its hostile rhetoric towards Ukraine and other countries, which is manifested at all levels, we do not rule out the possibility of the Russian leadership deciding on a military invasion.","Taking into account all the recent actions of the Russian side, combined with its hostile rhetoric towards Ukraine and other countries, which is manifested at all levels, we do not rule out the possibility of the Russian leadership deciding on a military invasion.","Ukraine's OSCE Mission and intelligence chief Budanov assess that Russian military invasion is possible and not ruled out, potentially occurring January-February 2022 from multiple directions, citing 92,000 troops deployed and intensified military exercises.",True,live,
13,2021-11-25,rusi.org,en,russia vs ukraine flaws western grey zone theories,https://rusi.org/explore-our-research/publications/commentary/russia-vs-ukraine-flaws-western-grey-zone-theories,analysis,author,Sam Cranny-Evans,RUSI (Royal United Services Institute),0.65,0.75,full_scale,winter 2021 / unspecified near-term,,0.825,0.031,97,invasion,"For all of the bold words promising 'grave consequences' should Russian troops enter Ukraine, there is little sign that NATO actually possesses the will or the means to rebuff a Russian incursion... Russia may have calculated that the potential benefits of a new campaign in Ukraine likely outweigh the risks, and that the campaign would ultimately prove successful.","For all of the bold words promising 'grave consequences' should Russian troops enter Ukraine, there is little sign that NATO actually possesses the will or the means to rebuff a Russian incursion... Russia may have calculated that the potential benefits of a new campaign in Ukraine likely outweigh the risks, and that the campaign would ultimately prove successful.","Sam Cranny-Evans (RUSI) argues that Russia's conventional military buildup on Ukraine's border suggests Moscow may have calculated invasion benefits outweigh risks, and that NATO lacks credible will or means to stop it, predicting a full-scale conventional operation rather than hybrid tactics.",True,live,
14,2021-11-25,reuters.com,en,Russian aggression against Ukraine should lead to EU sanctions - Merkel,https://reuters.com/world/europe/russian-aggression-against-ukraine-should-lead-eu-sanctions-merkel-2021-11-25,news,official_western,Angela Merkel,German Chancellor,0.3,0.6,unclear,unspecified,,0.65,0.122,88,invasion,Any further aggression against the sovereignty of Ukraine would carry a high price. Defusing the situation should always be the preferred option.,Any further aggression against the sovereignty of Ukraine would carry a high price. Defusing the situation should always be the preferred option.,"German Chancellor Merkel warns that further Russian aggression against Ukraine would trigger EU sanctions, implicitly acknowledging escalation risk while emphasizing preference for de-escalation.",False,wayback,20211125143459
15,2021-11-26,radiosvoboda.org,uk,Данілов про можливе вторгнення Росії в січні: не бачимо загроз,https://radiosvoboda.org/a/news-rnbo-vtorhnennia-rosii/31579927.html,news,official_ukrainian,Oleksiy Danilov,Security and Defence Council of Ukraine (RNBO),-0.7,0.75,full_scale,January 2022,,0.15,0.722,28,no_invasion,"Ми на сьогоднішній день не бачимо тих загроз, про які каже пан Буданов саме на 15 січня.",We do not see today the threats that Mr. Budanov speaks of specifically for January 15.,"Ukrainian RNBO Secretary Danilov says he does not see threats of full-scale Russian invasion in January (contradicting GUR chief Budanov's warning of late January/early February attack), though he acknowledges Putin has not removed Ukraine's destruction from his agenda.",True,live,
16,2021-11-26,rferl.org,en,"Zelenskiy Says Ukraine Ready For Any Escalation With Russia, Claims Coup Plans Uncovered",https://rferl.org/a/ukraine-zelenskiy-russia-escalation/31580464.html,news,official_western,U.S. officials / U.S. intelligence,U.S. State Department / U.S. Intelligence Community,0.65,0.7,full_scale,winter 2021-2022 / unspecified,,0.825,0.031,97,invasion,"Media outlets including The New York Times and Bloomberg have quoted U.S. officials as warning that Russia might attack this winter, with some saying a potential invasion could be ""on a scale far greater"" than in 2014.","Media outlets including The New York Times and Bloomberg have quoted U.S. officials as warning that Russia might attack this winter, with some saying a potential invasion could be ""on a scale far greater"" than in 2014.","U.S. officials warn Russia might attack Ukraine this winter on a scale greater than 2014, while Zelenskiy says Ukraine is ready for escalation; Moscow dismisses invasion talk as groundless.",True,live,
17,2021-11-29,iz.ru,ru,Латвия призвала ЕС и НАТО пресечь «эскалацию напряженности» на границе с Украиной,https://iz.ru/1256548/2021-11-29/latviia-prizvala-es-i-nato-presech-eskalatciiu-napriazhennosti-na-granitce-s-ukrainoi,news,official_russian,Dmitry Peskov,Kremlin,-0.85,0.9,none,unspecified,,0.075,0.856,14,no_invasion,слова о якобы планируемом Россией нападении абсолютно беспочвенны,claims about an allegedly planned Russian attack are absolutely groundless,"Russian Kremlin spokesman Peskov denies invasion plans as 'absolutely groundless,' dismissing Western and Ukrainian media reports of a possible Russian attack as hysteria, while Latvia's PM calls for EU/NATO vigilance against escalation.",True,live,
18,2021-11-29,ukrinform.net,en,"Kuleba believes decision to invade Ukraine ""on table"" in Kremlin",https://ukrinform.net/rubric-polytics/3359425-kuleba-believes-decision-to-invade-ukraine-on-table-in-kremlin.html,news,official_ukrainian,Dmytro Kuleba,Ukrainian Foreign Ministry,0.65,0.7,full_scale,late January-early February 2022,,0.825,0.031,97,invasion,"Russia considers the invasion as one of the alternative options. And although there is no evidence that the decision to go for it has already been made in Moscow, this option is 'on the table,' Kuleba noted.","Russia considers the invasion as one of the alternative options. And although there is no evidence that the decision to go for it has already been made in Moscow, this option is 'on the table,' Kuleba noted.","Ukrainian Foreign Minister Kuleba assesses that Russia has invasion as an active option 'on the table' based on military buildup and diplomatic obstruction, though no final decision is confirmed; Ukrainian intelligence chief Budanov warns of 92,000+ troops preparing for offensive in late January-early February 2022, while another security official downplays imminent threat.",True,live,
19,2021-11-29,unian.ua,uk,Майбутня агресія Кремля проти України дорого обійдеться для РФ - генсек НАТО,https://unian.ua/war/maybutnya-agresiya-kremlya-proti-ukrajini-dorogo-obiydetsya-dlya-rf-gensek-nato-novini-donbasu-11625538.html,news,official_western,Jens Stoltenberg,NATO,0.7,0.75,unclear,unspecified,,0.85,0.023,98,invasion,Будь-яка майбутня російська агресія проти України дорого обійдеться і матиме серйозні політичні і економічні наслідки для Росії.,Any future Russian aggression against Ukraine will be costly and will have serious political and economic consequences for Russia.,"NATO Secretary General Stoltenberg warns that any future Russian aggression against Ukraine will be costly, citing unprecedented military buildup; Ukrainian officials (Budanov, Zelensky, Kuleba) assess invasion as imminent or already decided.",True,live,
20,2021-11-30,ria.ru,ru,"Немцы высмеяли главу МИД Украины, испугавшегося ""российского вторжения""",https://ria.ru/20211130/kuleba-1761376992.html,news,official_russian,Russian Ministry of Foreign Affairs (MID),Russian Government,-0.85,0.9,none,unspecified,,0.075,0.856,14,no_invasion,"Москва не раз опровергала сообщения западных СМИ о стягивании войск к границе с соседним государством. В МИД называли заявления Запада о 'российской агрессии' и возможности помочь Киеву защититься от нее смешными и опасными. Россия неоднократно подчеркивала, что никому не угрожает и ни на кого не собирается нападать.",Moscow has repeatedly denied Western media reports of troop concentration near the border with a neighboring state. The MFA called Western statements about 'Russian aggression' and the possibility of helping Kyiv defend itself from it ridiculous and dangerous. Russia has repeatedly emphasized that it threatens no one and has no intention of attacking anyone.,"Russian official sources deny any plans to invade Ukraine, dismissing Western and Ukrainian warnings of military threat as 'ridiculous' and a pretext for NATO expansion, while the article mocks Ukrainian Foreign Minister Kuleba's concerns about Russian troop concentration.",True,live,
21,2021-11-30,atlanticcouncil.org,en,NATO thwarted a Russian invasion in 1980. Could its playbook work today?,https://atlanticcouncil.org/blogs/new-atlanticist/nato-thwarted-a-russian-invasion-in-1980-could-its-playbook-work-today,analysis,author,Ian Brzezinski,Atlantic Council,0.7,0.75,full_scale,unspecified,,0.85,0.023,98,invasion,"With some one hundred thousand troops, heavy armor, attack aircraft, missiles, and other offensive capabilities parked along Ukraine's northern and eastern borders, Russia has positioned itself for another invasion of its neighbor. As the prospects of another Russian invasion mount, NATO must today match the level of resolve it exercised under the far more challenging contingency it faced in 1980.","With some one hundred thousand troops, heavy armor, attack aircraft, missiles, and other offensive capabilities parked along Ukraine's northern and eastern borders, Russia has positioned itself for another invasion of its neighbor. As the prospects of another Russian invasion mount, NATO must today match the level of resolve it exercised under the far more challenging contingency it faced in 1980.",Ian Brzezinski (Atlantic Council) assesses that Russia has positioned itself for invasion of Ukraine and that invasion prospects are mounting; he argues NATO should adopt Carter's 1980 deterrence playbook but notes current Western resolve appears insufficient.,True,live,
22,2021-12-01,jpost.com,en,"Despite war clouds, a Ukraine-Russia clash is unlikely - analysis",https://jpost.com/international/despite-war-clouds-a-ukraine-russia-clash-is-unlikely-analysis-687533,analysis,author,Jerusalem Post analysis,Jerusalem Post,-0.65,0.7,limited_donbas,unspecified,,0.175,0.681,32,no_invasion,"All of this seems far-fetched. Russia likes to move military units around and call out major drills and exercises to show off its power... However, no one wants a real conflict... Why anyone from Moscow to Washington would want an actual conflict appears far-fetched.","All of this seems far-fetched. Russia likes to move military units around and call out major drills and exercises to show off its power... However, no one wants a real conflict... Why anyone from Moscow to Washington would want an actual conflict appears far-fetched.","Jerusalem Post analysis argues that despite Russian troop concentrations and war rhetoric, a full-scale Russia-Ukraine clash is unlikely because no major actor genuinely wants real conflict; the tensions are characterized as bluster, exercises, and posturing rather than prelude to invasion.",True,wayback,20211201140202
23,2021-12-01,themoscowtimes.com,en,Are Russia and Ukraine Once Again on the Brink of War?,https://themoscowtimes.com/2021/12/01/are-russia-and-ukraine-once-again-on-the-brink-of-war-a75711,analysis,author,Carnegie Moscow Center (published via The Moscow Times),Carnegie Moscow Center,0.55,0.65,full_scale,unspecified,,0.775,0.051,95,invasion,"Russia's military preparations, the publication of the confidential correspondence, and Putin's call for guarantees on its southwestern flank signal that Moscow has recognized the danger of coexisting with such a fortified area and does not want to accept it, but doesn't yet know what to do about it.","Russia's military preparations, the publication of the confidential correspondence, and Putin's call for guarantees on its southwestern flank signal that Moscow has recognized the danger of coexisting with such a fortified area and does not want to accept it, but doesn't yet know what to do about it.","A Carnegie Moscow Center analyst suggests Russia's military buildup and diplomatic moves signal Moscow may be preparing for military action in Ukraine, framing it as a response to perceived Western encroachment and Ukrainian drift away from Russia, though the author presents this as one of two possible interpretations rather than a definitive forecast.",True,live,
24,2021-12-01,dw.com,en,Russia has been warned: So will NATO defend Ukraine? | NRS-Import | DW,https://dw.com/en/russia-has-been-warned-so-will-nato-defend-ukraine/a-59983502,analysis,analyst,Gustav Gressel,European Council on Foreign Relations (ECFR),0.7,0.75,full_scale,unspecified,,0.85,0.023,98,invasion,The Russian military is seriously preparing and planning such an invasion... Whether or not Moscow will go through with it is another question. Gressel believes Russian President Vladimir Putin is so risk-averse that he can be deterred.,The Russian military is seriously preparing and planning such an invasion... Whether or not Moscow will go through with it is another question. Gressel believes Russian President Vladimir Putin is so risk-averse that he can be deterred.,"Multiple analysts, led by Gustav Gressel (ECFR) and Ian Brzezinski (Atlantic Council), assess that Russia is seriously preparing for a full-scale invasion of Ukraine, though Gressel argues Putin is deterrable if NATO provides sufficient military support and credible sanctions threats.",False,live,
25,2021-12-02,mk.ru,ru,Лукашенко договорился с Путиным собрать военных на границе Украины,https://mk.ru/politics/2021/12/02/lukashenko-dogovorilsya-s-putinym-sobrat-voennykh-na-granice-ukrainy.html,news,official_russian,Alexander Lukashenko,Belarus President,-0.3,0.4,unclear,next couple of months,,0.35,0.423,58,no_invasion,"Мы договорились с президентом Путиным, что мы в ближайшее время должны вместе провести учения. Учения планируется провести в два этапа и состоятся они в ближайшие пару месяцев.",We agreed with President Putin that we should conduct joint exercises in the near future. The exercises are planned in two stages and will take place in the next couple of months.,Lukashenko announces planned joint military exercises with Russia on Belarus-Ukraine border in coming months; Ukrainian officials warn of invasion preparations; Kremlin denies military invasion plans; US threatens sanctions.,False,live,
26,2021-12-02,tagesschau.de,de,Russisch-ukrainische Grenze: Was Moskaus Truppenaufmarsch bezweckt,https://tagesschau.de/ausland/europa/russland-truppen-ukraine-101.html,analysis,analyst,Alexander Baunow,Carnegie-Zentrum in Moskau,0.25,0.6,unclear,unspecified,,0.625,0.141,86,invasion,"Auf direktem und militärischem Wege diese Ziele zu erreichen, das ist teuer und schwierig - das weiß auch Putin. Denn für eine Invasion der Ukraine gibt es kaum Unterstützung in der Gesellschaft.",Achieving these goals through direct military means is expensive and difficult—Putin knows this too. Because there is hardly any support in society for an invasion of Ukraine.,"Analyst Baunow suggests a full-scale invasion is unlikely due to domestic opposition and costs, but warns that military escalation risks converting the frozen conflict into active war.",True,live,
27,2021-12-03,unian.ua,uk,Чому Росія не нападе на Україну: експерт з розвідки назвав несподівану причину,https://unian.ua/war/chomu-rosiya-ne-napade-na-ukrajinu-ekspert-z-rozvidki-nazvav-nespodivanu-prichinu-novini-donbasu-11631043.html,news,analyst,Mikhaylo Prytula,military intelligence expert,-0.75,0.7,none,unspecified,,0.125,0.766,23,no_invasion,"Росія не ризикне напасти на Україну через брак власної військової потужності... якщо підуть танки - ми отримаємо 'Джавеліни'... таким чином, Україна отримає невелику перевагу в тому плані, що російський наступ не відбудеться взагалі","Russia will not risk attacking Ukraine due to lack of its own military power... if tanks come - we will receive 'Javelins'... thus, Ukraine will gain a small advantage in that Russian offensive will not happen at all","Military intelligence expert Mikhaylo Prytula argues Russia will not attack Ukraine due to insufficient military capacity and Ukrainian defensive capabilities from US weapons, contradicting Western diplomatic concerns about Russian troop concentrations near the border.",True,live,
28,2021-12-03,iz.ru,ru,В Совфеде заявили о готовности России к возможным военным провокациям Украины,https://iz.ru/1258905/2021-12-03/v-sovfede-zaiavili-o-gotovnosti-rossii-k-vozmozhnym-voennym-provokatciiam-ukrainy,news,official_russian,Konstantin Kosachev,Russian Federation Council (Совфед),-0.85,0.9,none,unspecified,,0.075,0.856,14,no_invasion,"У нас нет никаких планов в части нападения на Украину, как нет и никакой повышенной военной активности у украинских границ. И мы не ведем подготовку к проведению какой-то наступательной операции","We have no plans to attack Ukraine, there is no increased military activity at Ukrainian borders, and we are not preparing any offensive operation","Russian Federation Council Vice-Speaker Kosachev firmly denies any Russian plans to attack Ukraine or prepare offensive operations in Donbas, while claiming Russia is ready for potential Ukrainian provocations backed by the West.",True,live,
29,2021-12-03,aljazeera.com,en,How real is the threat of a Russian invasion of Ukraine?,https://aljazeera.com/news/2021/12/3/how-real-is-the-threat-of-a-russian-invasion-of-ukraine,analysis,analyst,Ihor Romanenko,"Ukraine (retired lieutenant general, former deputy chief of staff)",0.65,0.7,full_scale,as early as January,,0.825,0.031,97,invasion,"As early as January, the Kremlin may unleash a 'brief and victorious' war on Ukraine... The blitzkrieg will not just involve tens of thousands of Russian servicemen currently deployed to the border with Ukraine... It may include an invasion of Russian troops from Moscow-friendly Belarus... and Transdnistria.","As early as January, the Kremlin may unleash a 'brief and victorious' war on Ukraine... The blitzkrieg will not just involve tens of thousands of Russian servicemen currently deployed to the border with Ukraine... It may include an invasion of Russian troops from Moscow-friendly Belarus... and Transdnistria.","Ukrainian military expert Ihor Romanenko assesses that Russia may launch a full-scale blitzkrieg invasion from multiple directions as early as January, though multiple Western and Russian analysts argue Putin is bluffing for geopolitical leverage rather than planning imminent military action.",True,wayback,20211203113744
30,2021-12-03,ecfr.eu,en,Why Russia could invade Ukraine again,https://ecfr.eu/article/why-russia-could-invade-ukraine-again,analysis,author,Mark Leonard (implied ECFR analyst),European Council on Foreign Relations,0.65,0.7,unclear,by end of 2022 / unspecified near-term,,0.825,0.031,97,invasion,"Russia's most likely course of action is to launch a limited offensive from Donbas... As such, the West does not face a stark choice between either abandoning Ukraine or risking total war.","Russia's most likely course of action is to launch a limited offensive from Donbas... As such, the West does not face a stark choice between either abandoning Ukraine or risking total war.","ECFR analyst argues Russia is seriously preparing for military action against Ukraine and will likely launch a limited offensive from Donbas to coerce Kyiv, though full-scale invasion is possible but costly; West has room to influence Moscow's calculus through credible deterrence.",False,live,
31,2021-12-04,politico.eu,en,Putin's choice: Hot war or a deeply frozen conflict – POLITICO,https://politico.eu/article/ukraine-russia-donbas-region-nato-vladimir-putin-war-frozen-conflict,analysis,author,Politico staff/analysis,Politico,0.35,0.6,unclear,unspecified,,0.675,0.106,89,invasion,"Top United States officials say they are worried Russia is aiming to heat things up in Ukraine, with troops positioned along the border for a potentially imminent invasion. However, Russian President Vladimir Putin may have precisely the opposite in mind: deepening the freeze of the conflict.","Top United States officials say they are worried Russia is aiming to heat things up in Ukraine, with troops positioned along the border for a potentially imminent invasion. However, Russian President Vladimir Putin may have precisely the opposite in mind: deepening the freeze of the conflict.","Politico analysis presents competing U.S. and Russian assessments: U.S. officials warn of imminent Russian invasion risk, while the author suggests Putin may instead aim to deepen the frozen conflict in Donbas rather than escalate to full war.",True,live,
32,2021-12-06,russiancouncil.ru,ru,Хотят ли русские войны?,https://russiancouncil.ru/analytics-and-comments/analytics/khotyat-li-russkie-voyny,analysis,author,"Dmitry Suslov (implied, Russian Council on International Affairs)",Russian Council on International Affairs (Russiancouncil.ru),-0.75,0.7,none,unspecified,,0.125,0.766,23,no_invasion,"Все это вместе подводит меня к мысли о том, что крупная война с Украиной совершенно не вписывается в планы Москвы... Если бы Владимир Путин действительно готовил масштабную военную операцию на территории Украины, то об этой подготовке все мы, скорее всего, ничего бы не знали до самого последнего момента.","All this together leads me to the conclusion that a large-scale war with Ukraine does not fit into Moscow's plans at all... If Vladimir Putin were truly preparing a large-scale military operation on Ukrainian territory, we would most likely know nothing about this preparation until the very last moment.","A Russian Council analyst argues that Russia's visible military deployments and rhetoric are political signaling, not preparation for invasion; a large-scale war does not fit Moscow's plans and would be conducted secretly if intended, unlike the current public posturing.",False,live,
33,2021-12-06,unian.net,ru,"Эксперт объяснил, почему Путин сейчас не может напасть на Украину и назвал другой сценарий",https://unian.net/war/ekspert-obyasnil-pochemu-putin-seychas-ne-mozhet-napast-na-ukrainu-i-nazval-drugoy-scenariy-novosti-donbassa-11632270.html,news,analyst,Aleksandr Musienko,Ukrainian military expert,-0.7,0.75,limited_donbas,unspecified,,0.15,0.722,28,no_invasion,"Чтобы иметь такое количество ударной группировки... нужно снять с центрального военного округа и западного военного округа. Это значит, обнажить тылы для Китая... Пока такого нет",To have such a strike force... one would need to withdraw from the Central and Western military districts. This means exposing the rear to China... This is not happening now.,"Ukrainian military expert Musienko argues Russia currently lacks the military capacity (400k troops) for full-scale invasion without exposing itself to China, making limited Donbas escalation more probable than full occupation.",False,live,
34,2021-12-06,ukrinform.ua,uk,Кремлівський ультиматум: поганий жарт чи черговий шантаж,https://ukrinform.ua/rubric-world/3364018-kremlivskij-ultimatum-poganij-zart-ci-cergovij-santaz.html,opinion,author,Taras Popovych,Ukrinform,0.35,0.6,unclear,unspecified,,0.675,0.106,89,invasion,"Москва ж хоче максимально натиснути на Захід, користуючись загостренням ситуації та водночас не демонструючи жодного жесту доброї волі, який міг бути розцінений як крок до миру. Навпаки – уже вдруге цього року Кремль збирає біля українських кордонів величезні скупчення військовослужбовців і техніки.","Moscow wants to maximize pressure on the West, exploiting the escalation while demonstrating no gesture of goodwill that could be seen as a step toward peace. On the contrary—for the second time this year, the Kremlin is gathering huge concentrations of military personnel and equipment near Ukraine's borders.","Ukrainian opinion author Taras Popovych suggests Russia is using military buildup and ultimatums as leverage for negotiations rather than imminent invasion, while Western officials reject Russian demands and warn of consequences for aggression.",True,live,
35,2021-12-06,lb.ua,uk,"Загрозою нападу на Україну Росія перевіряє реакцію Заходу, - МЗС Польщі",https://lb.ua/society/2021/12/06/500256_zagrozoyu_napadu_ukrainu_rosiya.html,news,official_western,"Marcin Przydacz, Deputy Minister of Foreign Affairs of Poland",Polish Ministry of Foreign Affairs,0.65,0.7,full_scale,early 2022 / late January,,0.825,0.031,97,invasion,"Я вважаю, що головний план Росії - досягти поставленої мети без залучення військової сили. Зрештою, РФ готова до таких заходів, якщо побачить слабкість Заходу.","I believe Russia's main plan is to achieve its goal without using military force. Ultimately, Russia is ready for such measures if it sees Western weakness.","Polish Deputy Foreign Minister Przydacz assesses that Russia is testing Western reaction and is prepared to invade if it perceives weakness, though prefers achieving goals without military force; multiple sources cite US intelligence warnings of a full-scale invasion plan with 175,000 troops in early 2022.",True,live,
36,2021-12-06,foreignaffairs.com,en,Diplomacy—and Strategic Ambiguity—Can Avert a Crisis in Ukraine,https://foreignaffairs.com/articles/russian-federation/2021-12-06/diplomacy-and-strategic-ambiguity-can-avert-crisis-ukraine,analysis,author,Kimberly Marten (implied from Foreign Affairs byline structure),Foreign Affairs,0.35,0.6,full_scale,within next few months / imminent,,0.675,0.106,89,invasion,"The buildup of an estimated 90,000 troops along the Russian-Ukrainian border has led to fears of a coming Russian military assault on Ukraine, which could be imminent or take place within the next few months... Nevertheless, it is difficult to see what Russia would tangibly gain from a renewed military assault.","The buildup of an estimated 90,000 troops along the Russian-Ukrainian border has led to fears of a coming Russian military assault on Ukraine, which could be imminent or take place within the next few months... Nevertheless, it is difficult to see what Russia would tangibly gain from a renewed military assault.","The author acknowledges Biden administration warnings and widespread fears that Russia's 90,000-troop buildup signals an imminent invasion, but argues it is strategically irrational for Russia and may instead be a bluff for negotiating leverage; recommends U.S. strategic ambiguity and diplomacy to avert conflict.",True,wayback,20211206125613
37,2021-12-06,npr.org,en,"Russia is gathering more than 94,000 troops near Ukraine as fears of an invasion rise",https://npr.org/2021/12/06/1061896263/russia-is-gathering-more-than-94-000-troops-near-ukraine-as-fears-of-an-invasion,news,mixed,Hanna Shelest (Ukrainian Prism); U.S. intelligence; Ukrainian officials,Ukrainian Prism (NGO think tank); U.S. intelligence; Ukrainian government,0.65,0.7,unclear,January 2022 (expected escalation); unspecified for full invasion,,0.825,0.031,97,invasion,"Russia is amassing more than 94,000 troops at the Ukrainian border in what officials in Ukraine call a 'large-scale escalation' from Russia that is expected to take place in January. U.S. intelligence warns this could be preparation for a Russian attack on Ukraine.","Russia is amassing more than 94,000 troops at the Ukrainian border in what officials in Ukraine call a 'large-scale escalation' from Russia that is expected to take place in January. U.S. intelligence warns this could be preparation for a Russian attack on Ukraine.","U.S. intelligence and Ukrainian officials warn that 94,000+ Russian troops massing at the border could signal preparation for attack, expected in January; Ukrainian analyst notes this is a familiar Russian tactic of raising stakes before negotiations, though the concentration is significant.",True,live,
38,2021-12-07,ecfr.eu,en,Biden meets Putin: What lies behind Russia's military build-up – European Council on Foreign Relations,https://ecfr.eu/article/biden-meets-putin-what-lies-behind-russias-military-build-up,analysis,author,ECFR analyst (unnamed),European Council on Foreign Relations,-0.65,0.75,full_scale,unspecified (but 'not immediate'),,0.175,0.681,32,no_invasion,"The troops that Russia is assembling along Ukraine's border would be more than able to embark on a full-scale invasion. But is this really Moscow's intent? There are several reasons to suggest it is not the immediate plan – but none of these mean we should take the issue lightly, as Russia remains deadly serious about its political ends.","The troops that Russia is assembling along Ukraine's border would be more than able to embark on a full-scale invasion. But is this really Moscow's intent? There are several reasons to suggest it is not the immediate plan – but none of these mean we should take the issue lightly, as Russia remains deadly serious about its political ends.","ECFR analyst argues that while Russia has military capability for full-scale invasion, current mobilization is likely 'heavy-metal diplomacy' for geopolitical leverage rather than imminent war, though unaddressed political demands could escalate to actual conflict.",True,live,
39,2021-12-07,tass.ru,ru,Эксперт: диалог Путина и Байдена является шагом к деэскалации ситуации вокруг Украины,https://tass.ru/obschestvo/13140035,news,analyst,Petr Dutkevich,"Carleton University, Valdai Club",-0.3,0.4,none,unspecified,,0.35,0.423,58,no_invasion,"Со стратегической точки зрения диалог Путина и Байдена не решит кризиса [между Москвой и Вашингтоном из-за Украины], но с тактической точки зрения это важный шаг к деэскалации","From a strategic perspective, the Putin-Biden dialogue will not resolve the crisis [between Moscow and Washington over Ukraine], but from a tactical perspective it is an important step toward de-escalation","Analyst Petr Dutkevich characterizes the Putin-Biden talks as a tactical step toward de-escalation of Ukraine tensions, suggesting the crisis may be managed through dialogue rather than military action, though he does not explicitly assess invasion likelihood.",True,wayback,20211207230915
40,2021-12-07,politico.eu,en,What's Putin really up to with Ukraine? – POLITICO,https://politico.eu/article/vladimir-putin-russia-ukraine-troops-border,analysis,analyst,Adeline van Houtte,Economist Intelligence Unit,0.0,0.3,unclear,unspecified,,0.5,0.25,75,uncertain,"Is Russia truly about to invade Ukraine? Or so we are told by the United States and other NATO countries, which have been warning that Russia could be about to stage a repeat of its 2014 invasion and annexation of Crimea — only this time in eastern Ukraine.","Is Russia truly about to invade Ukraine? Or so we are told by the United States and other NATO countries, which have been warning that Russia could be about to stage a repeat of its 2014 invasion and annexation of Crimea — only this time in eastern Ukraine.","Analyst Adeline van Houtte questions whether Russia will truly invade Ukraine, framing Western warnings skeptically while acknowledging troop movements and NATO concerns about a potential repeat of 2014.",False,live,
41,2021-12-07,rferl.org,en,"NATO Should Put Troops In Ukraine On Rotational Basis To Deter Russia, Bolton Says",https://rferl.org/a/bolton-ukraine-russia-transdniester/31596644.html,interview,analyst,John Bolton,Former U.S. National Security Adviser,0.75,0.8,full_scale,imminent,,0.875,0.016,98,invasion,We need … to make sure the costs are so high that [Russian President Vladimir] Putin and his advisers will find it unacceptable. I think that's the way to deter the military action that seems so imminent.,We need … to make sure the costs are so high that [Russian President Vladimir] Putin and his advisers will find it unacceptable. I think that's the way to deter the military action that seems so imminent.,John Bolton assesses Russian military action against Ukraine as imminent and recommends NATO troop rotations and lethal weapons to deter Putin; a U.S. official notes troop movements are consistent with planned escalation but unclear if invasion ordered.,True,live,
42,2021-12-07,thehill.com,en,The US can't deter a Russian invasion of Ukraine — and shouldn't even try,https://thehill.com/opinion/international/584619-why-the-us-shouldnt-try-to-deter-a-russian-invasion-of-ukraine,opinion,author,Andrew Latham,"Macalester College, Defense Priorities",0.7,0.85,full_scale,unspecified,,0.85,0.023,98,invasion,"Having acted once before, there is no reason to believe that Moscow would not take military action again if it felt that the situation on that frontier were deteriorating once again. For Russia, the stakes are existential — Ukraine must be kept from becoming part of the West or Russia's very existence will be threatened.","Having acted once before, there is no reason to believe that Moscow would not take military action again if it felt that the situation on that frontier were deteriorating once again. For Russia, the stakes are existential — Ukraine must be kept from becoming part of the West or Russia's very existence will be threatened.","Andrew Latham argues that Russia will likely take military action against Ukraine again because Moscow views Ukraine's Western orientation as an existential threat, and the U.S. cannot credibly deter such action.",True,wayback,20211207153700
43,2021-12-08,ukrinform.ua,uk,Переговори Байден-Путін: після них – тільки божевільний може полізти з війною в Україну,https://ukrinform.ua/rubric-polytics/3364832-peregovori-bajdenputin-pisla-nih-tilki-bozevilnij-moze-polizti-z-vijnou-v-ukrainu.html,analysis,analyst,Vadym Triukhan,"political expert, diplomat",-0.7,0.75,none,unspecified,,0.15,0.722,28,no_invasion,"За його словами, очільнику Кремля треба бути самогубцею, щоб після таких попереджень ринутися в напад. «Навряд чи у Путіна вистачить сміливості на таку авантюру»","According to him, the head of the Kremlin would have to be suicidal to rush into an attack after such warnings. 'Putin is unlikely to have the courage for such an adventure'",Political expert Vadym Triukhan argues that Putin would need to be suicidal to invade Ukraine after Biden's warnings and demonstrated US readiness; other analysts express caution about Russia maintaining military presence and potential for localized operations.,True,live,
44,2021-12-08,tass.com,en,Putin-Biden talks may provide basis for compromise over Ukraine — US expert,https://tass.com/world/1372853,news,analyst,Kimberly Marten,"Barnard College, Columbia University",0.0,0.3,unclear,unspecified,,0.5,0.25,75,uncertain,I don't think it's possible to know yet whether de-escalation will occur. President Putin enjoys being unpredictable... could there be a compromise?,I don't think it's possible to know yet whether de-escalation will occur. President Putin enjoys being unpredictable... could there be a compromise?,"Analyst Kimberly Marten expresses genuine uncertainty about whether Russia will invade Ukraine, noting Putin's unpredictability while speculating on possible compromises; Russian spokesman Peskov denies invasion plans.",False,live,
45,2021-12-08,thebulletin.org,en,Biden threatened harsh sanctions should Russia invade Ukraine. Putin may not be deterred.,https://thebulletin.org/2021/12/biden-threatened-harsh-sanctions-should-russia-invade-ukraine-putin-may-not-be-deterred,opinion,author,David Cortright,The Bulletin of the Atomic Scientists,0.3,0.6,full_scale,unspecified,,0.65,0.122,88,invasion,Biden's threat of new sanctions on Russia is unlikely to have much of an impact on Putin's behavior unless European states support and participate in the decision.,Biden's threat of new sanctions on Russia is unlikely to have much of an impact on Putin's behavior unless European states support and participate in the decision.,"David Cortright argues that while Biden threatens sanctions if Russia invades Ukraine, such measures are unlikely to deter Putin without multilateral European support, implying invasion remains a credible threat but sanctions alone won't prevent it.",True,wayback,20211208145118
46,2021-12-08,theconversation.com,en,Why Biden's threat to slap Russia with more sanctions is unlikely to deter Putin in Ukraine,https://theconversation.com/why-bidens-threat-to-slap-russia-with-more-sanctions-is-unlikely-to-deter-putin-in-ukraine-173327,analysis,author,Kimberly Ann Elliott,Center for Global Development (implied from sanctions expertise),0.65,0.7,full_scale,unspecified,,0.825,0.031,97,invasion,U.S. intelligence officials say Russia has been preparing for a potential invasion by amassing tens of thousands of troops along the border and engaging in other aggressive tactics.,U.S. intelligence officials say Russia has been preparing for a potential invasion by amassing tens of thousands of troops along the border and engaging in other aggressive tactics.,"Author Elliott argues that while U.S. intelligence assesses Russia is preparing for invasion, Biden's threatened unilateral sanctions are unlikely to deter Putin without European multilateral support and diplomatic incentives.",True,live,
47,2021-12-08,rand.org,en,expect shock and awe if russia invades ukraine,https://rand.org/blog/2021/12/expect-shock-and-awe-if-russia-invades-ukraine.html,analysis,author,William Courtney and Peter Wilson,RAND Corporation,0.65,0.7,full_scale,unspecified,,0.825,0.031,97,invasion,"If Russia were to invade Ukraine, it would likely employ massive cyber and electronic warfare tools and long-range PGMs. The aim would be to create 'shock and awe,' causing Ukraine's defenses or will to fight to collapse.","If Russia were to invade Ukraine, it would likely employ massive cyber and electronic warfare tools and long-range PGMs. The aim would be to create 'shock and awe,' causing Ukraine's defenses or will to fight to collapse.","RAND analysts assess that Russia may be planning a full-scale invasion of Ukraine using shock-and-awe tactics, and analyze likely Ukrainian resistance and Western responses, treating invasion as a plausible contingency.",True,live,
48,2021-12-12,understandingwar.org,en,Putin's Likely Courses of Action in Ukraine - Part 2 | Institute for the Study of War,https://understandingwar.org/report/putins-likely-courses-action-ukraine-part-2,analysis,author,"Frederick W. Kagan, Nataliya Bugayova, George Barros, Kateryna Stepanenko, and Mason Clark",Institute for the Study of War,-0.7,0.85,limited_donbas,this winter (2021-2022),,0.15,0.722,28,no_invasion,"We continue to assess for all these reasons that Putin does not, in fact, intend to invade unoccupied Ukraine this winter despite the continued build-up of Russian forces in preparation to do so.","We continue to assess for all these reasons that Putin does not, in fact, intend to invade unoccupied Ukraine this winter despite the continued build-up of Russian forces in preparation to do so.","ISW analysts (Kagan et al.) assess Putin is very unlikely to launch a full-scale invasion of unoccupied Ukraine this winter, but likely to deploy forces to Belarus and possibly conduct limited operations in Donbas or a land-bridge operation to Crimea.",True,live,
49,2021-12-13,unian.ua,uk,Путін злякався озброєнь НАТО в Україні та закликав терміново почати переговори,https://unian.ua/world/putin-zlyakavsya-ozbroyen-nato-v-ukrajini-ta-zaklikav-terminovo-pochati-peregovori-novini-svitu-11641102.html,news,official_russian,Vladimir Putin,Kremlin,0.3,0.4,unclear,unspecified,,0.65,0.122,88,invasion,"Путін дорікнув країнам НАТО ""активним військовим ""освоєнням"" території України, що створює пряму загрозу безпеці Росії"". При цьому він заявив про необхідність терміново почати переговори, щоб виключити ""подальше просування НАТО на схід"".","Putin reproached NATO countries for 'active military development' of Ukrainian territory, which creates a direct threat to Russian security. He stated the need to urgently begin negotiations to exclude 'further NATO expansion eastward'.","Putin expresses concern about NATO military presence in Ukraine and demands urgent negotiations, while Johnson urges de-escalation; the article does not directly assess invasion likelihood but frames Putin's demands as reactive to NATO threats.",True,live,
50,2021-12-13,kyivpost.com,en,"Ukrainian World Congress President Fears ""Full Invasion of Ukraine"" - KyivPost",https://kyivpost.com/ukraine-politics/ukrainian-world-congress-president-fears-full-invasion-of-ukraine.html,news,official_ukrainian,Paul Grod,Ukrainian World Congress,0.75,0.7,full_scale,unspecified,,0.875,0.016,98,invasion,"With as many as 175,000 Russian troops reportedly approaching Ukraine's borders, the head of the Ukrainian World Congress (UWC) fears that Russian President Vladimir Putin has ""created the environment for a full invasion of Ukraine.""","With as many as 175,000 Russian troops reportedly approaching Ukraine's borders, the head of the Ukrainian World Congress (UWC) fears that Russian President Vladimir Putin has ""created the environment for a full invasion of Ukraine.""","Paul Grod, Ukrainian World Congress president, fears Putin has created conditions for a full-scale invasion of Ukraine, citing 175,000 troops at borders and Putin's imperial ambitions; Canadian military leadership urges caution on escalation.",True,live,
51,2021-12-13,atlanticcouncil.org,en,Memo to the international media: Putin has already invaded Ukraine,https://atlanticcouncil.org/blogs/ukrainealert/memo-to-the-international-media-putin-has-already-invaded-ukraine,opinion,author,Peter Dickinson,Atlantic Council,0.85,0.9,full_scale,imminent / weeks,,0.925,0.006,99,invasion,"What Putin is currently threatening is not the invasion of Ukraine, but rather the escalation of an invasion that has been underway since February 2014... With the prospect of a major European war now looming over the continent, this needs to change.","What Putin is currently threatening is not the invasion of Ukraine, but rather the escalation of an invasion that has been underway since February 2014... With the prospect of a major European war now looming over the continent, this needs to change.","Peter Dickinson (Atlantic Council) argues that Putin has already invaded Ukraine (Crimea 2014, Donbas ongoing) and is now threatening escalation to full-scale war, with a major European conflict looming in coming weeks; he criticizes international media for treating this as a hypothetical future invasion rather than an ongoing aggression.",True,live,
52,2021-12-13,bbc.co.uk,en,Boris Johnson warns Vladimir Putin of deep concern over Ukraine,https://bbc.co.uk/news/uk-politics-59641959,news,official_western,Boris Johnson,UK Prime Minister / Downing Street,0.55,0.6,full_scale,end of January 2022,,0.775,0.051,95,invasion,Western powers are desperate to deter Vladimir Putin from invading Ukraine. They do not know if that is his intention. But they believe he has enough military forces massed to the north and east of Ukraine to invade if he wants to.,Western powers are desperate to deter Vladimir Putin from invading Ukraine. They do not know if that is his intention. But they believe he has enough military forces massed to the north and east of Ukraine to invade if he wants to.,Boris Johnson warns Putin of consequences for destabilising action; Western officials believe Russia has military capacity to invade but are uncertain of Putin's actual intentions; Ukrainian authorities suggest offensive possible by end of January.,True,live,
53,2021-12-14,jamestown.org,en,The Russian Military Buildup Around Ukraine: Bluff Versus Intention,https://jamestown.org/program/the-russian-military-buildup-around-ukraine-bluff-versus-intention,analysis,author,Jamestown Foundation analyst (unnamed),Jamestown Foundation,-0.65,0.7,limited_donbas,unspecified,,0.175,0.681,32,no_invasion,"Thus, the current Russian military buildup around Ukraine is more likely to be a bluff and example of further psychological pressure on Ukraine and NATO rather than a genuine intention to invade.","Thus, the current Russian military buildup around Ukraine is more likely to be a bluff and example of further psychological pressure on Ukraine and NATO rather than a genuine intention to invade.","Jamestown Foundation analyst argues the Russian military buildup is more likely a bluff for psychological pressure rather than genuine invasion intent, citing Ukrainian military assessments that current force levels are insufficient for full-scale invasion and lack of offensive preparation indicators.",True,wayback,20211214000707
54,2021-12-14,themoscowtimes.com,en,2 in 5 Russians Believe War With Ukraine Likely – Poll,https://themoscowtimes.com/2021/12/14/2-in-5-russians-believe-war-with-ukraine-likely-poll-a75816,poll,poll,Levada Center,Levada Center (independent Russian polling organization),0.39,0.95,unclear,unspecified,0.39,0.39,0.372,63,no_invasion,"According to the Levada Center, 39% of Russian respondents believe that war with Ukraine is either highly likely or unavoidable. Another 38% said that Russian-Ukrainian war is unlikely.","According to the Levada Center, 39% of Russian respondents believe that war with Ukraine is either highly likely or unavoidable. Another 38% said that Russian-Ukrainian war is unlikely.","Levada Center poll finds 39% of Russians believe war with Ukraine is likely or unavoidable, while 38% consider it unlikely and 15% rule it out; respondents split on blame between US/NATO and Ukraine.",True,live,
55,2021-12-14,iz.ru,ru,Французы заподозрили США в подготовке украинского вторжения в Донбассе,https://iz.ru/1264265/2021-12-14/frantcuzy-zapodozrili-ssha-v-podgotovke-ukrainskogo-vtorzheniia-v-donbasse,news,mixed,French internet commenters; Dmitry Peskov,Le Figaro readers; Kremlin,-0.7,0.6,limited_donbas,unspecified,,0.15,0.722,28,no_invasion,"По мнению пользователя mitsu hirato, США продумывают вторжение Украины в Донбасс, а РФ готовится им противостоять.","According to user mitsu hirato, the USA is planning Ukraine's invasion of Donbas, and Russia is preparing to counter it.","French internet commenters and Kremlin spokesman Peskov suggest the West is fabricating hysteria about Russian invasion plans; some commenters speculate the US is instead orchestrating a Ukrainian incursion into Donbas, which Russia would counter.",True,live,
56,2021-12-14,fpri.org,en,tensions between russia and ukraine how likely is another war,https://fpri.org/article/2021/12/tensions-between-russia-and-ukraine-how-likely-is-another-war,analysis,author,FPRI (Foreign Policy Research Institute),FPRI,0.65,0.7,unclear,spring 2022 or summer 2022,,0.825,0.031,97,invasion,"With no direct talks in sight, Ukraine is bracing itself for an escalation in the next few months. Though media reports have said that Russia could launch an attack in late January or early February, the ongoing buildup is highly visible and therefore lacks the 'element of surprise.' As such, Russia may opt to leave its forces in place for months, in the hopes that Ukraine can only remain on high alert for so long and launch another invasion on short notice in the spring or summer of next year.","With no direct talks in sight, Ukraine is bracing itself for an escalation in the next few months. Though media reports have said that Russia could launch an attack in late January or early February, the ongoing buildup is highly visible and therefore lacks the 'element of surprise.' As such, Russia may opt to leave its forces in place for months, in the hopes that Ukraine can only remain on high alert for so long and launch another invasion on short notice in the spring or summer of next year.","FPRI analysis assesses that Russia's military buildup and unfulfilled objectives make escalation likely in spring/summer 2022, though the scope (limited vs. full-scale) remains uncertain; Russia may pursue limited operations or a major conventional offensive depending on cost-benefit calculations.",True,wayback,20211214163749
57,2021-12-14,rusi.org,en,how russias black sea fleet could change equation ukraine,https://rusi.org/explore-our-research/publications/commentary/how-russias-black-sea-fleet-could-change-equation-ukraine,analysis,author,Dr Sidharth Kaushal and Sam Cranny-Evans,RUSI (Royal United Services Institute),0.65,0.7,full_scale,unspecified,,0.825,0.031,97,invasion,"In a worst-case scenario, the Russian build-up on the ground may be a feint for a highly consequential amphibious assault. Even if this is not the case, the fleet will likely play an important role in any Russian strike campaign against targets across the breadth of Ukraine.","In a worst-case scenario, the Russian build-up on the ground may be a feint for a highly consequential amphibious assault. Even if this is not the case, the fleet will likely play an important role in any Russian strike campaign against targets across the breadth of Ukraine.","RUSI analysts assess that Russia's Black Sea Fleet capabilities suggest potential for significant military escalation in Ukraine, including possible amphibious assault on Odessa or precision strikes across the country, though framed as contingent scenarios requiring specific preconditions.",True,live,
58,2021-12-15,politico.eu,en,Draghi plays down risk of Putin invading Ukraine,https://politico.eu/article/italy-draghi-argue-putin-seek-diplomacy-stand-off-ukraine,news,official_western,Mario Draghi,Italian Government,-0.65,0.7,none,unspecified,,0.175,0.681,32,no_invasion,"Draghi, however, argued Russian President Vladimir Putin's conduct did not indicate someone preparing 'for action.' Instead, he said, Putin appears to want to negotiate.","Draghi, however, argued Russian President Vladimir Putin's conduct did not indicate someone preparing 'for action.' Instead, he said, Putin appears to want to negotiate.","Italian PM Draghi downplays invasion risk, arguing Putin's behavior suggests diplomatic intent rather than military preparation, contrasting with U.S. and allied warnings of Russian troop buildup.",True,live,
59,2021-12-15,tass.ru,ru,"Греф назвал слухи о возможном ""вторжении"" России на Украину большой пиар-войной",https://tass.ru/politika/13209773,news,official_russian,German Gref,Sberbank,-0.85,0.9,none,unspecified,,0.075,0.856,14,no_invasion,"Серьезность российского вторжения в Украину видно только из Соединенных Штатов Америки. Из России она не видна, не чувствуется, и мы все это не рассматриваем как серьезный риск. Я бы сказал, мы видим это как большую пиар-войну.","The seriousness of a Russian invasion of Ukraine is only visible from the United States. From Russia it is not visible, not felt, and we do not consider it a serious risk. I would say we see this as a major PR war.","German Gref, head of Sberbank, dismisses invasion rumors as a US PR campaign, stating Russia sees no serious risk and feels no tension regarding Ukraine.",True,wayback,20211215155253
60,2021-12-15,rusi.org,en,sanctioning russian aggression west must accept economic self harm,https://rusi.org/explore-our-research/publications/commentary/sanctioning-russian-aggression-west-must-accept-economic-self-harm,analysis,author,Tom Keatinge,"RUSI (Royal United Services Institute), Centre for Finance and Security",0.65,0.7,full_scale,unspecified,,0.825,0.031,97,invasion,"As Russian military assets mass on the border with Ukraine and tensions rise between the Kremlin and Western allies, 'economic measures' are emerging as one of the West's biggest threats aimed at deterring military advances and inflicting 'severe consequences' on the Russian economy.","As Russian military assets mass on the border with Ukraine and tensions rise between the Kremlin and Western allies, 'economic measures' are emerging as one of the West's biggest threats aimed at deterring military advances and inflicting 'severe consequences' on the Russian economy.","Tom Keatinge (RUSI) argues that Western threats of severe sanctions presume Russian military aggression against Ukraine is likely, and warns the West must prepare for significant economic self-harm if sanctions are to be credible deterrents.",True,live,
61,2021-12-15,dw.com,en,"SWIFT, оточення Путіна й олігархи: чи зупинять нові санкції вторгнення Росії в Україну? (відео) | Новини й аналітика зі світу політики: оцінки, прогнози, коментарі з Німеччини та Європи | DW",https://dw.com/uk/swift-otochennia-putina-y-oliharkhy-chy-zupyniat-novi-sanktsii-vtorhnennia-rosii-v-ukrainu/a-60121141,news,official_western,USA and European Union,"US State Department, European Union",0.6,0.5,full_scale,unspecified,,0.8,0.04,96,invasion,"Нові жорсткі санкції проти Росії, якщо Кремль наважиться на військове вторгнення в Україну. Таку можливість нині активно обговорюють США і Євросоюз.",New strict sanctions against Russia if the Kremlin dares to undertake a military invasion of Ukraine. This possibility is now actively discussed by the USA and the European Union.,"The US and EU are actively discussing potential severe sanctions (including SWIFT disconnection) against Russia if the Kremlin proceeds with military invasion of Ukraine, framing invasion as a conditional possibility rather than certainty.",True,live,
62,2021-12-17,rand.org,en,deterring putin in eastern europe,https://rand.org/blog/2021/12/deterring-putin-in-eastern-europe.html,analysis,analyst,"Terrence Kelly, Timothy M. Bonds, Michael Johnson",RAND Corporation,0.7,0.75,full_scale,unspecified,,0.85,0.023,98,invasion,"Russian President Putin may believe the time is right to invade Ukraine if NATO refuses to meet his demands. Massing 170,000 troops on Ukraine's border is excessive for a diplomatic signal and represents an offensive threat.","Russian President Putin may believe the time is right to invade Ukraine if NATO refuses to meet his demands. Massing 170,000 troops on Ukraine's border is excessive for a diplomatic signal and represents an offensive threat.","RAND analysts assess that Putin may believe conditions are favorable for invading Ukraine if NATO refuses his demands, citing troop massing as an offensive threat, and recommend NATO deterrence measures to prevent such action.",False,live,
63,2021-12-18,rbc.ru,ru,Почти половина американцев выступили против войны с Россией из-за Украины,https://rbc.ru/rbcfreenews/61bd842b9a7947c595ec090d,poll,poll,YouGov,YouGov (Charles Koch Institute),0,1,unclear,unspecified,,0.5,0.25,75,uncertain,В случае повторного вторжения России на Украину поддержите ли вы вовлечение США в военный конфликт ради защиты территориальной целостности Украины?,"In the event of Russia's renewed invasion of Ukraine, would you support US involvement in military conflict to protect Ukraine's territorial integrity?","A YouGov poll finds 48% of American adults oppose US military involvement if Russia invades Ukraine, while 27% support it and 24% are undecided; the poll presupposes a Russian invasion as a conditional scenario.",True,wayback,20211218122935
64,2021-12-20,thehill.com,en,Why China won't invade Taiwan and Russia won't attack Ukraine,https://thehill.com/opinion/national-security/586492-why-china-wont-invade-taiwan-and-russia-wont-attack-ukraine,opinion,author,Harlan Ullman,Atlantic Council,-0.9,0.85,none,foreseeable future,,0.05,0.902,10,no_invasion,"Barring a catastrophic blunder, Russia will not attack Ukraine. For the foreseeable future, China lacks the military capability to mount an amphibious operation to seize and occupy Taiwan.","Barring a catastrophic blunder, Russia will not attack Ukraine. For the foreseeable future, China lacks the military capability to mount an amphibious operation to seize and occupy Taiwan.","Harlan Ullman (Atlantic Council) argues confidently that Russia will not invade Ukraine and China cannot invade Taiwan, characterizing intelligence warnings of a Russian assault as exaggeration; he predicts de-escalation and a Putin ""victory"" declaration instead.",True,wayback,20211220125840
65,2021-12-20,rusi.org,en,uk russian conversation arms control strategic stability and ukraine,https://rusi.org/explore-our-research/publications/commentary/uk-russian-conversation-arms-control-strategic-stability-and-ukraine,analysis,mixed,Malcolm Chalmers (RUSI) and Andrei Kortunov (RIAC),RUSI; Russian International Affairs Council,0.15,0.6,unclear,unspecified,,0.575,0.181,82,uncertain,"Putin's statements on Ukraine suggest that he simply does not view it as a legitimate independent state. Worryingly, he may also be signalling that time is running out for those, like himself, who want to bring a large part of Ukraine back into the Russian fold.","Putin's statements on Ukraine suggest that he simply does not view it as a legitimate independent state. Worryingly, he may also be signalling that time is running out for those, like himself, who want to bring a large part of Ukraine back into the Russian fold.","UK and Russian experts debate whether war is avoidable; Chalmers warns Putin may see time running out to reclaim Ukraine, while Kortunov argues Russian society opposes large-scale war and confidence-building measures could prevent escalation.",True,live,
66,2021-12-20,lenta.ru,ru,Зеленский призвал к превентивным санкциям против России,https://lenta.ru/news/2021/12/20/ze_sanctions,news,official_ukrainian,Volodymyr Zelenskyy,President of Ukraine,0.65,0.7,unclear,unspecified,,0.825,0.031,97,invasion,"Поэтому, считаю, наоборот, должны быть мощные превентивные меры, серьезные санкции, чтобы даже не было ни одной мысли об эскалации в любой регион","Therefore, I believe, on the contrary, there should be powerful preventive measures, serious sanctions, so that there is not even a thought of escalation in any region","Ukrainian President Zelenskyy calls for preemptive sanctions against Russia, implying he sees escalation risk and does not expect Russia to back down, while the Kremlin denies invasion intentions.",True,live,
67,2021-12-20,themoscowtimes.com,en,"Russia Demands 'Urgent' U.S. Talks, Warning of 'Military Response' to NATO Activity",https://themoscowtimes.com/2021/12/20/russia-demands-urgent-us-talks-warning-of-military-response-a75880,news,official_russian,Sergei Ryabkov and Konstantin Gavrilov,Russian Foreign Ministry and Russian delegation on military security,0.65,0.6,unclear,unspecified,,0.825,0.031,97,invasion,Otherwise the alternative is a military-technical and military response from Russia. We need [answers] urgently since the situation is very serious and may get more complicated.,Otherwise the alternative is a military-technical and military response from Russia. We need [answers] urgently since the situation is very serious and may get more complicated.,"Russian officials (Ryabkov, Gavrilov) warn of a potential 'military response' if NATO continues activities Moscow views as threatening, framing it as conditional on Western rejection of negotiations; Western officials reject Russia's demands but signal willingness to discuss.",False,live,
68,2021-12-22,warontherocks.com,en,the berlin crisis ukraine and the five percent problem,https://warontherocks.com/2021/12/the-berlin-crisis-ukraine-and-the-five-percent-problem,analysis,author,Sergey Radchenko,"Johns Hopkins University, Henry A. Kissinger Center for Global Affairs",0.35,0.6,limited_donbas,unspecified,0.95,0.35,0.423,58,no_invasion,"There may be a 95 percent chance that Putin would get away with an invasion, perhaps even an annexation of Donbas. He managed it before in Crimea and faced tolerable consequences. But the other 5 percent weighs heavier and heavier as the stakes grow larger and larger.","There may be a 95 percent chance that Putin would get away with an invasion, perhaps even an annexation of Donbas. He managed it before in Crimea and faced tolerable consequences. But the other 5 percent weighs heavier and heavier as the stakes grow larger and larger.","Sergey Radchenko argues that while Putin may have a 95% chance of getting away with a limited invasion or annexation of Donbas (as he did in Crimea), the 5% risk of broader escalation is significant; he recommends Western deterrence and calibrated diplomacy to avoid war.",True,live,
69,2021-12-22,zn.ua,uk,Вторжение РФ в Украину - Россия собирает наемников для войны на Донбассе,https://zn.ua/POLITICS/v-rossii-sobirajut-naemnikov-dlja-komandirovki-na-donbass-no-iz-za-vsu-u-polja-terrikonov-nikto-ne-rvetsja-smi.html,news,mixed,Wagner mercenaries and recruiters (multiple sources); vet of Wagner PMC,Wagner PMC; Russian Ministry of Defence (claimed by recruiters),-0.65,0.6,limited_donbas,unspecified,,0.175,0.681,32,no_invasion,"В то же время источники убеждены, что РФ не решится на вторжение - все закончится ""тупиком"" и провалом. Причина в том, что уровень подготовки этих наемников очень низкий... В ""поля терриконов"" никто не рвется.","At the same time, sources are convinced that Russia will not dare to invade—it will all end in 'deadlock' and failure. The reason is that the level of training of these mercenaries is very low... No one wants to go to the 'slag heap fields.'","Multiple mercenary sources and a Wagner veteran assert Russia will not launch a full-scale invasion of Ukraine, citing low mercenary quality and reluctance to face Ukrainian regular army; however, the article reports ongoing recruitment for Donbas operations, suggesting limited military activity is expected.",True,live,
70,2021-12-22,themoscowtimes.com,en,"U.S. Could Cut Off Russia's Smartphone, Car Imports Over Ukraine Invasion – Reuters",https://themoscowtimes.com/2021/12/22/us-could-cut-off-russias-smartphone-car-imports-over-ukraine-invasion-reuters-a75896,news,official_western,Biden administration official (unnamed),U.S. Biden administration,0.65,0.7,full_scale,unspecified,,0.825,0.031,97,invasion,"The United States could hamstring Russia's smartphone and automobile imports if Moscow invades Ukraine, Reuters reported Tuesday, citing an unnamed Biden administration official.","The United States could hamstring Russia's smartphone and automobile imports if Moscow invades Ukraine, Reuters reported Tuesday, citing an unnamed Biden administration official.","An unnamed Biden administration official indicates the U.S. is preparing unprecedented export controls contingent on a Russian invasion of Ukraine, implying invasion is considered a realistic possibility; Russia denies invasion plans.",True,live,
71,2021-12-23,atlanticcouncil.org,en,Is Ukraine's reformed military ready to repel a new Russian invasion?,https://atlanticcouncil.org/blogs/ukrainealert/is-ukraines-reformed-military-ready-to-repel-a-new-russian-invasion,analysis,author,Atlantic Council analysts (unnamed),Atlantic Council,0.7,0.75,full_scale,unspecified,,0.85,0.023,98,invasion,"The looming threat of a full-scale Russian invasion poses a wide range of questions for the Ukrainian military. Currently, most US experts are confident that the threat is very real and should be taken seriously.","The looming threat of a full-scale Russian invasion poses a wide range of questions for the Ukrainian military. Currently, most US experts are confident that the threat is very real and should be taken seriously.","Atlantic Council analysts assert that most US experts view a full-scale Russian invasion as a real and serious threat, and argue Ukraine's reformed military can inflict significant costs on any invasion attempt.",True,live,
72,2021-12-23,cnn.com,en,White House reiterates that US is ready to act if Russia invades Ukraine,https://cnn.com/2021/12/23/politics/us-warning-russia-ukraine,news,official_western,Senior Biden administration official; White House Press Secretary Jen Psaki,White House / US State Department,0.65,0.7,unclear,unspecified,,0.825,0.031,97,invasion,We have been clear that there will be significant consequences if Russia attacks... Such a move would also result in NATO capabilities being moved closer to Russia.,We have been clear that there will be significant consequences if Russia attacks... Such a move would also result in NATO capabilities being moved closer to Russia.,"Senior US administration officials warn that Russia faces severe consequences if it invades Ukraine, implicitly treating invasion as a credible possibility requiring deterrence, while Putin deflects and frames the issue as NATO security concerns.",False,live,
73,2021-12-24,theguardian.com,en,'We've heard it all before': Ukrainians brush aside talk of Russian invasion | Ukraine,https://theguardian.com/world/2021/dec/24/ukrainians-brush-aside-talk-russian-invasion-ukraine-christmas,news,mixed,Ukrainian public opinion / Kyiv residents,,-0.65,0.6,full_scale,unspecified,,0.175,0.681,32,no_invasion,We've heard it all too many times over the last few years. And usually it's just hype... The invasion came to nothing at that point... many hope the invasion will be similarly chimeric.,We've heard it all too many times over the last few years. And usually it's just hype... The invasion came to nothing at that point... many hope the invasion will be similarly chimeric.,"Ukrainian residents and officials dismiss invasion warnings as repeated false alarms ('crying wolf'), though a December poll shows half would resist if it occurred; the article frames skepticism as the dominant Ukrainian stance despite Russian military buildup.",False,live,
74,2021-12-24,unian.net,ru,"Социологи узнали мнение украинцев об угрозе ""большой войны"" с Россией",https://unian.net/war/sociologi-uznali-mnenie-ukraincev-ob-ugroze-bolshoy-voyny-s-rossiey-novosti-donbassa-11653252.html,poll,poll,Kyiv International Institute of Sociology (KMIS),KMIS,0.08,0.85,full_scale,unspecified,0.492,0.492,0.258,74,uncertain,"49,2% респондентов считают реальной угрозу вторжения России на территорию Украины, считают, что вторжения не будет – 41,4%.",49.2% of respondents consider the threat of Russian invasion of Ukrainian territory real; 41.4% believe there will be no invasion.,"A KMIS poll of 1,203 Ukrainians (Dec 13–16, 2021) finds 49.2% view Russian invasion as a real threat, while 41.4% do not; 57.8% believe government diplomatic and defensive efforts are insufficient.",True,live,
75,2021-12-24,pbs.org,en,A closer look at Russia-Ukraine tensions and the potential for successful diplomacy,https://pbs.org/newshour/show/a-closer-look-at-russia-ukraine-tensions-and-the-potential-for-successful-diplomacy,news,analyst,Charles Kupchan,Council on Foreign Relations; former National Security Council Official,0.3,0.6,full_scale,unspecified,,0.65,0.122,88,invasion,"I don't think that he has made up his mind. And that's in part because he is going through the motions of trying to have a serious conversation with NATO, with the United States. It's also the case that this would not be an easy war.","I don't think that he has made up his mind. And that's in part because he is going through the motions of trying to have a serious conversation with NATO, with the United States. It's also the case that this would not be an easy war.","Charles Kupchan (CFR analyst) suggests Putin has not decided to invade and may be negotiating seriously, though he acknowledges the war would be costly; Alina Polyakova warns of a potentially devastating military invasion and sees worrisome signals from Moscow suggesting lack of genuine diplomatic interest.",True,live,
76,2021-12-26,mk.ru,ru,Эксперт объяснил риски отвода российских войск от украинской границы,https://mk.ru/politics/2021/12/26/ekspert-obyasnil-riski-otvoda-rossiyskikh-voysk-ot-ukrainskoy-granicy.html,news,analyst,Анатолий Матвейчук,Military expert (independent),-0.3,0.4,none,unspecified,,0.35,0.423,58,no_invasion,"Я думаю, этому могло поспособствовать два фактора. Первый — Россия и США все-таки договорились об ослаблении «хватки». Это, по всей видимости, политический жест, который предприняла Россия в связи с возможными переговорами Владимира Путина с Джо Байденом.",I think two factors could have contributed to this. First — Russia and the US have agreed to ease the 'grip'. This is apparently a political gesture made by Russia in connection with possible negotiations between Vladimir Putin and Joe Biden.,"Military expert Matveichuk interprets Russian troop withdrawal from Ukraine's border as a de-escalatory political gesture ahead of Putin-Biden talks, dismissing invasion risk by noting Russia can redeploy within 6 hours if needed.",True,live,
77,2021-12-27,foreignpolicy.com,en,how russia decides when to invade,https://foreignpolicy.com/2021/12/27/how-russia-decides-when-to-invade,analysis,author,Eugene Chausovsky,New Lines Institute,-0.7,0.75,none,unspecified,,0.15,0.722,28,no_invasion,"Despite all the hard words from Moscow, Russia's record shows that an invasion is unlikely... the application of this framework on military intervention suggests that a looming large-scale Russian invasion of Ukraine is unlikely.","Despite all the hard words from Moscow, Russia's record shows that an invasion is unlikely... the application of this framework on military intervention suggests that a looming large-scale Russian invasion of Ukraine is unlikely.","Eugene Chausovsky (New Lines Institute) argues that despite troop buildups and threatening rhetoric, Russia's historical decision-making framework suggests a large-scale invasion of Ukraine is unlikely, though hybrid warfare and limited operations remain possible.",False,live,
78,2021-12-27,zn.ua,uk,Зеленский может спровоцировать нападение России,https://zn.ua/WORLD/neopytnost-komandy-zelenskoho-mozhet-usuhubit-trenija-rossii-i-ssha-the-new-york-times.html,news,analyst,Andrew Kramer,The New York Times,0.65,0.7,full_scale,unspecified,,0.825,0.031,97,invasion,"Непрофессиональные шаги могут стать поводом для войны, что значительно усугубит напряженность между Россией и США","Unprofessional steps could become a pretext for war, which would significantly exacerbate tensions between Russia and the United States","Andrew Kramer (NYT) warns that inexperience in Zelensky's team could provoke Russian military action and full-scale war, noting Russia has concentrated troops on Ukraine's border and Ukrainian forces would likely be unable to stop them.",True,live,
79,2021-12-27,themoscowtimes.com,en,Russia May Underestimate Ukraine and NATO - The Moscow Times,https://themoscowtimes.com/2021/12/27/russia-may-underestimate-ukraine-and-nato-a75933,analysis,author,The Moscow Times editorial/analysis,The Moscow Times,0.65,0.7,full_scale,unspecified,,0.825,0.031,97,invasion,"Thus, NATO might be wise to consider that Russia could launch a wider invasion of Ukraine. Wars always bring uncertainties, but several considerations could be relevant.","Thus, NATO might be wise to consider that Russia could launch a wider invasion of Ukraine. Wars always bring uncertainties, but several considerations could be relevant.","The Moscow Times analysis argues that the Kremlin may underestimate NATO and Ukraine and could launch a wider invasion; while hedged with uncertainties, the article presents a scenario where Russia might attempt to seize large areas including major cities, though Ukrainian defenses and potential NATO intervention could complicate such an operation.",True,live,
80,2021-12-28,tass.com,en,Claims about threat of Russian invasion of Ukraine groundless — deputy ambassador to UN,https://tass.com/politics/1382043,news,official_russian,Dmitry Polyansky,"Russian Federation, UN Deputy Ambassador",-0.9,0.85,none,unspecified,,0.05,0.902,10,no_invasion,"The phantom threat of a Russian invasion of Ukraine exists only in the minds of some politicians, while there has been no significant activity on the border... this problem can be solved very easily, because it emerged in the heads of some politicians, so it shall die in the heads of these politicians.","The phantom threat of a Russian invasion of Ukraine exists only in the minds of some politicians, while there has been no significant activity on the border... this problem can be solved very easily, because it emerged in the heads of some politicians, so it shall die in the heads of these politicians.","Russia's UN deputy ambassador Polyansky dismisses invasion threat as a phantom existing only in politicians' minds, denying significant military activity and asserting Russia's right to conduct exercises.",True,live,
81,2021-12-28,rand.org,en,russia may underestimate ukraine and nato,https://rand.org/blog/2021/12/russia-may-underestimate-ukraine-and-nato.html,analysis,author,William Courtney and Peter A. Wilson,RAND Corporation,0.65,0.7,full_scale,unspecified,,0.825,0.031,97,invasion,"Thus, NATO might be wise to consider that Russia could launch a wider invasion of Ukraine... RAND found that the operation would take 'weeks, if not months, to fully develop and execute.'","Thus, NATO might be wise to consider that Russia could launch a wider invasion of Ukraine... RAND found that the operation would take 'weeks, if not months, to fully develop and execute.'","RAND analysts assess that Russia may underestimate NATO and Ukraine and could launch a wider full-scale invasion despite unrealistic demands; such an operation would take weeks to months and face significant Ukrainian resistance, though success is not assured.",False,live,
82,2021-12-28,scmp.com,en,Ukraine mobilises civilians to defend against Russian invasion,https://scmp.com/news/world/europe/article/3161260/ukraine-mobilises-civilians-defend-against-russian-invasion,news,official_ukrainian,Kyiv (Ukrainian government),Government of Ukraine,0.7,0.6,full_scale,unspecified,,0.85,0.023,98,invasion,"Dozens of civilians have been joining Ukraine's army reserves in recent months, as fears have mounted that Russia – which Kyiv says has massed around 100,000 troops on the other side of the border – is plotting to launch a large-scale attack.","Dozens of civilians have been joining Ukraine's army reserves in recent months, as fears have mounted that Russia – which Kyiv says has massed around 100,000 troops on the other side of the border – is plotting to launch a large-scale attack.","Ukrainian officials and civilians express concern that Russia has massed 100,000 troops and is plotting a large-scale attack, prompting defensive mobilization.",True,live,
83,2021-12-29,theatlantic.com,en,Russia's Aggression Against Ukraine Is Backfiring,https://theatlantic.com/international/archive/2021/12/russia-putin-ukraine-invasion/621140,analysis,author,Kori Schake,American Enterprise Institute / Critical Threats Project,-0.7,0.75,none,unspecified,,0.15,0.722,28,no_invasion,"Yet a recent report concludes that despite its massive deployment and threatening rhetoric, Russia is not planning to invade Ukraine. The report...finds that the political and economic costs of an actual invasion are too high for Russia to sustain.","Yet a recent report concludes that despite its massive deployment and threatening rhetoric, Russia is not planning to invade Ukraine. The report...finds that the political and economic costs of an actual invasion are too high for Russia to sustain.","Kori Schake (AEI/Critical Threats Project) argues Russia is not planning to invade Ukraine despite troop deployments, citing prohibitive political and economic costs; instead Russia seeks hybrid destabilization, though Western intelligence agencies have warned of invasion plans involving ~175,000 troops.",True,wayback,20211229135451
84,2021-12-29,unian.ua,uk,"Американський офіцер про загрозу нападу на Україну: Путін ""вмиється кров'ю, це буде кінець Росії""",https://unian.ua/war/amerikanskiy-oficer-pro-zagrozu-napadu-na-ukrajinu-putin-vmiyetsya-krov-yu-ce-bude-kinec-rosiji-novini-donbasu-11657359.html,news,analyst,Harry Tabakh (Гаррі Табах),"US Navy (retired), Captain First Rank",-0.75,0.8,none,unspecified,,0.125,0.766,23,no_invasion,"Навіщо Путіну війна з Україною на сьогодні? Він домігся всього, чого хотів. Піти в лобову атаку з Україною... Він вмиється кров'ю, це буде кінець Росії. Навіщо?","Why would Putin want war with Ukraine today? He has achieved everything he wanted. To launch a frontal attack on Ukraine... He will be bathed in blood, it will be the end of Russia. Why?","US Navy analyst Harry Tabakh argues Putin is not interested in full-scale war with Ukraine because he has already achieved his goals and such an attack would be catastrophic for Russia; however, the article also reports Western diplomatic and media concerns about Russian military movements toward Ukraine's border.",True,live,
85,2021-12-29,warontherocks.com,en,strategic ambiguity and the risk of war with russia over ukraine,https://warontherocks.com/2021/12/strategic-ambiguity-and-the-risk-of-war-with-russia-over-ukraine,analysis,author,Ralph Clem and Ray Finch,War on the Rocks,0.55,0.65,unclear,unspecified,,0.775,0.051,95,invasion,"With so much military capability in such close proximity, this dynamic and perilous situation requires measures to mitigate the risk of this crisis turning into a direct military confrontation.","With so much military capability in such close proximity, this dynamic and perilous situation requires measures to mitigate the risk of this crisis turning into a direct military confrontation.","Clem and Finch assess that escalating military incidents and show-of-force operations in the Black Sea create significant risk of direct military confrontation between NATO/US and Russia over Ukraine, though they do not predict invasion specifically; they advocate de-escalation measures.",True,live,
86,2021-12-30,unian.net,ru,"Угроза ""большой войны"" с Россией: в СНБО успокоили украинцев и дали совет к праздникам",https://unian.net/war/ugroza-bolshoy-voyny-s-rossiey-v-snbo-uspokoili-ukraincev-i-dali-sovet-k-prazdnikam-novosti-donbassa-11659297.html,news,official_ukrainian,Alexey Danilov,SNBO (Security and Defence Council of Ukraine),-0.8,0.85,none,immediate/present,,0.1,0.81,19,no_invasion,"Сейчас угрозы открытой агрессии Российской Федерации против Украины не наблюдается... Наши специалисты говорят, что большого вторжения Россия не может предпринять даже физически... ситуация находится под контролем. Поэтому отдыхайте спокойно, празднуйте.","Currently, there is no threat of open aggression by the Russian Federation against Ukraine... Our specialists say that Russia cannot undertake a large-scale invasion even physically... the situation is under control. So rest easy and celebrate.","Ukrainian SNBO Secretary Danilov asserts no imminent threat of Russian full-scale invasion, dismissing Western media warnings as information attacks; Russia physically cannot conduct large-scale invasion and situation is controlled.",True,live,
87,2021-12-30,rferl.org,en,"Amid Rumblings About A Russian Invasion, 'No Hysteria' In Ukraine",https://rferl.org/a/ukraine-russia-invasion-calm-fears/31633377.html,news,mixed,U.S. and Ukrainian intelligence; Oleksiy Danilov; Ukrainian public opinion,"U.S. intelligence, Ukrainian National Security and Defense Council, Rating Group poll",0.35,0.6,full_scale,within a month,0.48,0.675,0.106,89,invasion,"U.S. and Ukrainian intelligence agencies have warned that Russia has been preparing for a possible military offensive that could begin within a month. For a full-scale invasion, there would have to be at least three, four, five -- many times more [Russian forces] than there are there today.","U.S. and Ukrainian intelligence agencies have warned that Russia has been preparing for a possible military offensive that could begin within a month. For a full-scale invasion, there would have to be at least three, four, five -- many times more [Russian forces] than there are there today.","U.S. and Ukrainian intelligence warn of possible Russian military offensive within a month, but Ukrainian officials and public opinion suggest full-scale invasion is unlikely given insufficient Russian force levels; less than half of Ukrainians polled believe military escalation is possible.",True,wayback,20220221163519
88,2022-01-01,mk.ru,ru,Аналитики Financial Times назвали 2 сценария вторжения России на Украину,https://mk.ru/politics/2022/01/01/analitiki-financial-times-nazvali-2-scenariya-vtorzheniya-rossii-na-ukrainu.html,news,analyst,Dara Massicot,RAND,0.7,0.75,limited_strikes_or_partial,unspecified,,0.45,0.303,70,uncertain,"Россия может нанести по Украине точечные авиаудары. Под них попадут военные и инфраструктурные объекты... Москва, скорее всего, использует крылатые и баллистические ракеты.",Russia may deliver precision airstrikes on Ukraine. Military and infrastructure facilities will be targeted... Moscow will most likely use cruise and ballistic missiles.,"RAND analyst Dara Massicot predicts Russia is likely to conduct limited precision airstrikes on Ukrainian military and infrastructure targets using cruise and ballistic missiles, while analyst Rob Lee considers full-scale invasion less probable but possible.",True,live,
89,2022-01-02,theguardian.com,en,Russia 'very likely' to invade Ukraine without 'enormous sanctions' – Schiff | Ukraine,https://theguardian.com/world/2022/jan/02/russia-invade-ukraine-enormous-sanctions-schiff,news,analyst,Adam Schiff,US House Intelligence Committee,0.85,0.9,full_scale,unspecified,,0.925,0.006,99,invasion,I think that it would require enormous sanctions on Russia to deter what appears to be a very likely Russian invasion of Ukraine again... I fear that Putin is very likely to invade.,I think that it would require enormous sanctions on Russia to deter what appears to be a very likely Russian invasion of Ukraine again... I fear that Putin is very likely to invade.,"Adam Schiff, chair of the US House Intelligence Committee, assesses Russia is 'very likely' to invade Ukraine unless deterred by unprecedented sanctions, while the White House and Ukrainian president emphasize deterrence and dialogue.",True,live,
90,2022-01-03,themoscowtimes.com,en,Foreign Policy Experts Map Russia's Plans for 2022,https://themoscowtimes.com/2022/01/03/foreign-policy-experts-map-russias-plans-for-2022-a75845,analysis,analyst,Andrei Kortunov,Russian International Affairs Council,-0.3,0.6,limited_donbas,2022,,0.35,0.423,58,no_invasion,"The definition of success would be the ability of the sides to avoid direct military confrontation in Donbass, in the Azov Sea or along the Russian-Ukrainian border... de-escalation is possible, as well as a new Russian-Ukrainian agreement for gas transit.","The definition of success would be the ability of the sides to avoid direct military confrontation in Donbass, in the Azov Sea or along the Russian-Ukrainian border... de-escalation is possible, as well as a new Russian-Ukrainian agreement for gas transit.",Multiple Russian and Western experts assess 2022 Ukraine prospects: Kortunov (RIAC) hopes to avoid direct military confrontation and sees de-escalation as possible; Frolov warns Ukraine will be a 'bumpy ride' and 'rough ride' in US-Russia relations with NATO enlargement as a key battleground; Barbashin sees the Ukraine-NATO tension as 'most heated and potentially most devastating'; Buchanan expects the Arctic to remain isolated from Ukraine spillover.,True,live,
91,2022-01-03,gzeromedia.com,en,Eurasia Group Top Risks 2022,https://gzeromedia.com/top-risks-2022,analysis,analyst,Ian Bremmer,Eurasia Group / GZERO Media,0.3,0.4,limited_strikes_or_partial,2022,,0.45,0.303,70,uncertain,mentioned some bad things Vladimir Putin may do in Ukraine to divide Americans and Europeans,mentioned some bad things Vladimir Putin may do in Ukraine to divide Americans and Europeans,"Ian Bremmer (Eurasia Group) vaguely suggests Putin may take unspecified negative actions in Ukraine in 2022 as a geopolitical tactic, but provides no explicit prediction of invasion or probability.",True,live,
92,2022-01-03,ukrinform.net,en,House Intelligence Committee chair: Russia's invasion going to bring NATO closer to Russia,https://ukrinform.net/rubric-polytics/3379333-house-intelligence-committee-chair-russias-invasion-going-to-bring-nato-closer-to-russia.html,interview,official_western,Adam Schiff,US House Intelligence Committee,0.7,0.75,full_scale,unspecified,,0.85,0.023,98,invasion,"if they [Russians] do invade [Ukraine], it is going to bring NATO's closer to Russia, not push it farther away. That we will move more NATO's assets closer to Russia.","if they [Russians] do invade [Ukraine], it is going to bring NATO's closer to Russia, not push it farther away. That we will move more NATO's assets closer to Russia.","US House Intelligence Committee Chair Adam Schiff assesses that Russia will likely invade Ukraine, framing it as a deterrent that NATO will respond to by moving closer to Russia's borders.",True,live,
93,2022-01-03,theatlantic.com,en,No One in Kyiv Knows Whether Russia Is Bluffing,https://theatlantic.com/ideas/archive/2022/01/ukraine-russia-kyiv-putin-bluff/621145,analysis,author,Anne Applebaum,"The Atlantic, SNF Agora Institute at Johns Hopkins University",0.55,0.7,full_scale,unspecified,,0.775,0.051,95,invasion,"In Kyiv, the novelty of this moment has produced, among the people I spoke with, two schools of thought. The skeptical school essentially thinks this whole situation might be a huge bluff... Members of a more pessimistic school of thought... fear that it reflects a genuine change: Perhaps Putin has finally decided to realize his long-standing dream of removing Ukraine from the map.","In Kyiv, the novelty of this moment has produced, among the people I spoke with, two schools of thought. The skeptical school essentially thinks this whole situation might be a huge bluff... Members of a more pessimistic school of thought... fear that it reflects a genuine change: Perhaps Putin has finally decided to realize his long-standing dream of removing Ukraine from the map.","Anne Applebaum presents two competing Ukrainian perspectives: skeptics view the Russian military buildup as a bluff designed to pressure Ukraine diplomatically, while pessimists fear Putin has decided to invade and destroy Ukraine; Applebaum leans toward the pessimistic view, citing Putin's ideological opposition to Ukrainian democracy and prosperity.",True,wayback,20220103145926
94,2022-01-04,economist.com,en,Ukrainians are peculiarly relaxed about Russia's troop build-up,https://economist.com/europe/ukrainians-are-peculiarly-relaxed-about-russias-troop-build-up/21807001,news,poll,Kyiv International Institute of Sociology,Ukrainian polling organization,0.55,0.4,unclear,unspecified,0.5,0.5,0.25,75,uncertain,"A slight majority of Ukrainians believes an invasion is likely, according to the Kyiv International Institute of Sociology, a polling outfit.","A slight majority of Ukrainians believes an invasion is likely, according to the Kyiv International Institute of Sociology, a polling outfit.","A Ukrainian polling organization reports a slight majority believes invasion is likely, but the article emphasizes widespread Ukrainian skepticism and fatalism born from eight years of unfulfilled war predictions, with scope of any potential action remaining highly uncertain.",True,wayback,20220104191258
95,2022-01-06,themoscowtimes.com,en,Why Russia Fears a Ukrainian Offensive - The Moscow Times,https://themoscowtimes.com/2022/01/06/why-russia-fears-a-ukrainian-offensive-a75984,analysis,author,Mark Galeotti,The Moscow Times,0.35,0.6,unclear,"unspecified, possibly winter 2021-22",,0.675,0.106,89,invasion,"Moscow seems to have chosen to operate on the assumption that while not necessarily imminent, a Georgian scenario is possible and even likely. It is responding in kind.","Moscow seems to have chosen to operate on the assumption that while not necessarily imminent, a Georgian scenario is possible and even likely. It is responding in kind.","Analyst Mark Galeotti argues that Russia's troop buildup reflects genuine Kremlin fears of a Ukrainian offensive to retake Donbass and Crimea (a 'Georgian scenario'), though he acknowledges this is unlikely and possibly delusional; Russia may recognize the statelets and send troops if talks fail, but full-scale invasion is not explicitly predicted.",True,live,
96,2022-01-06,rferl.org,en,"U.K. Foreign Secretary Announces Kyiv Visit, Says Russia's Only Path Forward Is De-Escalation With Ukraine",https://rferl.org/a/ukraine-truss-visit-russia/31642388.html,news,official_western,Liz Truss,UK Foreign Office,0.65,0.75,full_scale,unspecified,,0.825,0.031,97,invasion,"Any further military incursion into Ukraine would bring massive consequences, including coordinated sanctions to impose a severe cost on Russia's interests and economy.","Any further military incursion into Ukraine would bring massive consequences, including coordinated sanctions to impose a severe cost on Russia's interests and economy.","UK Foreign Secretary Liz Truss warns that further Russian military incursion into Ukraine would trigger massive coordinated sanctions, implying a credible threat of invasion while calling for de-escalation.",True,live,
97,2022-01-07,warontherocks.com,en,what is russias logic for the current crisis,https://warontherocks.com/2022/01/what-is-russias-logic-for-the-current-crisis,analysis,author,Maxim A. Suchkov,Moscow State Institute of International Relations (MGIMO University),0.55,0.65,unclear,unspecified,,0.775,0.051,95,invasion,"Invading Ukraine was — and still is — not Putin's preferred option to bring Washington to the table, but it took such a threat to get the White House to take his agenda seriously... Should the talks with the United States fail to deliver satisfactory results for Moscow, the 'military and military-technical response' that the Russian leadership mentioned may indeed directly concern Ukraine. This doesn't necessarily imply a direct military invasion but may include a range of other options such as, for instance, missile deployments in Donbass, Crimea, or elsewhere.","Invading Ukraine was — and still is — not Putin's preferred option to bring Washington to the table, but it took such a threat to get the White House to take his agenda seriously... Should the talks with the United States fail to deliver satisfactory results for Moscow, the 'military and military-technical response' that the Russian leadership mentioned may indeed directly concern Ukraine. This doesn't necessarily imply a direct military invasion but may include a range of other options such as, for instance, missile deployments in Donbass, Crimea, or elsewhere.","Maxim Suchkov argues that while full invasion is not Putin's preferred option, if U.S.-Russia talks fail, Russia may pursue military-technical responses including missile deployments or other actions in Ukraine, though not necessarily a direct invasion; the scope and likelihood depend on negotiation outcomes.",True,live,
98,2022-01-08,economist.com,en,Russia's menacing of Ukraine is unlikely to induce NATO to retreat,https://economist.com/briefing/2022/01/08/russias-menacing-of-ukraine-is-unlikely-to-induce-nato-to-retreat,analysis,author,The Economist (editorial analysis),The Economist,0.55,0.65,full_scale,by end of winter (March 2022),,0.775,0.051,95,invasion,"One interpretation is that Mr Putin is counting on the West to dismiss his maximalist demands, furnishing him with a pretext to invade Ukraine. Though European and American officials say Russia has not yet made a final decision to invade Ukraine, it will probably have to decide whether to launch an operation by the end of winter.","One interpretation is that Mr Putin is counting on the West to dismiss his maximalist demands, furnishing him with a pretext to invade Ukraine. Though European and American officials say Russia has not yet made a final decision to invade Ukraine, it will probably have to decide whether to launch an operation by the end of winter.","The Economist analysis suggests Putin may use dismissed diplomatic demands as a pretext to invade Ukraine by end of winter, though Western officials have not yet confirmed a final decision; military and seasonal constraints create a decision window by March.",True,wayback,20220108133024
99,2022-01-09,atlanticcouncil.org,en,Can the US avoid both appeasement and war? This week's Russia talks will be revealing.,https://atlanticcouncil.org/content-series/inflection-points/can-the-us-avoid-both-appeasement-and-war-this-weeks-russia-talks-will-be-revealing,analysis,author,Frederick Kempe,Atlantic Council,0.35,0.65,limited_donbas,unspecified,,0.35,0.423,58,no_invasion,"The least-likely scenarios are those of Putin backing off from his demands on NATO or executing a full-scale invasion of Ukraine. Watch instead for something murkier and craftier that would be designed to divide allies—the taking of additional swatches of Ukrainian territory, the annexation of Luhansk of Donbas provinces, where Russian separatists dominate, or the stirring up of internal Ukrainian dramas with a hidden hand.","The least-likely scenarios are those of Putin backing off from his demands on NATO or executing a full-scale invasion of Ukraine. Watch instead for something murkier and craftier that would be designed to divide allies—the taking of additional swatches of Ukrainian territory, the annexation of Luhansk of Donbas provinces, where Russian separatists dominate, or the stirring up of internal Ukrainian dramas with a hidden hand.","Frederick Kempe (Atlantic Council) assesses that full-scale invasion is unlikely; instead expects limited territorial grabs in Donbas and internal Ukrainian destabilization, viewing Putin as playing for keeps and seeing the West as weak.",True,live,
100,2022-01-09,nytimes.com,en,Opinion | Putin Would Invite Calamity With a Russian Invasion of Ukraine,https://nytimes.com/2022/01/09/opinion/putin-russia-ukraine.html,opinion,author,The Editorial Board,The New York Times,0.3,0.6,full_scale,unspecified,,0.65,0.122,88,invasion,"The problem is that there is no certainty about what might persuade Mr. Putin to pull back his soldiers. He is generally regarded in Western capitals as a ruthless autocrat and nasty adversary, but also as someone who will not pick a fight he can't win.","The problem is that there is no certainty about what might persuade Mr. Putin to pull back his soldiers. He is generally regarded in Western capitals as a ruthless autocrat and nasty adversary, but also as someone who will not pick a fight he can't win.","The New York Times Editorial Board expresses cautious concern that Putin might invade Ukraine despite high costs, acknowledging uncertainty about his calculations but warning the West must make clear the severe consequences while leaving room for negotiation.",True,wayback,20220109201004
101,2022-01-10,npr.org,en,Russia tells U.S. it isn't planning to invade Ukraine : NPR,https://npr.org/transcripts/1071766987,news,official_russian,Russian delegation,Russian government,-0.7,0.4,unclear,unspecified,,0.15,0.722,28,no_invasion,Russia tells U.S. it isn't planning to invade Ukraine,Russia tells U.S. it isn't planning to invade Ukraine,"Russia officially denies plans to invade Ukraine during Geneva talks, but U.S. officials and NPR correspondents treat the threat seriously given 100,000 troops massed at the border, Putin's history of aggression, and the possibility of cyberattacks or military escalation.",True,live,
102,2022-01-10,themoscowtimes.com,en,"Russia Tells U.S. Has No Plans to Invade Ukraine, Wants More Talks",https://themoscowtimes.com/2022/01/10/russia-tells-us-has-no-plans-to-invade-ukraine-wants-more-talks-a76004,news,official_russian,Sergei Ryabkov,Russian Deputy Foreign Minister,-0.8,0.7,none,unspecified,,0.1,0.81,19,no_invasion,"We explained to our colleagues that we have no plans, no intentions to 'attack' Ukraine... There is no reason to fear any escalation in this regard.","We explained to our colleagues that we have no plans, no intentions to 'attack' Ukraine... There is no reason to fear any escalation in this regard.","Russian Deputy Foreign Minister Ryabkov denies any plans to invade Ukraine, while U.S. and NATO officials warn of severe costs if Russia does invade, and a Ukrainian soldier expresses skepticism that diplomacy will prevent escalation.",True,wayback,20220110184012
103,2022-01-10,ukrinform.net,en,Washington warns Russia about debilitating sanctions in case of further invasion of Ukraine,https://ukrinform.net/rubric-polytics/3382324-washington-warns-russia-about-debilitating-sanctions-in-case-of-further-invasion-of-ukraine.html,news,official_western,U.S. officials / Biden administration,U.S. State Department / White House,0.6,0.7,full_scale,unspecified,,0.8,0.04,96,invasion,"In the event of a Russian invasion of Ukraine, the United States in coordination with its allies and partners will 'immediately impose severe and overwhelming costs' on Russia's economy, including its financial system and sectors deemed critical to the Kremlin.","In the event of a Russian invasion of Ukraine, the United States in coordination with its allies and partners will 'immediately impose severe and overwhelming costs' on Russia's economy, including its financial system and sectors deemed critical to the Kremlin.","U.S. officials warn Russia that a full-scale invasion of Ukraine would trigger severe, coordinated economic sanctions, while offering limited diplomatic discussions on European security posture.",True,live,
104,2022-01-10,foreignaffairs.com,en,Russia Thinks America Is Bluffing,https://foreignaffairs.com/articles/russia-fsu/2022-01-10/russia-thinks-america-bluffing,analysis,author,Foreign Affairs (author not bylined in excerpt),Foreign Affairs,0.65,0.75,full_scale,unspecified,,0.825,0.031,97,invasion,"Russia has assembled a vast invasion force on Ukraine's border, one capable of driving through Ukrainian defenses all the way to Kyiv. Meanwhile, Russia maintains the ability to launch missile attacks and airstrikes on targets across Ukraine.","Russia has assembled a vast invasion force on Ukraine's border, one capable of driving through Ukrainian defenses all the way to Kyiv. Meanwhile, Russia maintains the ability to launch missile attacks and airstrikes on targets across Ukraine.",Foreign Affairs analysis argues that Putin likely intends a full-scale invasion of Ukraine (having assembled invasion forces capable of reaching Kyiv) because he believes U.S. sanctions threats are a bluff—Western divisions and China's potential non-compliance make truly devastating sanctions unlikely.,True,wayback,20220110151605
105,2022-01-10,theguardian.com,en,'It's our house': mood in Kyiv calm despite threat of Russian attack | Ukraine,https://theguardian.com/world/2022/jan/10/its-our-house-mood-in-kyiv-calm-despite-threat-of-russian-attack,news,mixed,"Yevgeny Tereshchenko, Ukrainian civilians, journalist reporting",Ukrainian civil society / The Guardian,0.6,0.65,full_scale,later this month / this week,,0.8,0.04,96,invasion,"If Moscow does launch a further military operation against Ukraine, assuming diplomatic talks fail this week, he and his friends are ready to fight... Russia has a formidable army, with 100,000 troops massed on the border. It could swiftly overrun much of Ukraine 'in a Blitzkrieg'.","If Moscow does launch a further military operation against Ukraine, assuming diplomatic talks fail this week, he and his friends are ready to fight... Russia has a formidable army, with 100,000 troops massed on the border. It could swiftly overrun much of Ukraine 'in a Blitzkrieg'.","Ukrainian civilians and former military officer Tereshchenko express conditional expectation of Russian military operation if diplomacy fails this week, envisaging full-scale invasion; younger Kyiv residents downplay the threat and maintain normal life.",True,live,
106,2022-01-10,aa.com.tr,en,"In marathon security talks, US warns Russia against invading Ukraine",https://aa.com.tr/en/europe/in-marathon-security-talks-us-warns-russia-against-invading-ukraine/2470341,news,official_western,Wendy Sherman,US State Department,0.6,0.7,full_scale,unspecified,,0.8,0.04,96,invasion,"We've made it clear that if Russian further invades Ukraine, there will be significant costs and consequences well beyond what they did in 2014","We've made it clear that if Russian further invades Ukraine, there will be significant costs and consequences well beyond what they did in 2014","US Deputy Secretary of State Wendy Sherman warns Russia against invading Ukraine, framing invasion as a conditional threat requiring deterrence, while noting Russia has amassed 100,000+ troops on the border.",True,live,
107,2022-01-10,telegraph.co.uk,en,Nato chief warns Russia of 'severe costs' if Ukraine attacked,https://telegraph.co.uk/world-news/2022/01/10/usa-russia-ukraine-talks-nato-attack-invasion-avert-war-vladimir,news,official_western,Jens Stoltenberg,NATO,0.6,0.7,unclear,unspecified,,0.8,0.04,96,invasion,"At the same time, we need to be prepared that Russia once again chooses to use armed force, chooses confrontation instead of cooperation... there will be severe costs - economic, political costs - for Russia if they once again use military force against Ukraine.","At the same time, we need to be prepared that Russia once again chooses to use armed force, chooses confrontation instead of cooperation... there will be severe costs - economic, political costs - for Russia if they once again use military force against Ukraine.","NATO chief Stoltenberg warns Russia faces severe costs if it attacks Ukraine, implying he expects Russia may choose military force; Ukrainian deputy PM agrees Russia miscalculates and may attack.",True,wayback,20220110121250
108,2022-01-11,kyivpost.com,en,Vlad's bluff - KyivPost - Ukraine's Global Voice,https://kyivpost.com/ukraine-politics/vlads-bluff.html,opinion,analyst,Dr. Andrei Illarionov,Putin's former Chief Economic Advisor (2000-2005); Westminster Institute,-0.85,0.8,none,unspecified (immediate/ongoing),,0.075,0.856,14,no_invasion,"We know, and that has been confirmed, that the number of Russian troops is 94,000, but the Ukrainian military force is comprised of 255,000 troops, plus 200,000 reservists... We are talking about roughly 850,000 troops that are ready to fight... Mr. Putin… really wants to establish control over Ukraine, but he is not stupid.","We know, and that has been confirmed, that the number of Russian troops is 94,000, but the Ukrainian military force is comprised of 255,000 troops, plus 200,000 reservists... We are talking about roughly 850,000 troops that are ready to fight... Mr. Putin… really wants to establish control over Ukraine, but he is not stupid.","Dr. Andrei Illarionov, Putin's former economic advisor, argues the invasion threat is a bluff: Russian troop numbers (94,000–120,000) are insufficient compared to Ukraine's 850,000 ready forces, troop movements are not escalatory, and Putin lacks the military capacity to occupy Ukraine, so he is using threats for diplomatic leverage rather than planning actual invasion.",True,live,
109,2022-01-11,foreignpolicy.com,en,russia ukraine nato talks,https://foreignpolicy.com/2022/01/11/russia-ukraine-nato-talks,news,mixed,Samuel Charap (RAND); Thomas Graham & Rajan Menon; Anatol Lieven,RAND Corporation; Politico Magazine; Quincy Institute for Responsible Statecraft,0,0.3,unclear,unspecified,,0.5,0.25,75,uncertain,U.S. and Russian officials agreed on little else but to keep talking as discussions over Ukraine and NATO's future concluded in Geneva on Monday. Representatives from both countries described the nearly eight-hour exchange as businesslike and professional even as they came away without a resolution that meets either side's objectives.,U.S. and Russian officials agreed on little else but to keep talking as discussions over Ukraine and NATO's future concluded in Geneva on Monday. Representatives from both countries described the nearly eight-hour exchange as businesslike and professional even as they came away without a resolution that meets either side's objectives.,Multiple analysts and commentators discuss diplomatic talks on Ukraine and NATO without making explicit predictions about invasion likelihood; the article focuses on negotiation stalemate and policy proposals rather than assessing the probability of Russian military action.,True,live,
110,2022-01-11,atlanticcouncil.org,en,The US and NATO must attack Vladimir Putin's intimidation strategy,https://atlanticcouncil.org/blogs/ukrainealert/the-us-and-nato-must-attack-vladimir-putins-intimidation-strategy,opinion,author,Dr. Harlan Ullman,Atlantic Council,0.65,0.7,full_scale,unspecified,,0.825,0.031,97,invasion,Estimates of potential Russian dead and wounded from a fresh invasion of Ukraine should be publicized. Thirty thousand or more casualties are likely... The number of Ukrainians willing to defend their country today far exceeds the number of Afghan fighters who defeated the Soviets.,Estimates of potential Russian dead and wounded from a fresh invasion of Ukraine should be publicized. Thirty thousand or more casualties are likely... The number of Ukrainians willing to defend their country today far exceeds the number of Afghan fighters who defeated the Soviets.,"Dr. Harlan Ullman (Atlantic Council) argues that Putin is employing intimidation tactics and may attempt a full-scale invasion of Ukraine, estimating 30,000+ Russian casualties; he advocates a counter-intimidation strategy rather than conventional diplomacy, implying invasion is a credible threat requiring deterrence.",True,live,
111,2022-01-11,pbs.org,en,Kremlin not optimistic on Russia-U.S. talks over Ukraine,https://pbs.org/newshour/world/kremlin-not-optimistic-on-russia-u-s-talks-over-ukraine,news,official_western,"Jen Psaki, White House Press Secretary",White House,0.3,0.4,full_scale,unspecified,,0.65,0.122,88,invasion,"it was 'too early to tell whether the Russians are serious about the path to diplomacy or not,' or whether they will use the talks as a 'pretext to claim that diplomacy couldn't possibly work' and move forward with an invasion.","it was 'too early to tell whether the Russians are serious about the path to diplomacy or not,' or whether they will use the talks as a 'pretext to claim that diplomacy couldn't possibly work' and move forward with an invasion.","White House Press Secretary Psaki expresses uncertainty about Russian intentions, noting it is unclear whether Russia will pursue diplomacy or use talks as a pretext for invasion; the Kremlin expresses lack of optimism about negotiations but does not explicitly predict invasion.",True,live,
112,2022-01-13,rand.org,en,speaking aloud what nato has left unsaid could help,https://rand.org/blog/2022/01/speaking-aloud-what-nato-has-left-unsaid-could-help.html,analysis,author,Samuel Charap,RAND Corporation,-0.3,0.6,unclear,unspecified,,0.35,0.423,58,no_invasion,"NATO has no plan to offer membership to Ukraine or Georgia—or even grant them a MAP. If doing so could avert a war, why not find some way to say out loud what any NATO official would say behind closed doors: that Ukraine's membership in NATO is not being considered?","NATO has no plan to offer membership to Ukraine or Georgia—or even grant them a MAP. If doing so could avert a war, why not find some way to say out loud what any NATO official would say behind closed doors: that Ukraine's membership in NATO is not being considered?","Samuel Charap (RAND) argues that while Russia's military buildup poses a serious threat, NATO should clarify that it has no current plans to offer Ukraine membership—not to capitulate to Russia, but to defuse tensions by stating an existing reality, contingent on Russian force drawdown.",False,live,
113,2022-01-14,rferl.org,en,"As Moscow Menaces And Washington Warns, Glimpses Of A Way Forward. Perhaps.",https://rferl.org/a/united-states-russia-ukraine-diplomacy-nato-analysis/31654751.html,analysis,mixed,Multiple analysts and officials,"RFE/RL, King's College London, German Institute for International and Security Studies, Carnegie Moscow Center, Vienna Center for Disarmament",0.1,0.3,unclear,unspecified,,0.55,0.202,80,uncertain,"I have a hard time believing, though, that Moscow seriously thought that a few hours of talks would yield serious concessions from the U.S. and the NATO allies. Despite the rhetoric, I think they're in this for the long haul, and that's a good thing -- because as long as they're talking, they're not shooting.","I have a hard time believing, though, that Moscow seriously thought that a few hours of talks would yield serious concessions from the U.S. and the NATO allies. Despite the rhetoric, I think they're in this for the long haul, and that's a good thing -- because as long as they're talking, they're not shooting.","Multiple analysts and officials express cautious, hedged views: while diplomacy continues and some see 'a glimpse of hope,' the overall assessment is that fundamental positions remain far apart, the situation remains fragile, and a diplomatic solution is uncertain; no confident prediction either way.",True,live,
114,2022-01-16,nytimes.com,en,Russia Issues Subtle Threats More Far-Reaching Than a Ukraine Invasion,https://nytimes.com/2022/01/16/world/europe/russia-ukraine-invasion.html,analysis,author,Anton Troianovski and David E. Sanger,New York Times,0.55,0.6,limited_donbas,unspecified / next few months,,0.35,0.423,58,no_invasion,"Of course, the most obvious scenario given the scale of troop movements on the ground is a Russian invasion of Ukraine — maybe not to take over the entire country but to send troops into the breakaway regions around the cities of Donetsk and Luhansk, or to roll all the way to the Dnieper River.","Of course, the most obvious scenario given the scale of troop movements on the ground is a Russian invasion of Ukraine — maybe not to take over the entire country but to send troops into the breakaway regions around the cities of Donetsk and Luhansk, or to roll all the way to the Dnieper River.","New York Times analysis presents invasion as the 'most obvious scenario' given troop buildup, with Pentagon examining multiple invasion options, though Russian diplomats deny invasion plans and the article emphasizes Putin's broader asymmetrical threats (nuclear deployments, cyberattacks) as potentially more likely than full invasion.",True,wayback,20220116121414
115,2022-01-17,kyivpost.com,en,Why to Attack Ukraine Again Would be a Monumental Folly for Putin - KyivPost,https://kyivpost.com/article/opinion/op-ed/why-to-attack-ukraine-again-would-be-a-monumental-folly-for-putin.html,opinion,author,Kyiv Post opinion contributor (unnamed),Kyiv Post,-0.85,0.8,full_scale,unspecified,,0.075,0.856,14,no_invasion,"With an economy going nowhere except down; a demographic crisis; and a nation looted, impoverished, dumbed-down, and repressed; attacking Ukraine and risking economic collapse and a military debacle would be the most monumental of Putin's several follies.","With an economy going nowhere except down; a demographic crisis; and a nation looted, impoverished, dumbed-down, and repressed; attacking Ukraine and risking economic collapse and a military debacle would be the most monumental of Putin's several follies.","A Kyiv Post opinion writer argues that a full-scale Russian invasion of Ukraine would be economically and militarily irrational for Putin, given Russia's stagnant economy, demographic crisis, and military constraints, concluding it would be a 'monumental folly.'",True,live,
116,2022-01-17,iz.ru,ru,The Week заявила о разоблачении Путиным блефа США и НАТО по Украине,https://iz.ru/1278226/2022-01-17/week-zaiavila-o-razoblachenii-putinym-blefa-ssha-i-nato-po-ukraine,news,analyst,Damon Linker,The Week,-0.7,0.75,none,unspecified,,0.15,0.722,28,no_invasion,"Ответ заключается в том, что мы попали сюда благодаря блефу — и очевидному решению президента России Владимира Путина разоблачить наш блеф.",The answer is that we got here because of a bluff — and Russia's President Vladimir Putin's apparent decision to call our bluff.,"Damon Linker (The Week) argues Putin is calling a US/NATO bluff and that military confrontation can be avoided if Washington retreats from its positions rather than continuing to bluff, implying invasion is not inevitable but a risk from escalation.",True,live,
117,2022-01-17,kyivpost.com,en,U.S. and NATO Will Support an Anti-Russian Insurgency if Kremlin Attacks - KyivPost,https://kyivpost.com/ukraine-politics/u-s-and-nato-will-support-an-anti-russian-insurgency-if-kremlin-attacks.html,news,official_western,U.S. Defense Secretary Lloyd J. Austin III and Gen. Mark A. Milley,U.S. Department of Defense,0.7,0.75,full_scale,unspecified,,0.85,0.023,98,invasion,"If Putin invades Ukraine with a major military force, U.S. and NATO military assistance — intelligence, cyber, anti-armor and anti-air weapons, offensive naval missiles — would ratchet up significantly.","If Putin invades Ukraine with a major military force, U.S. and NATO military assistance — intelligence, cyber, anti-armor and anti-air weapons, offensive naval missiles — would ratchet up significantly.","U.S. Defense officials (Austin, Milley) and NATO commanders warn that if Putin invades Ukraine with major military force, the U.S. and NATO would provide substantial military support and backing for an anti-Russian insurgency.",True,live,
118,2022-01-18,fpri.org,en,advice on ukraine,https://fpri.org/article/2022/01/advice-on-ukraine,opinion,analyst,Dov S. Zakheim,Center for Strategic and International Studies; Foreign Policy Research Institute,0.65,0.7,full_scale,unspecified,,0.825,0.031,97,invasion,"Russia potentially dismembers Ukraine or brings it back under its sway. Putin's next target very well might be a NATO ally–one of the Baltic States, perhaps, where a pretext for intervention on behalf of the ""Russian speakers"" might be the catalyst for a Russian operation.","Russia potentially dismembers Ukraine or brings it back under its sway. Putin's next target very well might be a NATO ally–one of the Baltic States, perhaps, where a pretext for intervention on behalf of the ""Russian speakers"" might be the catalyst for a Russian operation.","Dov Zakheim, a senior defense policy analyst, assesses that Russia under Putin poses a serious threat to Ukraine's sovereignty and may seek to dismember it or bring it back under Russian control, framing Ukraine as a critical flashpoint where the West must demonstrate firm commitment to deter Russian aggression.",True,wayback,20220118225331
119,2022-01-19,dw.com,en,Russia warned of ′high price′ of invading Ukraine | Business | Economy and finance news from a German perspective | DW,https://dw.com/en/russia-warned-of-high-price-of-invading-ukraine/av-60483459,interview,analyst,Alexander Libman,Eastern European policy expert,0.0,0.3,unclear,unspecified,,0.5,0.25,75,uncertain,The West has mulled excluding Russia from the international SWIFT payments system should it invade Ukraine.,The West has mulled excluding Russia from the international SWIFT payments system should it invade Ukraine.,"Alexander Libman, an Eastern European policy expert, discusses potential Western sanctions (SWIFT exclusion) conditional on a Russian invasion, but the article does not clearly state his assessment of invasion likelihood.",True,live,
120,2022-01-19,rand.org,en,will putin gamble all on a broader ukraine invasion,https://rand.org/blog/2015/05/will-putin-gamble-all-on-a-broader-ukraine-invasion.html,analysis,author,"Denis Corboy, William Courtney, Kenneth Yalowitz","RAND Corporation, King's College London",0.55,0.65,full_scale,unspecified,,0.775,0.051,95,invasion,"President Vladimir Putin may think that Russia can weather Western reactions if he decides to move beyond the occupied part of eastern Ukraine, perhaps seeking to forge a land bridge between Russia and Crimea. But will he consider economic and political constraints?","President Vladimir Putin may think that Russia can weather Western reactions if he decides to move beyond the occupied part of eastern Ukraine, perhaps seeking to forge a land bridge between Russia and Crimea. But will he consider economic and political constraints?","RAND analysts assess that Putin may rationally consider a broader Ukraine invasion to create a land bridge to Crimea, but face significant economic, political, and military constraints that should counsel caution, drawing parallels to the Soviet Afghanistan debacle.",True,live,
121,2022-01-20,carnegie.ru,en,Are We On the Brink of War? An Interview With Dmitri Trenin,https://carnegie.ru/commentary/86304,interview,analyst,Dmitri Trenin,Carnegie Moscow Center,-0.3,0.6,unclear,immediate future (coming month); longer term unspecified,,0.35,0.423,58,no_invasion,"In the immediate future, say, the coming month, I think the answer is no. As for the longer term, I have questions for both sides... I think it's unlikely. It's fraught with many negative consequences, and great human and financial losses.","In the immediate future, say, the coming month, I think the answer is no. As for the longer term, I have questions for both sides... I think it's unlikely. It's fraught with many negative consequences, and great human and financial losses.","Dmitri Trenin (Carnegie Moscow Center) assesses that military conflict is unlikely in the immediate month ahead, but describes two longer-term scenarios: a diplomatic resolution where Russia settles for negotiating concessions, or a more aggressive scenario involving use of force and territorial expansion, which he deems unlikely but possible depending on Putin's strategic choice.",True,live,
122,2022-01-20,rand.org,en,ukraine needs help surviving airstrikes not just killing,https://rand.org/blog/2022/01/ukraine-needs-help-surviving-airstrikes-not-just-killing.html,analysis,analyst,Dara Massicot,RAND Corporation,0.75,0.85,full_scale,near or intermediate term,,0.875,0.016,98,invasion,"If the Kremlin orders a large-scale move on Ukraine, it is likely to take the form of a multidomain operation, beginning with air and standoff missile strikes that could prove decisive—and devastating—long before short-range defenses come into play.","If the Kremlin orders a large-scale move on Ukraine, it is likely to take the form of a multidomain operation, beginning with air and standoff missile strikes that could prove decisive—and devastating—long before short-range defenses come into play.","RAND analyst Dara Massicot assesses that if Russia orders a large-scale invasion of Ukraine, it will likely begin with devastating air and standoff missile strikes in a multidomain operation, and that Western defensive aid should focus on air defense and survival rather than anti-invasion tactics.",True,live,
123,2022-01-21,theconversation.com,en,5 things to know about why Russia might invade Ukraine – and why the US is involved,https://theconversation.com/5-things-to-know-about-why-russia-might-invade-ukraine-and-why-the-us-is-involved-175371,analysis,author,Eastern Europe expert (unnamed),The Conversation / academic,0.35,0.6,limited_donbas,unspecified / imminent,,0.35,0.423,58,no_invasion,"While a full scale invasion of Ukraine is unlikely, Putin might renew fighting between the Ukrainian army and Russia-backed separatists in eastern Ukraine.","While a full scale invasion of Ukraine is unlikely, Putin might renew fighting between the Ukrainian army and Russia-backed separatists in eastern Ukraine.","An Eastern Europe expert assesses that while full-scale invasion is unlikely, Putin may renew limited fighting in Donbas; U.S. officials warn invasion could come 'any day,' but the author emphasizes Putin's sense of impunity and limited Western repercussions as drivers of aggression rather than certainty of invasion.",True,live,
124,2022-01-21,theconversation.com,en,Comment la Russie peut attaquer l'Ukraine et comment Kiev peut résister,https://theconversation.com/comment-la-russie-peut-attaquer-lukraine-et-comment-kiev-peut-resister-175374,analysis,author,The Conversation (academic contributor),The Conversation,0.7,0.75,full_scale,unspecified,,0.85,0.023,98,invasion,"La Russie bluffe-t-elle ou un conflit armé plus poussé est-il à craindre en Ukraine ? [...] Par son intransigeance diplomatique et ses menaces militaires répétées, le Kremlin s'est lui-même placé dans une position inextricable, où l'usage de la force apparaît comme le seul moyen de rester crédible.","Is Russia bluffing or should a more intense armed conflict in Ukraine be feared? [...] Through its diplomatic intransigence and repeated military threats, the Kremlin has placed itself in an inextricable position where the use of force appears as the only way to remain credible.","The author analyzes multiple military invasion scenarios (east, south, north, west) and argues that Russia's diplomatic failures and repeated threats have cornered the Kremlin into a position where military force appears necessary for credibility, while assessing Ukraine's defensive capacity as limited without Western support.",True,live,
125,2022-01-21,nationalinterest.org,en,Did Biden Give Putin a 'Green Light' to Invade Ukraine?,https://nationalinterest.org/blog/buzz/did-biden-give-putin-green-light-invade-ukraine-199781,opinion,author,Kris Osborn,National Interest,0.6,0.5,full_scale,imminent,,0.8,0.04,96,invasion,"After apparently drawing a distinction between a potential Russian 'incursion' and an 'invasion' of Ukraine during a news conference on Wednesday, President Joe Biden was accused by Ukrainian officials of giving Russian president Vladimir Putin a 'green light' to invade.","After apparently drawing a distinction between a potential Russian 'incursion' and an 'invasion' of Ukraine during a news conference on Wednesday, President Joe Biden was accused by Ukrainian officials of giving Russian president Vladimir Putin a 'green light' to invade.","Osborn reports that Ukrainian officials fear Biden's distinction between 'incursion' and 'invasion' signals a green light for Russian invasion, though the White House clarifies that any Russian military crossing would trigger a swift response; the article frames invasion as imminent but leaves the outcome uncertain.",True,wayback,20220122151146
126,2022-01-21,washingtonpost.com,en,Putin has many options short of a multi-front invasion of Ukraine,https://washingtonpost.com/national-security/putin-ukraine-attack-options/2022/01/21/6ffc80ba-7ae0-11ec-b79d-e53ef5e1fbe2_story.html,analysis,analyst,Rob Lee,"King's College London, War Studies Department",0.65,0.7,full_scale,unspecified,,0.825,0.031,97,invasion,"Military analyst Rob Lee, of the war studies department at King's College London, believes that a Russian military operation against Ukraine is more likely than not, in part because of the unprecedented scale of the Russian military buildup underway around the country.","Military analyst Rob Lee, of the war studies department at King's College London, believes that a Russian military operation against Ukraine is more likely than not, in part because of the unprecedented scale of the Russian military buildup underway around the country.","Rob Lee (King's College London) assesses Russian military operation against Ukraine as more likely than not given unprecedented buildup, while Trenin and Lukyanov argue Moscow seeks leverage for negotiations rather than invasion.",True,wayback,20220122012646
127,2022-01-22,lb.ua,uk,"Кулеба: якщо дозволимо страху розхитати Україну зсередини, Путіну і нападати не доведеться",https://lb.ua/news/2022/01/22/503721_kuleba_yakshcho_dozvolimo_strahu.html,interview,official_ukrainian,Дмитро Кулеба (Dmytro Kuleba),Ministry of Foreign Affairs of Ukraine,-0.65,0.7,full_scale,unspecified,,0.175,0.681,32,no_invasion,"Ще немає, немає атаки. Більше того, навіть немає повної бойової готовності цієї російської сили на здійснення атаки... Путіну і не доведеться нападати, тому що все посиплеться саме по собі","There is no attack yet. Moreover, there is not even full combat readiness of this Russian force to carry out an attack... Putin will not need to attack, because everything will fall apart on its own","Ukrainian Foreign Minister Kuleba argues Russia lacks full combat readiness and will not attack if Ukraine maintains internal stability; however, Western partners (Biden cited) warn invasion is imminent if Russian forces cross the border.",True,live,
128,2022-01-23,atlanticcouncil.org,en,Putin is threatening not just Ukraine but post-Cold War principles. And the stakes are generational.,https://atlanticcouncil.org/content-series/inflection-points/putin-is-threatening-not-just-ukraine-but-post-cold-war-principles-and-the-stakes-are-generational,analysis,author,Frederick Kempe,Atlantic Council,0.65,0.6,limited_strikes_or_partial,"unspecified, imminent",,0.45,0.303,70,uncertain,"Putin's actions are likely to be craftier and messier than many expect, designed to divide NATO allies and the United States on how best to respond... it could just as easily provide sufficient time to complete military preparations for an incursion.","Putin's actions are likely to be craftier and messier than many expect, designed to divide NATO allies and the United States on how best to respond... it could just as easily provide sufficient time to complete military preparations for an incursion.","Frederick Kempe (Atlantic Council) assesses that Putin will likely make some form of military incursion into Ukraine, probably limited and designed to divide allies, though the exact nature remains uncertain; the article emphasizes high stakes and imminent risk.",True,live,
129,2022-01-24,foreignpolicy.com,en,russia ukraine putin panic war unlikely,https://foreignpolicy.com/2022/01/24/russia-ukraine-putin-panic-war-unlikely,analysis,author,Jeff Hawn,London School of Economics and Political Science,-0.75,0.8,full_scale,unspecified (imminent context),,0.125,0.766,23,no_invasion,"While a full-scale invasion across Ukraine remains highly unlikely, there are a range of other options open to Russia, including a formal recognition of the Ukrainian breakaway regions or even more limited strikes against Ukraine's forward military positions.","While a full-scale invasion across Ukraine remains highly unlikely, there are a range of other options open to Russia, including a formal recognition of the Ukrainian breakaway regions or even more limited strikes against Ukraine's forward military positions.","Jeff Hawn argues that a full-scale Russian invasion of Ukraine is highly unlikely, attributing prior alarmism to misinterpretation of routine military exercises and repositioning; he contends Russia seeks peer-to-peer negotiations rather than war, though limited strikes remain possible.",True,live,
130,2022-01-24,foreignpolicy.com,en,west europe putin russia ukraine deter war,https://foreignpolicy.com/2022/01/24/west-europe-putin-russia-ukraine-deter-war,analysis,author,Caroline de Gruyter,Foreign Policy,0.15,0.4,unclear,next days and weeks,,0.575,0.181,82,uncertain,"Even if Russia never invades Ukraine, it is accomplishing one of its major goals in Europe. Whatever else he ultimately decides to do, Russian President Vladimir Putin has succeeded at keeping the West's diplomats busy in recent months.","Even if Russia never invades Ukraine, it is accomplishing one of its major goals in Europe. Whatever else he ultimately decides to do, Russian President Vladimir Putin has succeeded at keeping the West's diplomats busy in recent months.",Caroline de Gruyter argues that Putin may not intend to invade Ukraine but is using troop movements to achieve strategic goals; she remains agnostic on invasion likelihood while critiquing Western deterrence strategy.,True,live,
131,2022-01-24,kyivpost.com,en,The British Bulldog Spirit: Here's How to Deter a Further Russian Invasion of Ukraine - KyivPost,https://kyivpost.com/article/opinion/op-ed/the-british-bulldog-spirit-heres-how-to-deter-a-further-russian-invasion-of-ukraine.html,opinion,author,Dr. Robert Zubrin,aerospace engineer (independent),0.85,0.9,full_scale,unspecified,,0.925,0.006,99,invasion,"It is now apparent that unless further actions are taken to deter him, Vladimir Putin will be tempted to proceed with his plan to mount a full-scale invasion of Ukraine.","It is now apparent that unless further actions are taken to deter him, Vladimir Putin will be tempted to proceed with his plan to mount a full-scale invasion of Ukraine.","Dr. Robert Zubrin argues that Putin will proceed with a full-scale invasion of Ukraine unless deterred by Ukraine threatening to destroy Russian gas pipelines, framing this as necessary to prevent war.",True,live,
132,2022-01-24,responsiblestatecraft.org,en,Anatol Lieven: Freeze NATO expansion now or risk war,https://responsiblestatecraft.org/2022/01/24/anatol-lieven-freeze-nato-expansion-now-or-risk-war-video,opinion,analyst,Anatol Lieven,Quincy Institute,0.65,0.7,full_scale,unspecified,,0.825,0.031,97,invasion,why the U.S. and NATO must decide whether denying Russia is worth the bloody conflict that it might cause,why the U.S. and NATO must decide whether denying Russia is worth the bloody conflict that it might cause,"Anatol Lieven (Quincy Institute) argues that if NATO refuses to freeze expansion and close its doors to Ukraine, Russia may launch a bloody conflict, framing invasion as a plausible consequence of current Western policy.",True,live,
133,2022-01-24,warontherocks.com,en,putins wager in russias standoff with the west,https://warontherocks.com/2022/01/putins-wager-in-russias-standoff-with-the-west,analysis,author,Michael Kofman (War on the Rocks),War on the Rocks,0.85,0.9,full_scale,coming weeks,,0.925,0.006,99,invasion,"A large war in Europe is likely in the coming weeks... it seems plausible that Russian forces would seize Ukraine's eastern regions, as well as the southern port city of Odessa, and encircle Kyiv... A dramatic expansion of the war is now the most probable outcome.","A large war in Europe is likely in the coming weeks... it seems plausible that Russian forces would seize Ukraine's eastern regions, as well as the southern port city of Odessa, and encircle Kyiv... A dramatic expansion of the war is now the most probable outcome.","Michael Kofman argues that a large-scale Russian military invasion of Ukraine is now the most probable outcome in the coming weeks, with Russia likely seeking regime change and control of eastern regions and Odessa, driven by Putin's preference for military solutions over genuine diplomacy.",False,live,
134,2022-01-25,spectator.co.uk,en,Putin's big bluff | The Spectator,https://spectator.co.uk/article/putin-s-big-bluff,analysis,author,Paul Wood,The Spectator,-0.7,0.65,limited_strikes_or_partial,late February 2022 / unspecified,,0.15,0.722,28,no_invasion,"We should, though, consider for a moment the possibility that Vladimir Putin is bluffing, at least about a full-scale invasion... Marching on Kiev might end up toppling Russia's government, not Ukraine's.","We should, though, consider for a moment the possibility that Vladimir Putin is bluffing, at least about a full-scale invasion... Marching on Kiev might end up toppling Russia's government, not Ukraine's.","Paul Wood argues Putin is likely bluffing about a full-scale invasion, citing domestic political motives and risks of heavy casualties, though he acknowledges Biden and Western officials believe invasion is imminent; Wood predicts any Russian action would be limited and designed to confuse, similar to 2014.",True,wayback,20220125165138
135,2022-01-25,theguardian.com,en,Panic is the wrong response to the unlikely prospect of a land invasion in Ukraine | Keir Giles,https://theguardian.com/commentisfree/2022/jan/25/panic-invasion-ukraine-buildup-troops-moscow,opinion,author,Keir Giles,Chatham House,-0.75,0.8,none,unspecified,,0.125,0.766,23,no_invasion,"Except, it hasn't happened – and it's not likely to happen, at least in the form that's most commonly imagined. Russia has used the bright, shiny object of an obvious troop concentration to panic the west into considering seriously its demands for rolling back Nato.","Except, it hasn't happened – and it's not likely to happen, at least in the form that's most commonly imagined. Russia has used the bright, shiny object of an obvious troop concentration to panic the west into considering seriously its demands for rolling back Nato.","Keir Giles (Chatham House) argues a full-scale Russian land invasion of Ukraine is unlikely and represents strategic deception; Russia is using troop concentration as leverage for NATO concessions rather than genuine invasion preparation, and may pursue alternative hostile actions instead.",True,wayback,20220125160943
136,2022-01-25,rusi.org,en,russias demands its not about ukraine its about recreating empire,https://rusi.org/explore-our-research/publications/commentary/russias-demands-its-not-about-ukraine-its-about-recreating-empire,analysis,author,Oleksandr V Danylyuk,RUSI,0.7,0.75,full_scale,unspecified,,0.85,0.023,98,invasion,"Russia has traditionally viewed its allies as a sphere of exclusive influence, and the existence of security agreements as a right to interfere in the domestic politics of these countries, including through military invasion.","Russia has traditionally viewed its allies as a sphere of exclusive influence, and the existence of security agreements as a right to interfere in the domestic politics of these countries, including through military invasion.","RUSI analyst Danylyuk argues Russia's imperial agenda and historical pattern of military intervention in its sphere of influence suggests a full-scale invasion of Ukraine is plausible as part of broader regional domination, though he critiques analysts for underestimating non-military dimensions of Russian aggression.",True,live,
137,2022-01-26,theconversation.com,en,Ukraine: Russians I met recently in St Petersburg believe there will be no invasion – foreign policy expert,https://theconversation.com/ukraine-russians-i-met-recently-in-st-petersburg-believe-there-will-be-no-invasion-foreign-policy-expert-175668,analysis,author,Foreign policy expert (unnamed),The Conversation / academic,-0.7,0.75,limited_donbas,unspecified,,0.15,0.722,28,no_invasion,No one I spoke with during my two weeks in St Petersburg seriously considered the possibility of a large-scale Russian invasion of Ukraine... there is no convincing argument to explain what such an invasion could possibly achieve.,No one I spoke with during my two weeks in St Petersburg seriously considered the possibility of a large-scale Russian invasion of Ukraine... there is no convincing argument to explain what such an invasion could possibly achieve.,"A foreign policy expert argues, based on interviews in St Petersburg and Russian expert consensus, that a large-scale Russian invasion is unlikely and economically irrational, though limited escalation in Donbas remains possible; Western officials and media assess invasion as more credible.",True,wayback,20220126142259
138,2022-01-26,theguardian.com,en,Focused Russian attack on Ukraine seen as more likely than full-scale invasion,https://theguardian.com/world/2022/jan/26/focused-russian-attack-on-ukraine-seen-as-more-likely-than-full-scale-invasion,analysis,analyst,"Konrad Muzyka, Nick Reynolds, Andriy Zagorodnyuk, and western experts","Rochan Consulting, RUSI, Centre for Defence Strategies, western officials",-0.65,0.75,limited_donbas,"near future / after 4 February, window after 20 February",,0.175,0.681,32,no_invasion,"Russia does not currently have enough troops on the border with Ukraine to carry out a full-scale military invasion and occupation of the country, according to western experts and senior officials in Kyiv. They believe a Russian attack to capture most or all of Ukraine in the near future is unlikely.","Russia does not currently have enough troops on the border with Ukraine to carry out a full-scale military invasion and occupation of the country, according to western experts and senior officials in Kyiv. They believe a Russian attack to capture most or all of Ukraine in the near future is unlikely.","Western experts and Ukrainian officials assess that full-scale invasion is unlikely due to insufficient troop numbers, but a focused attack on Donbas/Mariupol is more probable, with a potential window after 20 February.",True,live,
139,2022-01-26,theconversation.com,en,It's just a 'panic attack' – Russian media blames US for escalating Ukraine crisis,https://theconversation.com/its-just-a-panic-attack-russian-media-blames-us-for-escalating-ukraine-crisis-175482,analysis,author,Dmitry Adamsky (implied historian/analyst),The Conversation / academic,0.0,0.3,unclear,unspecified,,0.5,0.25,75,uncertain,"As Western news outlets warn of a 'countdown to war,' Kremlin-controlled Russian television has a different take, accusing the U.S. of 'hysteria' in its insistence that President Vladimir Putin is about to invade Ukraine.","As Western news outlets warn of a 'countdown to war,' Kremlin-controlled Russian television has a different take, accusing the U.S. of 'hysteria' in its insistence that President Vladimir Putin is about to invade Ukraine.","The author analyzes competing Russian and Western narratives about invasion risk: Western outlets warn of imminent war, while Kremlin media dismisses this as U.S. hysteria and propaganda, though the article itself takes no definitive stance on likelihood.",True,wayback,20220126135528
140,2022-01-26,theatlantic.com,en,Vladimir Putin's No Chess Master - The Atlantic,https://theatlantic.com/ideas/archive/2022/01/russia-ukraine-putin-nato/621370,opinion,author,Eliot A. Cohen,"The Atlantic, Johns Hopkins SAIS, CSIS",0.55,0.7,full_scale,unspecified,,0.775,0.051,95,invasion,"A Russian onslaught, to include air and missile strikes followed by invasion, would be a lot worse. Thousands of people may die... But the stakes are higher for Russia... A Russia isolated from the West and punished by economic sanctions will become, more than it already is, a kind of vassal state to China.","A Russian onslaught, to include air and missile strikes followed by invasion, would be a lot worse. Thousands of people may die... But the stakes are higher for Russia... A Russia isolated from the West and punished by economic sanctions will become, more than it already is, a kind of vassal state to China.","Eliot Cohen argues that while a Russian full-scale invasion is possible and would be catastrophic, Putin's position is weaker than commonly believed; the costs to Russia would be severe, and Western resolve is stronger than the hand-wringing suggests—leaning toward skepticism of invasion but acknowledging it as a real threat.",True,wayback,20220126191051
141,2022-01-27,rferl.org,en,"Moscow Faces 'Massive Consequences' If It Invades Ukraine, Blinken Tells RFE/RL",https://rferl.org/a/blinken-ukraine-russia--interview-rferl/31674633.html,interview,official_western,Antony Blinken,U.S. State Department,0.7,0.75,full_scale,unspecified,,0.85,0.023,98,invasion,"We can see a massing of Russian forces on Ukraine borders-- the south, east, the north-- that is larger than at any time since 2014. And we're aware of plans to double the size of those forces on very, very short notice as well as efforts to destabilize Ukraine from within.","We can see a massing of Russian forces on Ukraine borders-- the south, east, the north-- that is larger than at any time since 2014. And we're aware of plans to double the size of those forces on very, very short notice as well as efforts to destabilize Ukraine from within.","U.S. Secretary of State Antony Blinken warns Russia faces 'massive consequences' if it chooses aggression against Ukraine, presenting two paths (diplomacy or invasion), while acknowledging uncertainty about Putin's endgame and noting unprecedented Russian military massing near Ukraine's borders.",True,live,
142,2022-01-27,theconversation.com,en,Russie-Ukraine : la guerre est-elle inévitable ?,https://theconversation.com/russie-ukraine-la-guerre-est-elle-inevitable-175774,analysis,author,Unnamed analyst/academic,The Conversation,0.65,0.7,full_scale,"weeks (around Beijing Olympics, Feb 4-21)",,0.825,0.031,97,invasion,"une offensive de la Russie, si ses exigences ne sont pas satisfaites, apparaît à ce stade comme une possibilité alors même qu'elle aurait pour tous des conséquences désastreuses.","A Russian offensive, if its demands are not met, appears at this stage as a possibility even though it would have disastrous consequences for all.","The author assesses a Russian full-scale invasion as a plausible possibility (not inevitable) if demands are unmet, with timing potentially aligned to Beijing Olympics (Feb 4-21), citing historical precedent and current military deployments.",True,live,
143,2022-01-31,valdaiclub.com,ru,Ukraine: Three Scenarios After the Answer From Washington,https://valdaiclub.com/a/highlights/ukraine-three-scenarios,analysis,analyst,Ivan Timofeev,Valdai Club,-0.35,0.7,full_scale,unspecified,,0.325,0.456,54,no_invasion,"The costs of a possible war between Russia and Ukraine far outweigh the benefits. The war is fraught with significant risks to the economy, political stability and Russian foreign policy. It fails to solve key security problems, while it creates many new ones.","The costs of a possible war between Russia and Ukraine far outweigh the benefits. The war is fraught with significant risks to the economy, political stability and Russian foreign policy. It fails to solve key security problems, while it creates many new ones.","Ivan Timofeev (Valdai Club) presents three scenarios for Ukraine, with his own conclusion that war's costs far outweigh benefits, leaning against invasion, though he acknowledges the 'War' scenario as a plausible Russian calculation.",True,live,
144,2022-01-31,foreignpolicy.com,en,poll russia ukraine invasion crisis biden response,https://foreignpolicy.com/2022/01/31/poll-russia-ukraine-invasion-crisis-biden-response,poll,poll,TRIP project (College of William & Mary) and Sie Center (University of Denver),College of William & Mary Global Research Institute; University of Denver Sie Center,0.6,0.75,unclear,next year (within 12 months from Dec 2021–Jan 2022),0.56,0.56,0.194,81,uncertain,"When asked if Russia will use military force against Ukrainian troops or in any unoccupied parts of Ukrainian territory in the next year, 56 percent of IR experts said yes, and only 20 percent said no.","When asked if Russia will use military force against Ukrainian troops or in any unoccupied parts of Ukrainian territory in the next year, 56 percent of IR experts said yes, and only 20 percent said no.","A poll of 362 U.S. international relations scholars finds 56% predict Russia will use military force against Ukraine within the next year, with 20% saying no and significant uncertainty among the remainder; experts overwhelmingly oppose direct U.S. military response but favor sanctions and lethal aid.",True,live,
145,2022-01-31,svoboda.org,ru,"""Войну с Украиной нам не простят""",https://svoboda.org/a/voinu-s-ukrainoi-nam-ne-prostyat-intelligencia-protiv-partii-voiny/31679967.html,news,mixed,"Lev Shlosberg, Boris Vishnevsky, Svetlana Gannushkina",Russian opposition politicians and human rights activists,0.7,0.75,full_scale,imminent (January-February 2022),,0.85,0.023,98,invasion,"По мнению заместителя председателя партии ""Яблоко"" Бориса Вишневского, вероятность военного конфликта между Россией и Украиной сейчас выше, чем, например, в апреле прошлого года... Если, не дай бог, она начнется, поздно будет подписывать воззвание.","According to Boris Vishnevsky, deputy chairman of the Yabloko party, the probability of military conflict between Russia and Ukraine is now higher than, for example, in April last year... If, God forbid, it begins, it will be too late to sign an appeal.","Russian opposition figures and human rights activists, citing Ukrainian intelligence and US media reports of troop movements, assess that military conflict is now more likely than in April 2021, with Vishnevsky warning that war may be imminent unless prevented; the Kremlin denies invasion preparations.",True,live,
146,2022-01-31,lowyinstitute.org,en,Flexing US muscle over Ukraine best way to deter alpha male Vladimir Putin,https://lowyinstitute.org/publications/flexing-us-muscle-over-ukraine-best-way-deter-alpha-male-vladimir-putin,opinion,author,Alan Dupont,Lowy Institute,0.7,0.75,full_scale,unspecified,,0.85,0.023,98,invasion,If Russian President Vladimir Putin successfully imposes his will on an independent nation by force of arms or a manufactured political coup then the sovereignty of all nations is jeopardised... Putin is 'laying the groundwork for an invasion because he doesn't believe that Ukraine is a sovereign nation'.,If Russian President Vladimir Putin successfully imposes his will on an independent nation by force of arms or a manufactured political coup then the sovereignty of all nations is jeopardised... Putin is 'laying the groundwork for an invasion because he doesn't believe that Ukraine is a sovereign nation'.,"Alan Dupont (Lowy Institute) argues that Putin is laying groundwork for a full-scale invasion and that the West must deter him through military aid, troop deployment, and sanctions; he assesses invasion as a serious risk if deterrence fails.",True,live,
147,2022-02-01,mk.ru,ru,Разгадка войны: истерика о российском вторжении помогает Путину и Байдену,https://mk.ru/politics/2022/02/01/razgadka-voyny-isterika-o-rossiyskom-vtorzhenii-pomogaet-putinu-i-baydenu.html,opinion,author,mk.ru columnist,mk.ru,-0.7,0.6,none,unspecified,,0.15,0.722,28,no_invasion,"вся эта информационная истерика нужна только для того, чтобы подтолкнуть Украину к подвижкам в решении вопроса Донбасса... реального жесткого противостояния не хочет никто.",all this information hysteria is needed only to push Ukraine toward movement on the Donbas question... no one wants real hard confrontation.,"A mk.ru columnist argues that invasion threats are orchestrated information theater by Putin and Biden to pressure Ukraine on Donbas, not a genuine military plan, though acknowledges it could still happen.",True,live,
148,2022-02-01,theatlantic.com,en,Why Democrats and Republicans Don't Want War with Russia,https://theatlantic.com/politics/archive/2022/02/russia-ukraine-war-biden/621422,analysis,author,Staff writer at The Atlantic,The Atlantic,0.15,0.4,full_scale,unspecified,,0.575,0.181,82,uncertain,"The Biden administration, which at times has treated a Russian invasion of Ukraine as something close to an inevitability, doesn't seem much more confident.","The Biden administration, which at times has treated a Russian invasion of Ukraine as something close to an inevitability, doesn't seem much more confident.","The Atlantic's analysis suggests the Biden administration treats a Russian invasion of Ukraine as near-inevitable, though with limited confidence in deterrence; broad political consensus opposes direct U.S. military intervention but supports sanctions and aid.",True,wayback,20220201113001
149,2022-02-02,newstatesman.com,en,Dispatch: Ordinary Russians don't want war with Ukraine,https://newstatesman.com/world/europe/2022/02/ordinary-russians-cannot-imagine-war-with-their-brothers-in-ukraine,analysis,author,Edward Docx (implied author/correspondent),New Statesman,-0.65,0.6,none,unspecified,,0.175,0.681,32,no_invasion,"Perhaps it is the half-remembered ghosts of Marxism-Leninism that inform many Russians' conviction not that war with Ukraine must not happen, but that it cannot happen.","Perhaps it is the half-remembered ghosts of Marxism-Leninism that inform many Russians' conviction not that war with Ukraine must not happen, but that it cannot happen.","Author reports that ordinary Russians and even state-media figures believe war with Ukraine is impossible or cannot happen, despite Western concern and troop massing; the article emphasizes cultural and historical ties that Russians believe preclude conflict.",True,wayback,20220202134304
150,2022-02-02,rand.org,en,should nato close its doors,https://rand.org/blog/2022/02/should-nato-close-its-doors.html,analysis,author,James Dobbins,RAND Corporation,0.65,0.75,full_scale,unspecified,,0.825,0.031,97,invasion,Putin has repeatedly demonstrated that Russia is capable and willing to use armed force to prevent further NATO encroachment on its borders... Closing the NATO door could save Ukraine from a Russian invasion and even enable it to recover some of its lost territory.,Putin has repeatedly demonstrated that Russia is capable and willing to use armed force to prevent further NATO encroachment on its borders... Closing the NATO door could save Ukraine from a Russian invasion and even enable it to recover some of its lost territory.,"James Dobbins (RAND) argues that NATO's open-door policy is anachronistic and dangerous, and that Russia under Putin has demonstrated willingness to use force to prevent NATO encroachment; he suggests closing NATO's door could prevent a Russian invasion of Ukraine, though doing so under Russian pressure would damage credibility.",True,live,
151,2022-02-02,nytimes.com,en,Biden Calls Out Putin's Actions; Is He Pushing Moscow to War?,https://nytimes.com/2022/02/02/us/politics/biden-putin-strategy.html,analysis,author,Steven Erlanger (implied NYT analyst),New York Times,0.55,0.65,unclear,by end of Feb 2022,,0.775,0.051,95,invasion,"But several echoed Mr. Biden's statement two weeks ago at a news conference, when he said, 'My guess is he will move in. He has to do something.'","But several echoed Mr. Biden's statement two weeks ago at a news conference, when he said, 'My guess is he will move in. He has to do something.'","The article presents mixed expert views on whether Putin will invade: Biden and some officials believe he will move in by late February, but Zelensky and some diplomats suggest Putin may be seeking a way out through negotiations; the scope and timing remain uncertain.",True,wayback,20220203000928
152,2022-02-02,rusi.org,en,russia will not stop ukraine,https://rusi.org/explore-our-research/publications/commentary/russia-will-not-stop-ukraine,analysis,author,Natia Seskuria,RUSI (Royal United Services Institute),0.75,0.8,full_scale,unspecified,,0.875,0.016,98,invasion,"As diplomacy seems to be failing, the probability that Russia will move in and invade Ukraine once again seems high.","As diplomacy seems to be failing, the probability that Russia will move in and invade Ukraine once again seems high.","Natia Seskuria (RUSI) assesses that the probability of Russian invasion of Ukraine is high, citing failed diplomacy, troop buildups, cyber attacks, and Russia's pattern of laying false-flag groundwork similar to 2008 Georgia and 2014 Crimea operations.",True,live,
153,2022-02-03,foreignpolicy.com,en,russia couldnt occupy ukraine if it wanted to,https://foreignpolicy.com/2022/02/03/russia-couldnt-occupy-ukraine-if-it-wanted-to,analysis,author,Alexander Clarkson,King's College London,-0.65,0.75,full_scale,unspecified,,0.175,0.681,32,no_invasion,"For all the strengthening of the Russian military in the past decade and differences in context between these examples, the precedents they set make it more difficult to see how 130,000 Russian troops currently on Ukrainian borders could sustain a stable occupation regime unless their numbers were substantially increased further.","For all the strengthening of the Russian military in the past decade and differences in context between these examples, the precedents they set make it more difficult to see how 130,000 Russian troops currently on Ukrainian borders could sustain a stable occupation regime unless their numbers were substantially increased further.","Alexander Clarkson argues that while a full-scale Russian invasion is theoretically possible, Russia lacks sufficient troops and resources to occupy and hold Ukraine long-term, though he acknowledges other military scenarios (limited operations, destabilization) remain plausible.",True,live,
154,2022-02-03,cnn.com,en,Five things Putin could do to Ukraine that don't involve outright invasion,https://cnn.com/2022/02/03/europe/putin-ukraine-options-intl-cmd,analysis,author,CNN analysis team (byline not specified in excerpt),CNN,0.15,0.4,unclear,weeks; by early February,,0.575,0.181,82,uncertain,"Russia's critics and advocates alike agree that a full-scale invasion – of the depth and pace the Biden administration seem convinced is going to happen – could be catastrophic. So, what else could Putin do?","Russia's critics and advocates alike agree that a full-scale invasion – of the depth and pace the Biden administration seem convinced is going to happen – could be catastrophic. So, what else could Putin do?","CNN analysis suggests Putin has multiple alternatives to full-scale invasion (doing nothing, limited recognition of separatists, leaving troops in Belarus, or unexpected moves), implying full invasion is not inevitable despite White House warnings, though the article acknowledges Biden administration conviction that it will happen.",True,live,
155,2022-02-03,warontherocks.com,en,how would the american public respond to a russian invasion of ukraine,https://warontherocks.com/2022/02/how-would-the-american-public-respond-to-a-russian-invasion-of-ukraine,analysis,poll,"Multiple polling organizations (Chicago Council on Global Affairs, Gallup, Pew, Economist-YouGov, YouGov-Charles Koch Institute)",Various polling firms and think tanks,0,0.3,unclear,unspecified,,0.5,0.25,75,uncertain,"President Joe Biden has said that Russia would experience 'enormous consequences' if it invaded Ukraine, but that he has 'no intention' of moving military forces into the country. Opinion polls suggest this might be more or less what the American people want.","President Joe Biden has said that Russia would experience 'enormous consequences' if it invaded Ukraine, but that he has 'no intention' of moving military forces into the country. Opinion polls suggest this might be more or less what the American people want.","Multiple polling organizations report divided American public opinion on whether the U.S. should respond militarily to a hypothetical Russian invasion of Ukraine, with support ranging from 27% to 50% depending on question framing, but the article does not itself predict whether Russia will invade.",True,live,
156,2022-02-03,theconversation.com,en,US troops head to Eastern Europe: 4 essential reads on the Ukraine crisis,https://theconversation.com/us-troops-head-to-eastern-europe-4-essential-reads-on-the-ukraine-crisis-175412,analysis,mixed,"Multiple experts (Feinstein, Budjeryn, Kocho-Williams, Hooper, Allen, Martinez Machain, Flynn)","Indiana University, Harvard Kennedy School, Clarkson University, College of the Holy Cross, Boise State University, Kansas State University",0.55,0.5,full_scale,unspecified,,0.775,0.051,95,invasion,"The question is whether the U.S. troop buildup in Eastern Europe will succeed where international agreements have failed; will it deter Putin from transgressing Ukraine's border? In 2014, Russia annexed the Crimean peninsula.","The question is whether the U.S. troop buildup in Eastern Europe will succeed where international agreements have failed; will it deter Putin from transgressing Ukraine's border? In 2014, Russia annexed the Crimean peninsula.","Multiple academic experts assess that while deterrence and diplomacy matter, Russia's decision to invade Ukraine remains uncertain; the article frames invasion as a real possibility but not inevitable, with emphasis on deterrence effectiveness being the open question.",True,live,
157,2022-02-04,nationalinterest.org,en,Why Biden Should Give Diplomacy With Russia a Chance,https://nationalinterest.org/feature/why-biden-should-give-diplomacy-russia-chance-200390,opinion,author,Dmitry Adamsky (implied by byline context; article discusses Moscow conversations),National Interest / academic/policy analyst,-0.7,0.75,limited_donbas,"unspecified, but 'soon, perhaps this month' dismissed as unlikely",,0.15,0.722,28,no_invasion,"The suggestion that Moscow will proceed with a massive, unprovoked attack—with Russian tank columns driving straight into Ukraine's Javelin-strengthened defenses—and that it will happen soon, perhaps this month, is questionable at best.","The suggestion that Moscow will proceed with a massive, unprovoked attack—with Russian tank columns driving straight into Ukraine's Javelin-strengthened defenses—and that it will happen soon, perhaps this month, is questionable at best.","The author argues that a full-scale Russian invasion of Ukraine is unlikely and based on Western misreading of Putin's strategy; Russia is more likely to wait for a Ukrainian provocation or escalate in Donbas in response to NATO arms transfers, rather than launch an unprovoked all-out attack.",True,wayback,20220204224932
158,2022-02-04,pbs.org,en,"Biden's national security adviser on U.S. commando raid in Syria, tensions with Russia",https://pbs.org/newshour/show/biden-national-security-official-on-isis-commando-raid-in-syria-tensions-with-russia,interview,official_western,Jonathan Finer,White House / Biden Administration,0.75,0.8,full_scale,unspecified,,0.875,0.016,98,invasion,"whatever Russian officials are saying in public about their intentions, we have to take that with a grain of salt because of what we're actually seeing with our own eyes... that is why the United States is being so explicit about the cost that Russia will face if it chooses to launch another military invasion of Ukraine","whatever Russian officials are saying in public about their intentions, we have to take that with a grain of salt because of what we're actually seeing with our own eyes... that is why the United States is being so explicit about the cost that Russia will face if it chooses to launch another military invasion of Ukraine","Jonathan Finer, Biden's deputy national security adviser, assesses that Russia is seriously preparing for military invasion of Ukraine based on 100,000+ troops massed on the border and in Belarus, and warns of severe sanctions if Russia chooses military action over diplomacy.",True,live,
159,2022-02-07,mk.ru,ru,Экс-министр обороны Украины усомнился в полномасштабном «вторжении» России,https://mk.ru/politics/2022/02/07/eksministr-oborony-ukrainy-usomnilsya-v-polnomasshtabnom-vtorzhenii-rossii.html,news,official_ukrainian,Andrey Zahorodnyuk,Former Ukrainian Minister of Defence,-0.6,0.7,full_scale,unspecified,,0.2,0.64,36,no_invasion,"В настоящий момент на границе не наблюдается тех 200 тысяч военных, которые нужны для полномасштабного вторжения... я не верю в неизбежность российского вторжения","Currently, the 200,000 troops needed for a full-scale invasion are not observed at the border... I do not believe in the inevitability of a Russian invasion","Former Ukrainian Defence Minister Zahorodnyuk doubts Russia will launch a full-scale invasion, citing insufficient troop numbers (200,000 needed), though he acknowledges Russia could capture individual cities; current Ukrainian Defence Minister Reznik assesses escalation probability as low, while US media reports Russia has ~70% of required combat power.",True,live,
160,2022-02-07,ukrinform.net,en,Likelihood of major escalation by Russia assessed as low – Ukraine's defense chief,https://ukrinform.net/rubric-defense/3398882-likelihood-of-major-escalation-by-russia-assessed-as-low-ukraines-defense-chief.html,news,official_ukrainian,Oleksii Reznikov,Ukraine Defense Ministry,-0.7,0.75,none,unspecified,,0.15,0.722,28,no_invasion,"Today, the likelihood of significant escalation is still low. In a few days, the active phase of the Russian-Belarusian exercises will kick off, which will last until February 20.","Today, the likelihood of significant escalation is still low. In a few days, the active phase of the Russian-Belarusian exercises will kick off, which will last until February 20.","Ukraine's Defense Minister Reznikov assesses the likelihood of major Russian escalation as low as of 2022-02-07, attributing current military movements to scheduled exercises through February 20.",False,live,
161,2022-02-07,kyivpost.com,en,Ukraine Invasion Not Only Scenario For Russia – Biden Adviser - KyivPost,https://kyivpost.com/world/ukraine-invasion-not-only-scenario-for-russia-biden-adviser.html,news,official_western,Jake Sullivan,"White House, US National Security Adviser",0.3,0.6,unclear,unspecified,,0.65,0.122,88,invasion,"Russia's actions towards Ukraine could take many forms, including the possibility of 'annexing Ukraine's Donbas region,' 'hybrid actions,' including cyberattacks and political destabilization, or a full-scale invasion.","Russia's actions towards Ukraine could take many forms, including the possibility of 'annexing Ukraine's Donbas region,' 'hybrid actions,' including cyberattacks and political destabilization, or a full-scale invasion.","US National Security Adviser Jake Sullivan acknowledges multiple possible Russian scenarios against Ukraine—from Donbas annexation to hybrid operations to full-scale invasion—without assigning clear probability to any, while noting Russia has concentrated forces capable of significant military action.",True,live,
162,2022-02-07,scmp.com,en,Russian invasion of Ukraine could send the battered global economy into recession,https://scmp.com/comment/opinion/article/3166071/russian-invasion-ukraine-could-send-battered-global-economy,opinion,author,David Brown,New View Economics,0.3,0.5,full_scale,unspecified,,0.65,0.122,88,invasion,"While the chances of a major Russian invasion of Ukraine are low, the risk of another annexation of sovereign territory, as happened in Crimea, should not be underestimated.","While the chances of a major Russian invasion of Ukraine are low, the risk of another annexation of sovereign territory, as happened in Crimea, should not be underestimated.","David Brown (New View Economics) assesses that while chances of a major Russian invasion are low, the risk should not be underestimated, and such an invasion could trigger global recession.",True,live,
163,2022-02-08,unian.ua,uk,"Резніков пояснив, чому Росія не нападе на Україну найближчими днями",https://unian.ua/war/reznikov-poyasniv-chomu-rosiya-ne-napade-na-ukrajinu-nayblizhchimi-dnyami-novini-donbasu-11696872.html,news,official_ukrainian,Oleksiy Reznikov,Ministry of Defence of Ukraine,-0.7,0.75,full_scale,days to weeks,,0.15,0.722,28,no_invasion,На сьогодні Росія не сформувала ударне угрупування для вторгнення в Україну... ризик нападу Росії на Україну є низьким... для цього їм знадобиться до місяця,Today Russia has not formed a strike grouping for invasion of Ukraine... the risk of Russian attack on Ukraine is low... it will take them up to a month for this,"Ukrainian Defence Minister Reznikov assesses that Russia will not attack Ukraine in the coming days because it has not yet formed a strike grouping, though he acknowledges serious threat and estimates Russia could prepare one within a month; Western intelligence sources cited suggest Russia is near completion of invasion preparations.",True,wayback,20220208055302
164,2022-02-08,rusi.org,en,ukrainian air defence options event russian attack,https://rusi.org/explore-our-research/publications/commentary/ukrainian-air-defence-options-event-russian-attack,analysis,author,Justin Bronk,RUSI (Royal United Services Institute),0.7,0.75,full_scale,unspecified,,0.85,0.023,98,invasion,In the event of a Russian invasion or strike campaign... Ukraine has few good air defence options in a direct confrontation with Russian forces. The best strategy is likely to be to forgo challenging Russian freedom of action in the air over the frontlines.,In the event of a Russian invasion or strike campaign... Ukraine has few good air defence options in a direct confrontation with Russian forces. The best strategy is likely to be to forgo challenging Russian freedom of action in the air over the frontlines.,"Justin Bronk (RUSI) analyzes Ukrainian air defence capabilities in the event of a Russian invasion, treating it as a plausible scenario and detailing how Ukraine would likely respond tactically, implying significant likelihood of Russian military action.",False,live,
165,2022-02-09,reuters.com,en,アングル：強気のプーチン氏、ウクライナで落としどころ模索か,https://jp.reuters.com/article/kraine-putin-analysis-idJPKBN2KE0A6,analysis,analyst,Andrey Kortunov and Fyodor Lukyanov,Russian International Affairs Council; Russia in Global Affairs,-0.35,0.5,unclear,unspecified,,0.325,0.456,54,no_invasion,プーチン氏が長時間にわたるマクロン大統領との会談後に行った深夜の発言を聞いて、交渉に臨みたいという真剣な意志が表れていると指摘する。「敵に説教だけして門戸を閉ざしたいのなら、敵と７時間も話したりしないだろう」,"After hearing Putin's late-night remarks following his lengthy talks with President Macron, analysts point to a serious willingness to engage in negotiations. 'If he only wanted to lecture the enemy and close the door, he would not talk with them for 7 hours.'","Russian analysts Kortunov and Lukyanov suggest Putin is seeking negotiated compromise rather than imminent invasion, citing his extended talks with Macron and openness to dialogue, though the US government assessed attack could come within days or weeks.",False,wayback,20220209062827
166,2022-02-09,france24.com,en,"""Nouvel arsenal"" russe, fausse invasion : les intox alarmistes sur la crise ukrainienne",https://observers.france24.com/fr/europe/20220208-nouvel-arsenal-russe-fausse-invasion-les-intox-alarmistes-de-la-crise-ukrainienne,news,mixed,France24 fact-checkers; US intelligence; Russian government,France24; US intelligence community; Russian government,0.1,0.4,full_scale,unspecified / imminent,,0.55,0.202,80,uncertain,"Ce mardi 8 février, aucune offensive russe de grande ampleur sur le territoire ukrainien n'a pour l'instant été rapportée. Le 2 février, la Russie a démenti préparer une offensive... Le 6 février, les renseignements américains ont pour leur part estimé que la Russie se préparait à une invasion à grande échelle du pays.","On Tuesday, February 8, no large-scale Russian offensive on Ukrainian territory has been reported so far. On February 2, Russia denied preparing an offensive... On February 6, US intelligence for its part estimated that Russia was preparing a large-scale invasion of the country.","The article debunks viral misinformation about an imminent Russian invasion while reporting that US intelligence assesses Russia is preparing large-scale invasion, but Russia denies this; no invasion has occurred as of February 8.",True,wayback,20220209150852
167,2022-02-10,dw.com,en,Has weeklong diplomacy made war in Ukraine any less likely? | Europe | News and current affairs from around the continent | DW,https://dw.com/en/has-weeklong-diplomacy-made-war-in-ukraine-any-less-likely/a-60734333,analysis,author,DW Editorial,Deutsche Welle,0.55,0.4,full_scale,unspecified,,0.775,0.051,95,invasion,"As long as foreign leaders are in Kyiv for talks, Putin can't possibly launch an invasion, ordinary Ukrainians will tell you, a sentiment often delivered with a hopeful smile.","As long as foreign leaders are in Kyiv for talks, Putin can't possibly launch an invasion, ordinary Ukrainians will tell you, a sentiment often delivered with a hopeful smile.","DW analysis presents a mixed picture: Ukrainian civilians express hope that ongoing diplomacy prevents invasion, but the author notes diplomatic efforts appear desperate and ineffectual, with Western divisions and Russian intransigence suggesting conflict remains possible.",True,live,
168,2022-02-10,haaretz.com,en,The 'Ten Plagues' facing Israel if Russia invades Ukraine - Israel News,https://haaretz.com/israel-news/israel-russia-ukraine-invasion-ten-plagues-1.10599376,analysis,author,Shimon Briman,"Haaretz (freelance journalist, historian)",0.65,0.7,full_scale,unspecified,,0.825,0.031,97,invasion,"All these 'ten plagues' could happen if Russia decides on a large-scale invasion of Ukraine. Therefore, Israel should pray for the stability of its quiet but critical partner.","All these 'ten plagues' could happen if Russia decides on a large-scale invasion of Ukraine. Therefore, Israel should pray for the stability of its quiet but critical partner.","Shimon Briman argues that a large-scale Russian invasion of Ukraine is a serious possibility with severe consequences for Israel across food security, construction materials, tech outsourcing, and regional stability.",True,live,
169,2022-02-10,politico.eu,en,A post-Cold War perspective on the Ukraine crisis,https://politico.eu/article/post-cold-war-perspective-ukraine-russia-crisis,opinion,author,Bruce Stokes,German Marshall Fund of the United States,0.6,0.5,unclear,unspecified,,0.8,0.04,96,invasion,"The threat that Russia might seize territory from another European nation used to be a purely 20th-century nightmare — but not anymore. The deepening crisis surrounding Ukraine now confronts the next generation of European political leaders with some of the same dark choices that bedeviled their elders, as well as the prospect of a major war in their neighborhood for the first time in their adult lives.","The threat that Russia might seize territory from another European nation used to be a purely 20th-century nightmare — but not anymore. The deepening crisis surrounding Ukraine now confronts the next generation of European political leaders with some of the same dark choices that bedeviled their elders, as well as the prospect of a major war in their neighborhood for the first time in their adult lives.","Bruce Stokes (GMF) frames the Ukraine crisis as presenting a real prospect of major war and Russian territorial seizure in Europe, moving beyond Cold War-era concerns to contemporary threats.",True,live,
170,2022-02-11,svoboda.org,ru,"""Сейчас он не выигрывает"". Эксперты – о том, нападет ли Путин",https://svoboda.org/a/napadet-li-putin-eksperty/31699624.html,analysis,mixed,Eugene Chosovskiy and Timothy Ash,Newlines Institute / Stratfor; BlueBay Asset Management,0.15,0.6,limited_strikes_or_partial,unspecified,,0.45,0.303,70,uncertain,"Я не хочу сказать, что российское вторжение невозможно, но мне кажется это не самым вероятным... Путин в своей игре зашел слишком далеко, чтобы отступать, и потому военные действия в той или иной форме вероятны.","I don't want to say that a Russian invasion is impossible, but it seems to me not the most likely... Putin has gone too far in his game to retreat, and therefore military action in one form or another is likely.","Two experts offer opposing views: Chosovskiy argues full-scale invasion is unlikely due to high costs and unclear Russian objectives, while Ash contends Putin has escalated too far to back down and may resort to military action (likely limited strikes rather than full invasion) to avoid appearing defeated.",False,live,
171,2022-02-11,ecfr.eu,en,Peace of the action: The Kremlin's plans in Bosnia and Ukraine – European Council on Foreign Relations,https://ecfr.eu/article/peace-of-the-action-the-kremlins-plans-in-bosnia-and-ukraine,analysis,author,Mark Leonard (ECFR),European Council on Foreign Relations,0.65,0.7,full_scale,unspecified,,0.825,0.031,97,invasion,"An escalation of the war in Ukraine would be a disaster... Meanwhile, a bigger question will arise if Russian forces launch a major offensive against Ukraine: how much longer will Western democracies let Russia set the terms of European security...","An escalation of the war in Ukraine would be a disaster... Meanwhile, a bigger question will arise if Russian forces launch a major offensive against Ukraine: how much longer will Western democracies let Russia set the terms of European security...","ECFR analyst frames a Russian full-scale offensive against Ukraine as a plausible scenario ('if Russian forces launch a major offensive'), treating it as a contingency that would reshape European security architecture, while emphasizing Russia's pattern of using coercion and international law violations to extract concessions.",False,live,
172,2022-02-12,economist.com,en,"Diplomacy has created an opening for detente in Ukraine, but beware a trap",https://economist.com/leaders/2022/02/12/diplomacy-has-created-an-opening-for-detente-in-ukraine-but-beware-a-trap,opinion,author,The Economist (editorial),The Economist,-0.3,0.4,unclear,unspecified,,0.35,0.423,58,no_invasion,"NOTHING CONCENTRATES minds like 130,000 troops poised to invade... the Russian forces converging on Ukraine have caused a spasm of diplomacy... Talks over Minsk are the best and safest way to find out.","NOTHING CONCENTRATES minds like 130,000 troops poised to invade... the Russian forces converging on Ukraine have caused a spasm of diplomacy... Talks over Minsk are the best and safest way to find out.","The Economist editorial argues that while 130,000 Russian troops threaten invasion, diplomatic talks over Minsk offer the best path to avoid war, though Putin's intentions remain uncertain and the West must not force a deal that destabilizes Ukraine.",True,wayback,20220212105211
173,2022-02-13,iz.ru,ru,Шум под водой: почему военные учения РФ вызывают споры о «вторжении» на Украину,https://iz.ru/1290880/anton-lavrov-andrei-fedorov-roman-kretcul/shum-pod-vodoi-pochemu-voennye-ucheniia-rf-vyzyvaiut-spory-o-vtorzhenii-na-ukrainu,news,mixed,"Multiple: Inessa Vetrenko, Dmitry Abzalov, Vladislav Shurygin, Western media reports","RANKhiGS, Center for Strategic Communications, military expert, Der Spiegel/Bloomberg/The Guardian",0.15,0.4,full_scale,"imminent (Der Spiegel: Feb 16, 2022)",,0.575,0.181,82,uncertain,"Der Spiegel: 'вторжение' России на Украину якобы может начаться уже в эту среду, 16 февраля. Bloomberg: российское нападение якобы начнется с воздушных бомбардировок и ракетных ударов.","Der Spiegel: Russia's 'invasion' of Ukraine allegedly could begin as early as this Wednesday, February 16. Bloomberg: Russian attack allegedly will begin with air bombardments and missile strikes.","Western media outlets (Der Spiegel, Bloomberg, The Guardian) predict imminent Russian full-scale invasion of Ukraine starting mid-February with air strikes and potential Kyiv encirclement, while Russian officials and experts characterize military exercises as defensive preparations and deny invasion plans.",False,live,
174,2022-02-14,spectator.co.uk,en,Putin may yet resist a full-on invasion,https://spectator.co.uk/article/putin-may-yet-resist-a-full-on-invasion,analysis,author,James Forsyth,The Spectator,-0.55,0.6,limited_donbas,unspecified,,0.225,0.601,40,no_invasion,One of the reasons to think Putin will not launch a full-on invasion of Ukraine is that it would prompt a unified western response; universal revulsion... there is still a sense in Whitehall that Russia will opt for something smaller-scale than that.,One of the reasons to think Putin will not launch a full-on invasion of Ukraine is that it would prompt a unified western response; universal revulsion... there is still a sense in Whitehall that Russia will opt for something smaller-scale than that.,"James Forsyth argues Putin will likely resist a full-scale invasion due to unified Western response and increased European defense spending, though he acknowledges uncertainty; Whitehall sources lean toward a smaller-scale operation instead.",True,wayback,20220214171909
175,2022-02-14,haaretz.com,en,Putin may still decide cost of Ukraine war is too high - U.S. News,https://haaretz.com/us-news/war-in-ukraine-putin-cost-is-high-russia-1.10608162,analysis,author,Haaretz analysis (author not named in excerpt),Haaretz,-0.3,0.6,unclear,unspecified,,0.35,0.423,58,no_invasion,"War in Ukraine, despite all that's happening on the ground, is not yet inevitable. Putin can still reach the conclusion that he has an option of getting at least some of what he wants through bullying and bluffing","War in Ukraine, despite all that's happening on the ground, is not yet inevitable. Putin can still reach the conclusion that he has an option of getting at least some of what he wants through bullying and bluffing","Haaretz analysis argues that despite massive military mobilization and evacuation of diplomats, war is 'not yet inevitable' because Putin may decide the cost is too high and opt for bullying/bluffing instead.",True,live,
176,2022-02-14,kyivpost.com,en,Putin's Gameplan: Occupying Europe Without Troops - KyivPost - Ukraine's Global Voice,https://kyivpost.com/article/opinion/op-ed/putins-gameplan-occupying-europe-without-troops.html,opinion,author,Diane Francis,Kyiv Post / Diane Francis Newsletter,-0.7,0.75,none,unspecified,,0.15,0.722,28,no_invasion,"My guess is he won't because he's reached most of his objectives without unleashing violence... Threatening, not invading itself, is dramatically more profitable which is why, logically and militarily, he won't.","My guess is he won't because he's reached most of his objectives without unleashing violence... Threatening, not invading itself, is dramatically more profitable which is why, logically and militarily, he won't.","Diane Francis argues Putin will NOT invade Ukraine because the threat alone serves his purposes better; he has already achieved his objectives and invasion would be economically ruinous and unpopular in Russia, though she acknowledges the global uncertainty and cites a retired Russian general warning of catastrophic consequences if invasion occurs.",False,live,
177,2022-02-14,politico.eu,en,On stage at the Kremlin: Putin and Lavrov's de-escalation dance – POLITICO,https://politico.eu/article/vladimir-putin-lavrov-kremlin-ukraine-diplomatic-dialogue-nato,news,mixed,"Putin, Lavrov, U.S. Pentagon officials",Kremlin; U.S. Department of Defense,0.15,0.5,unclear,imminent (days to weeks),,0.575,0.181,82,uncertain,"Russian President Vladimir Putin and his trusty foreign minister, Sergey Lavrov, on Monday signaled that there would be no imminent military strike on Ukraine and that they were prepared to continue diplomatic dialogue with the West.","Russian President Vladimir Putin and his trusty foreign minister, Sergey Lavrov, on Monday signaled that there would be no imminent military strike on Ukraine and that they were prepared to continue diplomatic dialogue with the West.","Russian officials (Putin, Lavrov) signal no imminent strike and readiness for diplomacy, while U.S. Pentagon maintains that invasion could happen 'any day' with 'little to no warning'; article presents choreographed de-escalation theater against backdrop of persistent U.S. warnings.",True,wayback,20220214195844
178,2022-02-14,interfax.com.ua,uk,Prystaiko's words that Ukraine allegedly ready to consider abandoning NATO membership in order to avoid war with Russia taken out of context,https://en.interfax.com.ua/news/general/798136.html,news,official_ukrainian,Oleh Nikolenko,Ukrainian Foreign Ministry,0.3,0.5,full_scale,unspecified,,0.65,0.122,88,invasion,"Of course, for the sake of peace and the preservation of the lives of our citizens, Ukraine is ready to enter into any format of dialogues with countries and international organizations... threats to Ukraine exist here and now, so finding an answer to the question of guarantees becomes a fundamental urgent task.","Of course, for the sake of peace and the preservation of the lives of our citizens, Ukraine is ready to enter into any format of dialogues with countries and international organizations... threats to Ukraine exist here and now, so finding an answer to the question of guarantees becomes a fundamental urgent task.","Ukrainian Foreign Ministry spokesman Nikolenko acknowledges threats exist and Ukraine seeks security guarantees, while clarifying that Ambassador Prystaiko's suggestion of abandoning NATO membership to avoid war was taken out of context; the framing implies war is a real concern but Ukraine is negotiating.",True,live,
179,2022-02-14,theguardian.com,en,The west's focus on imminent invasion in Ukraine may backfire – and bolster Putin | Keir Giles,https://theguardian.com/commentisfree/2022/feb/14/the-west-invasion-ukraine-putin-russia,opinion,author,Keir Giles,Chatham House,0.3,0.6,full_scale,"imminent (days/weeks, per US warnings)",,0.65,0.122,88,invasion,"Warnings from the US that Russian troops are poised to strike at Ukraine are growing more urgent and strident. There can be little doubt of the US's conviction that Ukraine is at imminent risk... But the emphasis on near-inevitable war... is also closing down options for the US and its allies, while opening them up for Russia.","Warnings from the US that Russian troops are poised to strike at Ukraine are growing more urgent and strident. There can be little doubt of the US's conviction that Ukraine is at imminent risk... But the emphasis on near-inevitable war... is also closing down options for the US and its allies, while opening them up for Russia.","Keir Giles (Chatham House) acknowledges strong US conviction that invasion is imminent and near-inevitable, but argues this framing may backfire by allowing Putin a diplomatic victory if he chooses not to attack or delays; he suggests Russia retains strategic initiative and the West has weakened its own deterrent posture.",True,live,
180,2022-02-14,warontherocks.com,en,what would russias break with the west mean for nuclear arms control,https://warontherocks.com/2022/02/what-would-russias-break-with-the-west-mean-for-nuclear-arms-control,analysis,author,Hanna Notte and Sarah Bidgood,War on the Rocks,0.65,0.7,full_scale,unspecified,,0.825,0.031,97,invasion,The consequences of a Russian military escalation against Ukraine could well be catastrophic from an arms-control perspective... Should a Russian offensive in Ukraine materialize prior to the restoration of the Iranian nuclear deal...,The consequences of a Russian military escalation against Ukraine could well be catastrophic from an arms-control perspective... Should a Russian offensive in Ukraine materialize prior to the restoration of the Iranian nuclear deal...,"Notte and Bidgood (War on the Rocks) assess that Russian military escalation against Ukraine is a plausible scenario with significant consequences for nuclear arms control, treating it as a conditional but realistic possibility rather than speculation.",True,live,
181,2022-02-14,rusi.org,en,if war comes tomorrow how russia prepares possible armed aggression,https://rusi.org/explore-our-research/publications/whitehall-reports/if-war-comes-tomorrow-how-russia-prepares-possible-armed-aggression,analysis,author,Julian Cooper,University of Birmingham / SIPRI,0.3,0.6,unclear,unspecified,,0.65,0.122,88,invasion,"Russia's leadership should be prioritising an ability to respond rapidly and effectively to any possible armed attack, hoping to deter military action by the certainty of a rapid, concerted response","Russia's leadership should be prioritising an ability to respond rapidly and effectively to any possible armed attack, hoping to deter military action by the certainty of a rapid, concerted response","Julian Cooper analyzes Russia's economic mobilization system as preparation for possible war, suggesting deterrence through readiness rather than predicting imminent invasion.",True,live,
182,2022-02-15,atlanticcouncil.org,en,Russia may dodge sanctions by using Putin proxies to invade Ukraine,https://atlanticcouncil.org/blogs/ukrainealert/russia-may-dodge-sanctions-by-using-putin-proxies-to-invade-ukraine,opinion,author,"Pavlo Kukhta, Viktoria Podhorna, Mykyta Poturaev, Yehor Chernev","Ukrainian officials (former Minister of Economy, MPs)",0.75,0.8,limited_donbas,unspecified,,0.35,0.423,58,no_invasion,"While the world watches the Ukrainian border and waits for the terrible spectacle of a full-scale Russian invasion, it is entirely possible that Putin will instead opt for more of the same hybrid tactics that have already served him so well in Ukraine.","While the world watches the Ukrainian border and waits for the terrible spectacle of a full-scale Russian invasion, it is entirely possible that Putin will instead opt for more of the same hybrid tactics that have already served him so well in Ukraine.","Ukrainian officials argue that while Western intelligence assesses Russia has positioned for full-scale invasion, Putin will likely pursue hybrid warfare through proxies in eastern Ukraine to evade sanctions, though the outcome would be equally devastating.",True,live,
183,2022-02-15,nytimes.com,en,"On Ukraine, U.S. and Russia Wage Signaling War to Avert Actual War",https://nytimes.com/2022/02/15/world/europe/putin-biden-signals-interpreter.html,analysis,author,Steven Erlanger (implied; The Interpreter column),New York Times,0.3,0.4,unclear,weeks,,0.65,0.122,88,invasion,"Of course, if war were really so advantageous, it could have already begun, one of many hints that Mr. Putin may be partly bluffing, although by how much is impossible to say.","Of course, if war were really so advantageous, it could have already begun, one of many hints that Mr. Putin may be partly bluffing, although by how much is impossible to say.","The New York Times analysis suggests Putin may be partly bluffing about invasion, but acknowledges high miscalculation risk and notes the White House has stated invasion could be imminent; overall tone is cautiously uncertain with emphasis on signaling dynamics rather than confident prediction.",True,wayback,20220215191005
184,2022-02-15,france24.com,en,Russie-Ukraine : la drôle de non-guerre de Volodymyr Zelensky,https://france24.com/fr/europe/20220215-russie-ukraine-la-dr%C3%B4le-de-non-guerre-de-volodymyr-zelensky,analysis,author,France 24 editorial (with expert commentary),France 24,0.3,0.4,unclear,imminent (Feb 16 mentioned); unspecified beyond,,0.65,0.122,88,invasion,On nous dit que l'invasion russe va commencer mercredi 16 février... Washington a indiqué détenir des informations suggérant que Moscou risque fort de déclarer la guerre.,"We are told that the Russian invasion will begin on Wednesday, February 16... Washington indicated it has information suggesting that Moscow risks declaring war.","France 24 analysis reports Western warnings of imminent Russian invasion (Feb 16) but emphasizes Zelensky's deliberate downplaying and ironic dismissal of alarmism, with experts explaining his political balancing act rather than assessing invasion likelihood directly.",True,wayback,20220215213721
185,2022-02-15,rferl.org,en,U.K. Ambassador To Ukraine Warns Cost Of Russian Invasion Will Be 'High' For Both Sides,https://rferl.org/a/ukraine-uk-ambassador-simmons-interview/31704442.html,interview,official_western,Melinda Simmons,UK Foreign Office (Ambassador to Ukraine),0.65,0.7,unclear,unspecified,,0.825,0.031,97,invasion,We all have to make clear to Russia that the cost of any kind of incursion into Ukraine would be as high for Russia as it would be for Ukraine. And it would be a high cost for Ukraine.,We all have to make clear to Russia that the cost of any kind of incursion into Ukraine would be as high for Russia as it would be for Ukraine. And it would be a high cost for Ukraine.,"UK Ambassador Simmons warns that Russia faces a 'high cost' if it invades Ukraine, implicitly treating invasion as a credible threat in a 'critical phase,' while Russia denies invasion plans.",True,live,
186,2022-02-16,foreignaffairs.com,en,"The Less Said About NATO and Ukraine, the Better",https://foreignaffairs.com/articles/russia-fsu/2022-02-16/less-said-about-nato-and-ukraine-better,analysis,author,Steven Sestanovich,Foreign Affairs / Columbia University,-0.3,0.65,unclear,unspecified,,0.35,0.423,58,no_invasion,These realities—not Biden's list of qualifications for NATO membership and certainly not Putin's claim that he feels threatened by a handful of U.S. advisers helping train and equip Ukraine's army—are the true reason that bringing the country into NATO any time soon would be a bad idea.,These realities—not Biden's list of qualifications for NATO membership and certainly not Putin's claim that he feels threatened by a handful of U.S. advisers helping train and equip Ukraine's army—are the true reason that bringing the country into NATO any time soon would be a bad idea.,"Sestanovich argues that neither NATO membership nor permanent exclusion would be good for Ukraine; the focus should be on Ukrainian internal unity rather than settling its NATO status, implicitly suggesting that premature membership or imposed neutrality risks destabilizing the country and potentially triggering conflict.",True,wayback,20220216072442
187,2022-02-16,theguardian.com,en,Russians ridicule western media on 'day of no invasion' | Russia,https://theguardian.com/world/2022/feb/16/russians-ridicule-western-media-on-day-of-no-invasion,news,mixed,"Russian officials and media (Skabeeva, Zakharova); US officials; Ukrainian officials","Russian state media, Russian Foreign Ministry; US government; Ukrainian government",0,0.3,unclear,unspecified (window opening),,0.5,0.25,75,uncertain,"Western leaders led by Joe Biden have gone public with what they claim are Russian plans to launch an invasion of Ukraine, hoping that exposing the Kremlin's alleged moves in advance could avert a war. US reports have mostly said this week marks the beginning of a window when Russia could launch an operation.","Western leaders led by Joe Biden have gone public with what they claim are Russian plans to launch an invasion of Ukraine, hoping that exposing the Kremlin's alleged moves in advance could avert a war. US reports have mostly said this week marks the beginning of a window when Russia could launch an operation.",US and Western officials warn of Russian invasion plans; Russian state media and officials ridicule the predictions as propaganda after 16 February passes without incident; Ukrainian officials criticize Western 'hysteria'; analysts note continued Russian military buildup.,True,live,
188,2022-02-21,iz.ru,ru,На Украине рассказали о потерях из-за слухов о «вторжении» России,https://iz.ru/1294510/2022-02-21/na-ukraine-rasskazali-o-poteriakh-iz-za-slukhov-o-vtorzhenii-rossii,news,official_ukrainian,Rostislav Shurma (Deputy Head of Presidential Office); Dmytro Kuleba (Foreign Minister); Volodymyr Zelensky (President),Office of the President of Ukraine; Ministry of Foreign Affairs of Ukraine,-0.7,0.6,none,unspecified,,0.15,0.722,28,no_invasion,"в СНБО подчеркивали, что не видят чрезмерной военной активности на российско-украинской границе, а президент страны Владимир Зеленский призвал не сеять панику, и призвал показать доказательства якобы подготовки РФ к вторжению.","The NSDC emphasized that they do not see excessive military activity on the Russian-Ukrainian border, and President Volodymyr Zelensky called for not sowing panic and demanded evidence of alleged Russian preparations for invasion.","Ukrainian officials (Zelensky, Shurma, Kuleba, NSDC) downplay invasion threat and deny seeing military preparations, framing Western warnings as speculation causing economic damage; NATO and Western sources claim Russia plans full-scale attack; Russia denies invasion plans.",True,live,
189,2022-02-21,ria.ru,ru,"Британцы устали от ""вторжений"" России на Украину - РИА Новости, 21.02.2022",https://ria.ru/20220221/napadenie-1773994936.html,news,mixed,British Daily Mail commenters; Russian officials; RIA Novosti editorial framing,Daily Mail readers; Russian government/RIA Novosti,-0.75,0.7,none,unspecified / immediate,,0.125,0.766,23,no_invasion,"Большинство комментаторов сошлись во мнении, что многочисленные заявления о ""неминуемом российском вторжении"" носят пропагандистский характер и не имеют ничего общего с реальностью.",Most commentators agreed that numerous statements about 'imminent Russian invasion' are propaganda and have nothing to do with reality.,"RIA Novosti reports that British Daily Mail readers and Russian officials dismiss Western warnings of Russian invasion as propaganda, while Moscow denies invasion plans and blames US/NATO escalation; the article's framing strongly suggests invasion claims are false.",True,live,
190,2022-02-21,bbc.com,en,Ukraine crisis: Five reasons why Putin might not invade,https://bbc.com/news/world-europe-60468264,analysis,author,BBC News,BBC,0.15,0.6,unclear,imminent/unspecified,,0.575,0.181,82,uncertain,"Set against all of the above are some very compelling reasons to believe that a Russian invasion will happen, and imminently, even if it is confined to just the two internationally unrecognised breakaway republics in the east of Ukraine.","Set against all of the above are some very compelling reasons to believe that a Russian invasion will happen, and imminently, even if it is confined to just the two internationally unrecognised breakaway republics in the east of Ukraine.","BBC analysis presents five reasons Putin might not invade (costs, casualties, sanctions, political isolation, negotiating position achieved) but concludes that military buildup scale and Kremlin's core demands unmet suggest invasion is likely and imminent, possibly limited to breakaway republics.",True,live,
191,2022-02-21,svoboda.org,ru,CIT: российская техника у границ с Украиной теперь движется своим ходом,https://svoboda.org/a/cit-rossiyskaya-tehnika-u-granits-s-ukrainoy-teperj-dvizhetsya-svoim-hodom/31714285.html,news,analyst,Conflict Intelligence Team (CIT),CIT (independent investigative group),0.75,0.7,full_scale,days,,0.875,0.016,98,invasion,"Долго держать войска в таких условиях невозможно, поэтому в ближайшие дни можно ожидать либо наступления, либо частичного отвода войск","It is impossible to keep troops in such conditions for long, so in the coming days one can expect either an offensive or a partial withdrawal of troops","CIT assesses that Russian military repositioning near Ukraine's border suggests imminent offensive operations within days, based on changed movement patterns and poor troop conditions; Biden and US intelligence agree an offensive is likely, while Russia denies it.",True,live,
192,2022-02-21,understandingwar.org,en,Russia-Ukraine Warning Update: Russian Military Operations in Southeastern Ukraine Imminent,https://understandingwar.org/backgrounder/russia-ukraine-warning-update-russian-military-operations-southeastern-ukraine-imminent,analysis,analyst,"Frederick W. Kagan, Mason Clark, George Barros, Kateryna Stepanenko",Institute for the Study of War (ISW),0.85,0.9,full_scale,within 24-36 hours; days ahead,,0.925,0.006,99,invasion,"Russian conventional forces will likely move to do so within the next 24-36 hours... An extensive Russian air/missile campaign throughout Ukraine will likely accompany that attack... The Russian air/missile campaign... would likely also set conditions for a full-scale Russian invasion and occupation of all or almost all of Ukraine, including Kyiv.","Russian conventional forces will likely move to do so within the next 24-36 hours... An extensive Russian air/missile campaign throughout Ukraine will likely accompany that attack... The Russian air/missile campaign... would likely also set conditions for a full-scale Russian invasion and occupation of all or almost all of Ukraine, including Kyiv.","ISW analysts assess that Russia will likely launch military operations in southeastern Ukraine within 24-36 hours following recognition of DNR/LNR, with an extensive air/missile campaign setting conditions for a full-scale invasion of all Ukraine including Kyiv, though possibly in phased approach.",True,live,
193,2022-02-21,ynetnews.com,en,Jewish pro-Russian separatist commander says war in Ukraine is inevitable,https://ynetnews.com/article/bjumniexq,interview,official_russian,Aleksandr Kofman,Donetsk People's Republic (DPR),0.85,0.8,full_scale,"by May 9, 2022",,0.925,0.006,99,invasion,Coffman insists that there's no escaping a war. 'My prediction is we will celebrate Victory Day on May 9th in Kyiv',Coffman insists that there's no escaping a war. 'My prediction is we will celebrate Victory Day on May 9th in Kyiv',"Aleksandr Kofman, DPR separatist leader, predicts war between Russia and Ukraine is inevitable and forecasts Russian victory by May 9, 2022, blaming Kyiv for provocations.",True,live,
194,2022-02-21,washingtonpost.com,en,Opinion | Putin's domestic support for Ukraine invasion may be shaky,https://washingtonpost.com/opinions/2022/02/21/putin-ukraine-invasion-kremlin-support,opinion,author,Karen DeYoung,Washington Post,0.65,0.7,full_scale,imminent/unspecified,,0.825,0.031,97,invasion,"Putin appeared to be setting the stage on Monday for an all-out invasion... Putin is very far out on a limb with the huge invasion force he has assembled, poised for action.","Putin appeared to be setting the stage on Monday for an all-out invasion... Putin is very far out on a limb with the huge invasion force he has assembled, poised for action.","Washington Post opinion writer DeYoung assesses that Putin is staging an all-out invasion of Ukraine, though domestic support appears shaky and some Kremlin figures show hesitation; the initial moves are limited but the assembled force and rhetoric suggest full-scale action is being prepared.",False,wayback,20220222021444
195,2022-02-22,foreignpolicy.com,en,invasion russia ukraine pay off,https://foreignpolicy.com/2022/02/22/invasion-russia-ukraine-pay-off,analysis,author,Foreign Policy staff/contributor,Foreign Policy,-0.35,0.6,full_scale,unspecified,,0.325,0.456,54,no_invasion,"To be sure, the threat of full-scale war still looms, but what is striking is that, even while having a clear advantage on the battlefield, Russian President Vladimir Putin has appeared reluctant to use it... The much-predicted invasion may still come, but even Putin seems to be hoping he can get the influence and concessions he wants by other means.","To be sure, the threat of full-scale war still looms, but what is striking is that, even while having a clear advantage on the battlefield, Russian President Vladimir Putin has appeared reluctant to use it... The much-predicted invasion may still come, but even Putin seems to be hoping he can get the influence and concessions he wants by other means.","Foreign Policy analysis argues that despite the threat of full-scale invasion looming, Putin appears reluctant to invade Ukraine and is pursuing political pressure and other means instead, suggesting the economic and political costs of modern war make invasion unlikely—though the author acknowledges the invasion 'may still come.'",True,live,
196,2022-02-22,mk.ru,ru,Оценена возможность войны Украины с Россией после признания ДНР и ЛНР,https://mk.ru/politics/2022/02/22/ocenena-vozmozhnost-voyny-ukrainy-s-rossiey-posle-priznaniya-dnr-i-lnr.html,analysis,analyst,Борис Рожин,Russian military analyst,0.7,0.65,limited_donbas,near term / в ближайшее время,,0.35,0.423,58,no_invasion,"Сейчас от Украины требуют прекращения ведения боевых действий, и отказ от этого может привести к операции военных сил России на Донбассе... в ближайшее время все-таки увидим боевые действия.","Ukraine is now required to cease hostilities, and refusal to do so may lead to a Russian military operation in the Donbas... in the near future we will still see combat operations.","Russian military analyst Борис Рожин assesses that large-scale combat operations in the Donbas are likely in the near term if Ukraine refuses to cease fire, involving DPR/LPR and Russian forces, though framed as conditional on Ukrainian non-compliance.",True,live,
197,2022-02-22,foreignpolicy.com,en,sanctions putin donbass ukraine donetsk luhansk,https://foreignpolicy.com/2022/02/22/sanctions-putin-donbass-ukraine-donetsk-luhansk,news,author,Colm Quinn (Foreign Policy staff),Foreign Policy,0.65,0.7,limited_donbas,ongoing as of Feb 22,,0.35,0.423,58,no_invasion,"Although it may not fit the predicted schedule exactly, a Russian invasion of sorts is happening in Ukraine... Russian troops—which the Kremlin claims are 'peacekeepers'—are now moving into the region on Putin's orders.","Although it may not fit the predicted schedule exactly, a Russian invasion of sorts is happening in Ukraine... Russian troops—which the Kremlin claims are 'peacekeepers'—are now moving into the region on Putin's orders.","Foreign Policy reports that Putin has recognized separatist republics and ordered troops into Donbass (a limited incursion already underway as of Feb 22), characterizing it as 'a Russian invasion of sorts,' though a senior Biden official downplays the novelty of Russian forces in the region.",False,live,
198,2022-02-22,warontherocks.com,en,moscow musings on brinksmanship from stalin to putin,https://warontherocks.com/2022/02/moscow-musings-on-brinksmanship-from-stalin-to-putin,analysis,author,Serhii Plokhy (implied by byline context; article signed by historian),War on the Rocks / Harvard University (historian),0.3,0.4,unclear,unspecified,,0.65,0.122,88,invasion,"A war between Russia and Ukraine, which, according to Western assessments, was quite imminent, seemed as yet uncertain here, too awful to contemplate. But its hazy presence was felt in Moscow on that murky evening: enough of a presence to concentrate minds.","A war between Russia and Ukraine, which, according to Western assessments, was quite imminent, seemed as yet uncertain here, too awful to contemplate. But its hazy presence was felt in Moscow on that murky evening: enough of a presence to concentrate minds.","Historian Serhii Plokhy, writing from Moscow on 2022-02-22, acknowledges Western assessments of imminent war as plausible but notes deep uncertainty in Moscow itself; he frames Putin's strategy through historical parallels to Stalin and Khrushchev's brinksmanship, suggesting risk-taking is possible but scope and timing remain unclear.",True,live,
199,2022-02-22,theconversation.com,en,Trois scénarios pour la Russie en Ukraine,https://theconversation.com/trois-scenarios-pour-la-russie-en-ukraine-177668,analysis,author,The Conversation (analysis piece),The Conversation,0.65,0.7,unclear,unspecified,,0.825,0.031,97,invasion,"La Russie vient de franchir son Rubicon : ses troupes sont désormais officiellement présentes dans l'est du territoire ukrainien... Désormais, le pouvoir russe a trois options très différentes devant lui : un scénario « géorgien »... un scénario révisionniste et maximaliste d'invasion de l'Ukraine... un scénario « azovien ».",Russia has crossed its Rubicon: its troops are now officially present in eastern Ukrainian territory... Now Russian power has three very different options before it: a 'Georgian' scenario... a revisionist and maximalist scenario of invading Ukraine... an 'Azovian' scenario.,"The author analyzes three possible Russian military scenarios in Ukraine (limited recognition, full invasion, or limited territorial conquest), presenting invasion as plausible but contingent on Western sanctions severity, with the most likely outcome being either maximal conquest or limited territorial gains.",True,live,
200,2022-02-22,understandingwar.org,en,Russia-Ukraine Warning Update: Russia Likely to Pursue Phased Invasion of Unoccupied Ukrainian Territory,https://understandingwar.org/backgrounder/russia-ukraine-warning-update-russia-likely-pursue-phased-invasion-unoccupied-ukrainian,analysis,analyst,Mason Clark and Fredrick W. Kagan,Institute for the Study of War (ISW),0.95,0.9,full_scale,within the coming days,,0.975,0.001,100,invasion,"Russia will likely commence military operations to seize additional territory in eastern Ukraine within the coming days... Putin will likely seize the remainder of the Ukrainian-controlled Donetsk and Luhansk Oblasts, probably through a mechanized invasion accompanied by an air and missile campaign across unoccupied Ukraine.","Russia will likely commence military operations to seize additional territory in eastern Ukraine within the coming days... Putin will likely seize the remainder of the Ukrainian-controlled Donetsk and Luhansk Oblasts, probably through a mechanized invasion accompanied by an air and missile campaign across unoccupied Ukraine.","ISW analysts Clark and Kagan assess that Russia will very likely commence a phased full-scale mechanized invasion of unoccupied Ukrainian territory in eastern Ukraine within days, following Putin's February 22 recognition of DNR/LNR claims to entire oblasts.",True,live,
