n,date,domain,lang,reg,title,url,article_kind,primary_voice,vg,voice_name,voice_affiliation,projected_bloc_seats,stance,claim_strength,no61_kind,stated_probability,p61,side,key_quote,key_quote_en,summary,quote_verified,text_source,snapshot
1,2022-05-01,allisrael.com,en,il_en,i just spent an hour with benjamin netanyahu looking tanned rested and ready is a comeback in the cards for the former prime minister,https://allisrael.com/i-just-spent-an-hour-with-benjamin-netanyahu-looking-tanned-rested-and-ready-is-a-comeback-in-the-cards-for-the-former-prime-minister,opinion,author,media,Joel C. Rosenberg,ALL ISRAEL NEWS,,0.5,0.6,n/a,,0.75,bloc61,"I can't tell you whether another political comeback is in the cards for Netanyahu. But I can tell you that I have no doubt that Bibi and his team are ready to try, and they feel increasingly confident that they will succeed.","I can't tell you whether another political comeback is in the cards for Netanyahu. But I can tell you that I have no doubt that Bibi and his team are ready to try, and they feel increasingly confident that they will succeed.","Author Rosenberg reports Netanyahu appears confident and ready for a political comeback; Likud is surging in polls (35–38 seats projected) and Bennett's coalition is fragile, but Rosenberg explicitly declines to predict whether Netanyahu will actually return to power.",True,live,
2,2022-05-03,kikar.co.il,he,he,"נתניהו מזנק ל-36 מנדטים, גוש הימין - 59",https://kikar.co.il/418009.html,poll,poll,polls,Rafi Smith Institute,Rafi Smith Institute / Galei Tzahal (Israeli Radio),59,-0.4,0.85,deadlock,,0.3,no61,סקר חדש שפורסם הבוקר (שלישי) מעלה כי גוש הימין מתחזק ל-59 מנדטים,A new poll published this morning (Tuesday) shows that the right-wing bloc strengthens to 59 seats,"A Rafi Smith poll projects Netanyahu's right-wing bloc at 59 seats, falling 2 short of the 61-seat majority needed to form a government.",True,live,
3,2022-05-03,inn.co.il,he,he,מיכאל מלכיאלי: היו לנו 61 לממשלת ימין אם לא היה לבנט השיגעון להיות ראש ממשלה,https://inn.co.il/news/548692,interview,politician_bloc,bloc,Michael Malchieli,"Shas faction chair, Knesset",61,0.5,0.7,n/a,,0.75,bloc61,"יש בכנסת מעל 65 מנדטים ששייכים לגוש הימין, כולנו יודעים שאם לא היה לבנט השיגעון להיות ראש ממשלה היו לנו 61.","There are over 65 mandates in the Knesset belonging to the right-wing bloc; we all know that if it weren't for Bennett's madness to be prime minister, we would have had 61.",Shas faction chair Malchieli asserts that the right-wing bloc has over 65 seats and would have achieved 61 for a Netanyahu government if Bennett had not insisted on being PM; he expresses confidence in forming a Netanyahu-led government as the preferred option.,True,live,
4,2022-05-04,israelnationalnews.com,en,il_en,Shas MK: We would have had a majority of 61 if it were not for Bennett,https://israelnationalnews.com/news/326903,interview,politician_bloc,bloc,Michael Malkieli,Shas,,0.5,0.7,n/a,,0.75,bloc61,"Among the many options – the formation of a government headed by Netanyahu in this Knesset is the preferred option - and it is possible. There are more than 65 seats in the Knesset that belong to the right-wing bloc, we all know that if Bennett did not have that crazy desire to be Prime Minister, we would have had a government with a majority of 61.","Among the many options – the formation of a government headed by Netanyahu in this Knesset is the preferred option - and it is possible. There are more than 65 seats in the Knesset that belong to the right-wing bloc, we all know that if Bennett did not have that crazy desire to be Prime Minister, we would have had a government with a majority of 61.","Shas MK Malkieli asserts that a Netanyahu-led right-wing government with 61+ seats is possible and was achievable in the current Knesset, but was blocked by Bennett's ambitions; Shas is committed to supporting Netanyahu.",True,live,
5,2022-05-07,israelhayom.co.il,he,he,"דעה | בקואליציה של 60 כל ח""כ הופך למלך | ישראל היום",https://israelhayom.co.il/news/politics/article/10687797,opinion,author,media,,Israel Hayom,,0,0.3,unclear,,0.5,uncertain,"בקואליציית 60 כל חבר כנסת היה נסיך, עכשיו כל חבר כנסת עומד להיות מלך... האם המצב שבו הכנסת מנוטרלת יסתיים בפירוק הממשלה? הגיוני שכן, אבל כלל לא בטוח.","In a 60-seat coalition every MK was a prince, now every MK is about to be a king... Will the situation where the Knesset is neutralized end in government dissolution? Logically yes, but not at all certain.","The author speculates that a 60-seat coalition (implying loss of the current 61-seat majority) would face severe dysfunction and possible collapse, but explicitly states this outcome is uncertain.",False,live,
6,2022-05-08,timesofisrael.com,en,il_en,Ra'am MK calls for party to quit coalition as opposition plans bid to topple gov't,https://timesofisrael.com/raam-mk-calls-for-party-to-quit-coalition-as-knesset-to-vote-on-toppling-government,news,analyst,media,Times of Israel reporting,Times of Israel,,-0.5,0.7,deadlock,,0.25,no61,"However, it remains unlikely that the opposition can muster the 61 votes necessary to dissolve the Knesset and force new elections.","However, it remains unlikely that the opposition can muster the 61 votes necessary to dissolve the Knesset and force new elections.","Times of Israel reports that while the opposition plans a no-confidence vote, it remains unlikely they can muster 61 votes to topple the government; Ra'am's continued coalition membership is uncertain pending Temple Mount negotiations.",True,wayback,20220508125103
7,2022-05-09,bhol.co.il,he,he,"רע""מ תישאר מחוץ לכנסת? סקר מפתיע בצל פתיחת מושב הקיץ",https://bhol.co.il/news/1383126,poll,poll,polls,Channel 13 News (Prof. Kamil Fuchs),Channel 13 News,52,-0.5,0.85,deadlock,,0.25,no61,"במפת הגושים, המפלגות המרכיבות את הקואליציה הנוכחית מגיעות ל-53 מנדטים מול 59 מנדטים אצל מפלגות גוש הימין-חרדים באופוזיציה בכנסת הנוכחית. בתווך, המשותפת עם שמונת המנדטים שלה. ... גם בסקר הנוכחי אין לאף אחד מהצדדים 61","In the bloc map, the parties making up the current coalition reach 53 seats versus 59 seats for the right-wing and ultra-Orthodox parties in opposition in the current Knesset. In between, the Joint List with its eight seats. ... even in the current poll, neither side has 61.","A Channel 13 News poll (Prof. Kamil Fuchs, May 2022) projects Netanyahu's right-wing/ultra-Orthodox bloc at 52 seats (Likud 36 + Religious Zionism 9 + Shas 7 + UTJ 7 minus 7 for Yamina), falling short of the 61-seat majority needed, with no side reaching 61.",True,wayback,20220509193746
8,2022-05-09,israelhayom.co.il,he,he,"גורם בלשכת בנט: ""הולכים בכול הכוח על החלפת רע""מ ביהדות התורה"" | ישראל היום",https://israelhayom.co.il/news/politics/article/10754829,news,politician_bloc,bloc,Moshe Gafni / United Torah Judaism,United Torah Judaism (Yahadut HaTorah),,-0.7,0.75,opposition_forms_govt,,0.15,no61,"הממשלה הנוכחית אינה זוכה לאמון העם וללא רוב בכנסת, פוגעת פעם אחר פעם בציבור החרדי והמסורתי. נמשיך לעשות הכל להחלפתה בממשלה לאומית","The current government does not enjoy public trust and without a Knesset majority, harms the haredi and traditional public repeatedly. We will continue to do everything to replace it with a national government","United Torah Judaism and Shas declare they will work to replace the current government with a national (right-wing) government, opposing the current coalition's lack of majority and partnership with Ra'am, while Bennett's office pursues replacing Ra'am with UTJ to stabilize the coalition.",True,live,
9,2022-05-10,timesofisrael.com,en,il_en,"Poll: In new elections, coalition parties would sink to just 53 seats",https://timesofisrael.com/poll-in-new-elections-coalition-parties-would-sink-to-just-53-seats,poll,poll,polls,Channel 13 news survey (Kamil Fuchs),Channel 13,59,-0.4,0.85,deadlock,,0.3,no61,"The results showed that the opposition bloc led by MK Benjamin Netanyahu would have 59 seats, while parties that make up the current coalition would have just 53... 2 short of a majority, in continuation of political stalemate, survey finds","The results showed that the opposition bloc led by MK Benjamin Netanyahu would have 59 seats, while parties that make up the current coalition would have just 53... 2 short of a majority, in continuation of political stalemate, survey finds","A Channel 13 poll projects Netanyahu's opposition bloc at 59 seats, falling 2 short of the 61-seat majority needed to form a government, indicating continued political deadlock.",True,wayback,20220510135219
10,2022-05-10,haaretz.com,en,il_en,.premium israel election this party is setting up a trap for voters tired of netanyahu 1.9638720,https://haaretz.com/israel-news/elections/.premium-israel-election-this-party-is-setting-up-a-trap-for-voters-tired-of-netanyahu-1.9638720,analysis,author,media,,Haaretz,,-0.5,0.7,unclear,,0.25,no61,"The majority of Israelis say they don't want four more years of Netanyahu and the ultra-Orthodox parties leading the country. But in this election, a vote for Naftali Bennett's Yamina will produce exactly that","The majority of Israelis say they don't want four more years of Netanyahu and the ultra-Orthodox parties leading the country. But in this election, a vote for Naftali Bennett's Yamina will produce exactly that","Haaretz analysis argues that voting for Bennett's Yamina, despite anti-Netanyahu sentiment, will paradoxically enable a Netanyahu-led government with ultra-Orthodox parties.",True,live,
11,2022-05-10,kikar.co.il,he,he,סקר חדש: עבאס לא עובר את אחוז החסימה,https://kikar.co.il/418513.html,poll,poll,polls,Kamil Fuchs Institute,Channel 13 News,59,-0.4,0.85,deadlock,,0.3,no61,"סקר חדש שפורסם הערב (שני) מעלה כי גוש הימין שומר על כוחו עם 59 מנדטים, גוש הממשלה הנוכחית עם 53 מנדטים.","A new poll published this evening (Monday) shows that the right-wing bloc maintains its strength with 59 seats, the current government bloc with 53 seats.","A Kamil Fuchs Institute poll for Channel 13 projects Netanyahu's right-wing bloc at 59 seats, falling short of the 61-seat majority needed.",True,live,
12,2022-05-13,haaretz.com,en,il_en,right wing parties declare they will recommend netanyahu to form coalition 1.7107531,https://haaretz.com/israel-news/elections/right-wing-parties-declare-they-will-recommend-netanyahu-to-form-coalition-1.7107531,news,politician_bloc,bloc,"Benjamin Netanyahu, Rafi Peretz, Arye Dery, Yaakov Litzman, Moshe Kahlon","Likud, Union of Right-Wing Parties, Shas, United Torah Judaism, Kulanu",60,0.5,0.7,n/a,,0.75,bloc61,"Kulanu, the Union of Right-Wing Parties, Shas and United Torah Judaism together got 25 Knesset seats. With Likud – who received 35 Knesset seats - the right-wing bloc would achieve the minimum 60 Knesset seats required for forming a coalition.","Kulanu, the Union of Right-Wing Parties, Shas and United Torah Judaism together got 25 Knesset seats. With Likud – who received 35 Knesset seats - the right-wing bloc would achieve the minimum 60 Knesset seats required for forming a coalition.","Right-wing party leaders declare they will recommend Netanyahu to form a coalition, with the bloc projected at 60 seats (one short of the 61-seat threshold), contingent on final vote counts and coalition negotiations.",True,live,
13,2022-05-15,haaretz.com,en,il_en,.premium a third election is almost inevitable even israel s political kingmaker knows that 1.8139487,https://haaretz.com/israel-news/elections/.premium-a-third-election-is-almost-inevitable-even-israel-s-political-kingmaker-knows-that-1.8139487,analysis,author,media,,Haaretz,,-0.9,0.85,deadlock,,0.05,no61,"For the first time in Israeli electoral history, it looks extremely likely that two candidates tapped by the president have failed to form a government... a third consecutive election campaign.","For the first time in Israeli electoral history, it looks extremely likely that two candidates tapped by the president have failed to form a government... a third consecutive election campaign.",Haaretz analysis asserts that a third election is almost inevitable because both presidential candidates have failed to form a government.,True,live,
14,2022-05-15,washingtoninstitute.org,en,intl,increasingly right stuff religious parties israels upcoming election,https://washingtoninstitute.org/policy-analysis/increasingly-right-stuff-religious-parties-israels-upcoming-election,analysis,analyst,media,Tamar Hermann,Israel Democracy Institute / Washington Institute for Near East Policy,,0.55,0.75,n/a,,0.775,bloc61,"the most likely outcomes are either another narrow right-wing government led by the Likud Party, or a broader center-right one with both Likud and Kahol Lavan... opposition from these religious parties will continue to prevent the formation of any purely centrist Israeli government.","the most likely outcomes are either another narrow right-wing government led by the Likud Party, or a broader center-right one with both Likud and Kahol Lavan... opposition from these religious parties will continue to prevent the formation of any purely centrist Israeli government.","Analyst Tamar Hermann argues that Israel's rightward-tilted religious parties will most likely enable a narrow right-wing Likud government or center-right coalition, making a purely centrist government 'almost impossible,' though she acknowledges Netanyahu's legal troubles and political surprises add uncertainty.",True,live,
15,2022-05-16,haaretz.com,en,il_en,a looming war lifts netanyahu s spirits 1.7768083,https://haaretz.com/israel-news/elections/a-looming-war-lifts-netanyahu-s-spirits-1.7768083,analysis,author,media,Gideon Levy (implied),Haaretz,57,-0.5,0.7,deadlock,,0.25,no61,"The polls, without which we have nothing to base our conjectures on, are holding steady: At best, the Likud-Haredi-far-right bloc will garner 57 seats... The specter of an indecisive dead end is still preoccupying the leaders of all parties at present.","The polls, without which we have nothing to base our conjectures on, are holding steady: At best, the Likud-Haredi-far-right bloc will garner 57 seats... The specter of an indecisive dead end is still preoccupying the leaders of all parties at present.","The author reports that polls show Netanyahu's bloc at best reaching 57 seats, well short of 61, creating a deadlock scenario; Netanyahu himself remains optimistic about reaching 61, but the article emphasizes the structural difficulty and explores contingency plans including a broad coalition with Gantz.",True,live,
16,2022-05-16,haaretz.com,en,il_en,election poll kahanist party rejected from right wing merger makes it into knesset 1.8408394,https://haaretz.com/israel-news/elections/election-poll-kahanist-party-rejected-from-right-wing-merger-makes-it-into-knesset-1.8408394,poll,poll,polls,"Channel 13 News, Channel 12 News",Israeli television news outlets,,-0.6,0.85,deadlock,,0.2,no61,"Both main blocs are still predicted less than a solid 61-seat majority, required to form a government.","Both main blocs are still predicted less than a solid 61-seat majority, required to form a government.","Two Israeli polls from May 2022 project that both the Netanyahu-led right-wing bloc and the Gantz-led opposition bloc fall short of the 61 seats needed to form a government, with Lieberman's Yisrael Beiteinu positioned as kingmaker.",True,live,
17,2022-05-17,haaretz.com,en,il_en,election poll israel s biggest parties going strong but neither secure majority 1.7758447,https://haaretz.com/israel-news/elections/election-poll-israel-s-biggest-parties-going-strong-but-neither-secure-majority-1.7758447,poll,poll,polls,Kan,Kan public broadcaster,56,-0.6,0.85,deadlock,,0.2,no61,"Kan's poll, similarly to other public opinion polls released over the past weeks, shows the right-wing bloc, together with the ultra-Orthodox parties, would receive only 56 seats.","Kan's poll, similarly to other public opinion polls released over the past weeks, shows the right-wing bloc, together with the ultra-Orthodox parties, would receive only 56 seats.","A Kan public broadcaster poll projects Netanyahu's right-wing bloc plus ultra-Orthodox parties at 56 seats, falling short of the 61-seat majority needed, with Lieberman potentially able to deny Netanyahu coalition formation.",True,live,
18,2022-05-17,haaretz.com,en,il_en,.premium.HIGHLIGHT three days before israel s election small parties pass threshold final polls show 1.9637794,https://haaretz.com/israel-news/elections/.premium.HIGHLIGHT-three-days-before-israel-s-election-small-parties-pass-threshold-final-polls-show-1.9637794,news,author,media,,Haaretz,,0,0.3,unclear,,0.5,uncertain,"If even one of them fails to meet the threshold, it could dramatically affect each camp's likelihood of being able to form the next government.","If even one of them fails to meet the threshold, it could dramatically affect each camp's likelihood of being able to form the next government.","The author notes that small parties' threshold performance could dramatically affect whether either camp can form a government, but offers no explicit prediction on Netanyahu's bloc reaching 61 seats.",True,live,
19,2022-05-18,haaretz.com,en,il_en,.premium israeli arabs who refuse to vote are handing netanyahu victory on a silver platter 1.7081686,https://haaretz.com/israel-news/elections/.premium-israeli-arabs-who-refuse-to-vote-are-handing-netanyahu-victory-on-a-silver-platter-1.7081686,opinion,author,media,,Haaretz,,0.5,0.7,n/a,,0.75,bloc61,"If they would do so on April 9, Israeli-Arabs could have ensured Netanyahu's defeat. [But] If their participation in national elections would match that of Israeli Jews, the Arab-Israeli vote would be worth, grosso modo, 19 seats in the Knesset.","If they would do so on April 9, Israeli-Arabs could have ensured Netanyahu's defeat. [But] If their participation in national elections would match that of Israeli Jews, the Arab-Israeli vote would be worth, grosso modo, 19 seats in the Knesset.","The author argues that low Arab voter turnout is enabling Netanyahu's victory, implying that higher turnout could have prevented it—suggesting the bloc is on track to reach 61+ seats unless Arab participation increases.",True,live,
20,2022-05-18,haaretz.com,en,il_en,.premium can the submarine scandal still sink netanyahu s promising electoral prospects 1.7085478,https://haaretz.com/israel-news/elections/.premium-can-the-submarine-scandal-still-sink-netanyahu-s-promising-electoral-prospects-1.7085478,analysis,author,media,Gideon Levy,Haaretz,,0.4,0.5,n/a,,0.7,bloc61,Netanyahu is trying to distance himself from new revelations and accusations that could sway undecided voters against him,Netanyahu is trying to distance himself from new revelations and accusations that could sway undecided voters against him,"The author suggests the submarine scandal and bribery accusations could potentially sway undecided voters against Netanyahu, but frames his electoral prospects as 'promising' despite the controversy.",True,live,
21,2022-05-20,haaretz.com,en,il_en,"'How to lose a Knesset majority without really trying,' starring: Naftali Bennett",https://haaretz.com/israel-news/.premium-how-to-lose-a-knesset-majority-without-really-trying-starring-naftali-bennett-1.10811207,analysis,author,media,Anshel Pfeffer,Haaretz,,-0.7,0.75,deadlock,,0.15,no61,"If Rinawie Zoabi continues her rebellion, this coalition will collapse quickly instead of slowly while intubated in a coma. Even now, the dynamics are fatal; situations like this, by their nature, are reality-changers.","If Rinawie Zoabi continues her rebellion, this coalition will collapse quickly instead of slowly while intubated in a coma. Even now, the dynamics are fatal; situations like this, by their nature, are reality-changers.","Pfeffer argues the current coalition government (Bennett-led, not Netanyahu's bloc) is collapsing due to defections and internal dysfunction, with Netanyahu positioned to benefit and potentially return to power, implying Netanyahu's bloc will not reach 61 seats in the current Knesset but may in a new election.",True,wayback,20220520094129
22,2022-05-20,kommersant.ru,ru,ru,В Израиле могут пройти пятые парламентские выборы за три года,https://kommersant.ru:443/doc/5358018,news,author,media,,Kommersant,,-0.7,0.75,deadlock,,0.15,no61,"Тем самым теперь в оппозиции больше депутатов, чем в правящей коалиции: 61 человек против 59. Кризис правящей коалиции может привести к тому, что в стране пройдут внеочередные парламентские выборы.","Thus, now the opposition has more deputies than the ruling coalition: 61 against 59. The crisis of the ruling coalition could lead to new parliamentary elections in the country.","The author reports that the ruling coalition has lost its majority (59 vs 61 opposition seats as of May 2022), making new elections or an opposition government possible, with no indication Netanyahu's bloc will reach 61+ seats.",True,live,
23,2022-05-22,israelinfo.co.il,ru,ru,"Опрос: МЕРЕЦ сходит со сцены, Израиль останется без коалиции",https://news.israelinfo.co.il/politics/103039,poll,poll,polls,103FM,103FM radio station,60,-0.4,0.85,deadlock,,0.3,no61,"блок Нетаниягу усиливается, но по-прежнему не дотягивает до формирования коалиции. Ликуд мог бы завоевать сегодня 36 мандатов и вместе с харедим и религиозными сионистами (8+9+7) получает 60 мандатов.","Netanyahu's bloc is strengthening, but still falls short of forming a coalition. Likud could win 36 seats today and together with Haredim and religious Zionists (8+9+7) gets 60 seats.","A 103FM poll projects Netanyahu's bloc at 60 seats (Likud 36 + Shas 8 + UTJ 9 + Religious Zionism 7), one short of a 61-seat majority, creating a deadlock scenario where the Arab bloc becomes kingmaker.",True,live,
24,2022-05-22,haaretz.com,en,il_en,.premium haaretz election poll support for gantz drops dramatically right wing bloc leads 1.7002703,https://haaretz.com/israel-news/elections/.premium-haaretz-election-poll-support-for-gantz-drops-dramatically-right-wing-bloc-leads-1.7002703,poll,poll,polls,Haaretz Election Poll,Haaretz,,0.5,0.7,n/a,,0.75,bloc61,"The Lapid-Gantz roster is losing momentum, along with numerous Knesset seats, while the Likud maintains its standing. Right-Wing Bloc in the Lead.","The Lapid-Gantz roster is losing momentum, along with numerous Knesset seats, while the Likud maintains its standing. Right-Wing Bloc in the Lead.","A Haaretz poll reports the right-wing bloc leads with Gantz-Lapid alliance dropping to 31 seats, suggesting momentum favors Netanyahu's bloc, though the full bloc seat count is not explicitly stated in the available text.",True,live,
25,2022-05-24,washingtoninstitute.org,en,intl,why political comeback israels netanyahu just became lot less likely,https://washingtoninstitute.org/policy-analysis/why-political-comeback-israels-netanyahu-just-became-lot-less-likely,analysis,author,media,Neri Zilber,Washington Institute for Near East Policy / Foreign Policy,,-0.7,0.75,opposition_forms_govt,,0.15,no61,"A third comeback is looking less and less possible... Netanyahu remains a contentious figure in Israeli politics, the chances that a majority of lawmakers would agree to have him head an alternative government seem unlikely.","A third comeback is looking less and less possible... Netanyahu remains a contentious figure in Israeli politics, the chances that a majority of lawmakers would agree to have him head an alternative government seem unlikely.","Neri Zilber argues that Netanyahu's political comeback has become significantly less likely because the Bennett-Lapid coalition's successful budget passage has stabilized the government, making it durable until 2025, while Netanyahu's controversial status makes forming an alternative government around him improbable.",True,live,
26,2022-05-25,ynet.co.il,he,he,"ח""כ ביהדות התורה חשף באולפן ynet: ""נתניהו מנהל מגעים להקמת ממשלה ברוטציה""; הליכוד לא",https://ynet.co.il/news/article/hk4ipoivq,interview,politician_bloc,bloc,Uri Maklev,United Torah Judaism (Yahadut HaTorah),,0,0.3,unclear,,0.5,uncertain,משיחות עם בכירים בליכוד מתנהלים בימים אלה מגעים עם מפלגות מתוך הקואליציה על הקמת ממשלה חלופית בראשותו... העיקר שתגיע ממשלה אחרת,Talks are currently underway with senior Likud members and parties within the coalition about forming an alternative government... The main thing is that another government arrives,"UTJ's Maklev claims Netanyahu is negotiating an alternative government with rotation, but Likud denies any rotation agreement and insists only a Netanyahu-led national government is viable.",True,live,
27,2022-05-26,jpost.com,en,il_en,70% of Israelis don't want Arab party in future coalition - Jpost Poll - Israel News,https://jpost.com/israel-news/article-707827,poll,poll,polls,Panels Politics Research,The Jerusalem Post,59,-0.4,0.85,deadlock,,0.3,no61,"Benjamin Netanyahu's Likud comes out on top but would consistently fall short of the 61 seats needed to form a coalition. His bloc of Likud, Religious Zionist Party, Shas and United Torah Judaism would win 59 seats if an election would be held now.","Benjamin Netanyahu's Likud comes out on top but would consistently fall short of the 61 seats needed to form a coalition. His bloc of Likud, Religious Zionist Party, Shas and United Torah Judaism would win 59 seats if an election would be held now.","A Panels Politics poll for The Jerusalem Post projects Netanyahu's bloc (Likud, Religious Zionist Party, Shas, United Torah Judaism) at 59 seats, falling short of the 61 needed to form a government, with the article stating 'no possibility of forming a government without major ideological compromises.'",True,live,
28,2022-05-27,israelnationalnews.com,en,il_en,Poll: 'Netanyahu bloc' on the rise,https://israelnationalnews.com/news/328360,poll,poll,polls,Mano Geva,Channel 12 News,59,-0.4,0.85,deadlock,,0.3,no61,"When it comes to the blocs, one can identify a trend of a slow strengthening of the ""Netanyahu bloc"", which already has 59 seats, compared with 52 in the last election.","When it comes to the blocs, one can identify a trend of a slow strengthening of the ""Netanyahu bloc"", which already has 59 seats, compared with 52 in the last election.","A Mano Geva poll for Channel 12 projects Netanyahu's bloc at 59 seats, below the 61-seat majority threshold, showing strengthening but falling short.",True,live,
29,2022-05-27,maariv.co.il,he,he,כמעט שנה לממשלת בנט-לפיד: האם סופה של הקואליציה קרב? | סקר,https://maariv.co.il/news/politics/Article-921059,poll,poll,polls,Maariv poll (unnamed pollster),Maariv,59,-0.4,0.85,deadlock,,0.3,no61,"במפת הגושים נמצא שבלוק הימין זוכה ל-59 מנדטים, לעומת 52 בבחירות האחרונות.","In the bloc map, the right-wing bloc wins 59 seats, compared to 52 in the last elections.","A Maariv poll from May 2022 projects Netanyahu's right-wing bloc at 59 seats, falling short of the 61-seat majority needed to form a government.",True,live,
30,2022-05-27,inn.co.il,he,he,"סקר מנדטים מגלה: מרצ נמחקת, בן גביר מפתיע",https://inn.co.il/news/551030,poll,poll,polls,Panels Politics,Jerusalem Post / Panel4All,,0,0.3,unclear,,0.5,uncertain,"על פי הסקר, רשימה שמאחדת את מפלגות ימינה, תקווה חדשה וישראל ביתנו מקבלת 12 מנדטים, פחות מאשר מקבלות שלושתן בנפרד (15 על פי הסקר הנוכחי).","According to the poll, a list uniting right-wing parties, Tikva Chadasha and Yisrael Beytenu receives 12 seats, fewer than the three receive separately (15 according to the current poll).",A Panels Politics poll for the Jerusalem Post reports on seat distributions under various coalition scenarios but does not explicitly project Netanyahu's bloc total or assess whether it will reach 61 seats.,True,live,
31,2022-05-27,maariv.co.il,he,he,"סקר מנדטים: מרצ נמחקת, בן גביר מפתיע והאם נתניהו יקים קואליציה?",https://maariv.co.il/news/politics/Article-920927,poll,poll,polls,Unknown pollster,Maariv,,0,0.3,unclear,,0.5,uncertain,"סקר מנדטים: מרצ נמחקת, בן גביר מפתיע והאם נתניהו יקים קואליציה?","Seat poll: Meretz erased, Ben-Gvir surprises and will Netanyahu form a coalition?","A Maariv seat poll raises the question of whether Netanyahu will form a coalition, but the article excerpt does not provide the bloc's projected seat total or a clear answer.",False,live,
32,2022-05-27,jpost.com,en,il_en,Is a Netanyahu comeback becoming more likely?,https://jpost.com/israel-news/politics-and-diplomacy/article-707812,analysis,author,media,Herb Keinon,Jerusalem Post,,0.35,0.6,n/a,,0.675,bloc61,"Perhaps with the help of a new party formed by Chikli taking former Yamina and New Hope voters, the strategy is to get 61 MKs for Netanyahu's bloc by taking advantage of the Right's fear of Lapid... A successful comeback after he failed in four elections still remains far-fetched. But he has surprised both his strongest supporters and worst enemies before.","Perhaps with the help of a new party formed by Chikli taking former Yamina and New Hope voters, the strategy is to get 61 MKs for Netanyahu's bloc by taking advantage of the Right's fear of Lapid... A successful comeback after he failed in four elections still remains far-fetched. But he has surprised both his strongest supporters and worst enemies before.","The author analyzes how Netanyahu's trial momentum and Bennett government disintegration have made a 61-seat bloc comeback theoretically possible but still far-fetched, with Likud officials claiming they are working to secure the necessary defectors.",True,live,
33,2022-05-28,theyeshivaworld.com,en,il_en,erev shabbos election poll yesh atid is the largest party,https://theyeshivaworld.com/news/israel-news/1448962/erev-shabbos-election-poll-yesh-atid-is-the-largest-party.html,poll,poll,polls,Panels-Politics,Maariv,34,-0.6,0.85,opposition_forms_govt,,0.2,no61,"Yesh Atid emerges the largest party, with 27 seats as compared to Likud with only 22... if this was the result of the next election, it would result in Prime Minister Binyamin Netanyahu leaving politics... willing to join a coalition headed by Yesh Atid leader Yair Lapid instead of teaming with the chareidim.","Yesh Atid emerges the largest party, with 27 seats as compared to Likud with only 22... if this was the result of the next election, it would result in Prime Minister Binyamin Netanyahu leaving politics... willing to join a coalition headed by Yesh Atid leader Yair Lapid instead of teaming with the chareidim.","A Panels-Politics poll for Maariv shows Netanyahu's bloc (Likud 22 + Shas 4 + Yahadut Hatorah 8 = 34 seats) far short of 61, with analysts noting this would force Netanyahu from politics and enable a Lapid-led coalition.",True,live,
34,2022-05-28,theyeshivaworld.com,en,il_en,senior blue white official the chareidim will find the way to enter into a coalition with us,https://theyeshivaworld.com/news/israel-news/1757728/senior-blue-white-official-the-chareidim-will-find-the-way-to-enter-into-a-coalition-with-us.html,news,politician_anti,anti,Moshe Ya'alon,Blue & White / Democratic Israel,,0.3,0.5,n/a,,0.65,bloc61,"In the event we are building the next coalition government, the chareidim will find a way to enter a coalition headed by us. We are the rational center.","In the event we are building the next coalition government, the chareidim will find a way to enter a coalition headed by us. We are the rational center.","Moshe Ya'alon (Blue & White) asserts that if his bloc forms the next government, the ultra-Orthodox parties will join them, framing his bloc as the rational center alternative to Netanyahu.",True,live,
35,2022-06-03,srugim.co.il,he,he,נתניהו בשיא של מנדטים: 'הארץ' חושף סקר פנימי,https://srugim.co.il/679681-%D7%A0%D7%AA%D7%A0%D7%99%D7%94%D7%95-%D7%91%D7%A9%D7%99%D7%90-%D7%A9%D7%9C-%D7%9E%D7%A0%D7%93%D7%98%D7%99%D7%9D-%D7%94%D7%90%D7%A8%D7%A5-%D7%97%D7%95%D7%A9%D7%A3-%D7%A1%D7%A7%D7%A8-%D7%A4%D7%A0,news,poll,polls,Midgam (מדגם),Channel 12 News,59,-0.4,0.85,deadlock,,0.3,no61,על פי החלוקה לגושים: קואליציה נוכחית: 55 מנדטים. גוש נתניהו 59 מנדטים. הרשימה המשותפת 6 מנדטים.,"By bloc division: current coalition 55 seats, Netanyahu bloc 59 seats, Joint List 6 seats.","A Midgam poll for Channel 12 projects Netanyahu's bloc at 59 seats, two short of a majority, though an internal coalition poll cited by Haaretz showed it reaching exactly 61.",True,live,
36,2022-06-03,israelnationalnews.com,en,il_en,MK Nir Barkat: Sa'ar knows that he will be wiped out if there's an election,https://israelnationalnews.com/news/354381,news,politician_bloc,bloc,Nir Barkat,Likud,,0.4,0.5,n/a,,0.7,bloc61,The reality has changed and today the right-wingers understand it. I feel it... they do not exactly rule out sitting with Netanyahu. They understand that there will be an election soon and they will be wiped out if they do not join the national camp.,The reality has changed and today the right-wingers understand it. I feel it... they do not exactly rule out sitting with Netanyahu. They understand that there will be an election soon and they will be wiped out if they do not join the national camp.,"Likud MK Nir Barkat claims a Likud-led government is now possible because right-wing parties will join Netanyahu to avoid electoral wipeout, contradicting earlier refusals; Sa'ar denies any negotiations.",True,live,
37,2022-06-06,israelhayom.co.il,he,he,"הערכה: סער לא יפיל את הממשלה; מתקפה על זועבי בקואליציה: ""היא התחרפנה"" | ישראל היום",https://israelhayom.co.il/news/politics/article/11479735,news,author,media,,Israel Hayom,,0,0.3,unclear,,0.5,uncertain,"ההערכה היא כי למרות שחוק תקנות יו״ש לא עבר אמש בכנסת, שר המשפטים גדעון סער לא יפיל את הממשלה","The assessment is that despite the law on West Bank regulations not passing yesterday in the Knesset, Justice Minister Gideon Sa'ar will not topple the government","The author reports an assessment that Justice Minister Sa'ar will not topple the coalition despite legislative failure, but the article focuses on internal coalition tensions and does not project whether Netanyahu's bloc will reach 61 seats in the November election.",False,live,
38,2022-06-07,kikar.co.il,he,he,"נתניהו מתחזק, גדעון סער מתרסק • סקר",https://kikar.co.il/420549.html,poll,poll,polls,Kantar,"Kan News (Israeli public broadcaster), pollster Dudi Hasid, Kantar Institute",60,-0.2,0.85,deadlock,,0.4,no61,"בחלוקה לפי תמונת הגושים, אין שינוי משמעותי: גוש נתניהו, שכולל את הליכוד, הציונות הדתית והמפלגות החרדיות, זוכה רק ל-60 מנדטים","By bloc division, there is no significant change: Netanyahu's bloc, which includes Likud, Religious Zionism and the haredi parties, wins only 60 seats","A Kantar poll for Kan News projects Netanyahu's bloc (Likud + Religious Zionism + haredi parties) at 60 seats, one short of a 61-seat majority, indicating a deadlock scenario.",True,live,
39,2022-06-07,jpost.com,en,il_en,Netanyahu-bloc would earn 60 seats in next elections - KAN poll,https://jpost.com/israel-news/article-708809,poll,poll,polls,KAN News,KAN News,60,-0.2,0.85,deadlock,,0.4,no61,"The bloc supporting former prime minister Benjamin Netanyahu would earn 60 seats, not a majority but potentially enough to form a coalition, according to a new poll published by KAN News on Tuesday evening.","The bloc supporting former prime minister Benjamin Netanyahu would earn 60 seats, not a majority but potentially enough to form a coalition, according to a new poll published by KAN News on Tuesday evening.","KAN News poll projects Netanyahu's bloc at 60 seats—one short of a majority, suggesting a difficult coalition formation but not ruling it out.",True,live,
40,2022-06-08,timesofisrael.com,en,il_en,"Netanyahu-led bloc would win 60 seats if elections held, 1 short of majority — poll",https://timesofisrael.com/netanyahu-led-bloc-would-win-60-seats-if-elections-held-1-short-of-majority-poll,poll,poll,polls,Kantar Insights,Kantar Insights,60,-0.2,0.95,deadlock,,0.4,no61,"Netanyahu-led bloc would win 60 seats if elections held, 1 short of majority — poll. The overall outcome would effectively replicate the current stalemate in the Knesset, with neither the opposition nor the government earning a parliamentary majority.","Netanyahu-led bloc would win 60 seats if elections held, 1 short of majority — poll. The overall outcome would effectively replicate the current stalemate in the Knesset, with neither the opposition nor the government earning a parliamentary majority.","A Kantar Insights poll projects Netanyahu's bloc at 60 seats, one short of the 61-seat majority needed, effectively replicating current Knesset deadlock.",True,wayback,20220608104718
41,2022-06-09,spectator.co.uk,en,intl,Is a return to power in Netanyahu's grasp?,https://spectator.co.uk/article/is-a-return-to-power-in-netanyahus-grasp,analysis,author,media,Anshel Pfeffer,The Spectator,54,-0.5,0.75,deadlock,,0.25,no61,"In the 120-seat Knesset, he currently has the potential support of 54 members, seven short of the majority he needs to form a new government... Seven more still seems an impossible task... The likelier option would be to try to dissolve the Knesset and hold new elections... But not all opposition members, worried for their own seats, are up for it.","In the 120-seat Knesset, he currently has the potential support of 54 members, seven short of the majority he needs to form a new government... Seven more still seems an impossible task... The likelier option would be to try to dissolve the Knesset and hold new elections... But not all opposition members, worried for their own seats, are up for it.","Anshel Pfeffer argues that Netanyahu's bloc currently has only 54 seats (7 short of 61) and faces an 'impossible task' gaining seven more, though new elections remain possible but uncertain in outcome.",True,wayback,20220609174025
42,2022-06-10,israelinfo.co.il,ru,ru,"Опрос: израильтяне предпочитают сохранить правительство Беннета, но будут голосовать за Нетанияху",https://news.israelinfo.co.il/politics/103489,poll,poll,polls,Kamila Fuchs group / Hadashot 13,Hadashot 13,60,-0.2,0.7,deadlock,,0.4,no61,"Согласно опросу, блок Нетанияху на выборах наберет 60 мандатов, его соперники — только 53, Мансур Аббас не преодолеет электоральный барьер.","According to the poll, Netanyahu's bloc will receive 60 seats in the elections, his opponents only 53, Mansur Abbas will not overcome the electoral threshold.","A Kamila Fuchs poll for Hadashot 13 projects Netanyahu's bloc at 60 seats (one short of 61), though respondents paradoxically prefer keeping Bennett's current government.",True,live,
43,2022-06-10,jewishpress.com,en,il_en,"Panels Politics Poll: Netanyahu Could Lead a 69-Member Right-Wing-Only Coalition But He Won't | The Jewish Press - JewishPress.com | David Israel | 11 Sivan 5782 – June 10, 2022",https://jewishpress.com/news/israel/israeli-arabs/panels-politics-poll-netanyahu-could-lead-a-69-member-right-wing-only-coalition-but-he-wont/2022/06/10,analysis,author,media,David Israel,Jewish Press,60,-0.2,0.7,unity_govt,,0.4,no61,"The latest Panels Politics poll, published by Ma'ariv Friday morning, shows the Likud under Netanyahu with 34 seats, Religious Zionism with 11, Shas with 8, and United Torah Judaism with 7. Amazingly, that comes up to 60 without having to compromise with questionable center-left partners such as Blue & White Chairman Benny Gantz. But it's not enough for a solid right-wing coalition.","The latest Panels Politics poll, published by Ma'ariv Friday morning, shows the Likud under Netanyahu with 34 seats, Religious Zionism with 11, Shas with 8, and United Torah Judaism with 7. Amazingly, that comes up to 60 without having to compromise with questionable center-left partners such as Blue & White Chairman Benny Gantz. But it's not enough for a solid right-wing coalition.","David Israel reports a Panels Politics poll showing Netanyahu's bloc at 60 seats (1 short of 61), and argues Netanyahu will likely form a unity government with Gantz rather than pursue a right-wing-only coalition, despite the ideological preference.",True,wayback,20220610122050
44,2022-06-10,inn.co.il,he,he,סקר מנדטים: מפלגת הציונות הדתית עולה ל־11 מנדטים,https://inn.co.il/news/568107,poll,poll,polls,Panels Politics,"Panels Politics (מכון פאנלס פוליטיקס), directed by Menachem Lazer",59,-0.4,0.85,deadlock,,0.3,no61,גוש תומכי נתניהו עדיין לא מצליח לחצות את רף 60 המנדטים אולם הוא קרוב מאוד לכך,"Netanyahu's bloc still fails to cross the 60-seat threshold, but it is very close to doing so","Panels Politics poll projects Netanyahu's bloc at 59 seats (Likud 34 + Religious Zionism 11 + Shas 7 + United Torah Judaism 7), falling short of the 61-seat majority needed, though described as 'very close.'",True,live,
45,2022-06-13,inn.co.il,he,he,"סקר: גוש נתניהו מתקרב ל-61, סער נותר בחוץ",https://inn.co.il/news/568385,poll,poll,polls,Channel 12 News,Channel 12 News,60,-0.2,0.7,deadlock,,0.4,no61,"הליכוד היתה המפלגה הגדולה בישראל עם 36 מנדטים... רשימת הציונות הדתית מתחזקת לתשעה מנדטים. סיעת ש""ס נהנית משמונה מנדטים, יהדות התורה עם שבעה מנדטים","Likud would be the largest party in Israel with 36 seats... Religious Zionism strengthens to nine seats. Shas enjoys eight seats, United Torah Judaism with seven seats",A Channel 12 News poll projects Netanyahu's bloc (Likud 36 + Religious Zionism 9 + Shas 8 + United Torah Judaism 7 = 60 seats) falling one seat short of a 61-seat majority.,True,live,
46,2022-06-13,maariv.co.il,he,he,"סקר מנדטים: מפלגה בקואליציה נמחקת, והאם נתניהו יוכל להקים ממשלה?",https://maariv.co.il/news/politics/Article-924686,poll,poll,polls,,Maariv,60,-0.4,0.85,deadlock,,0.3,no61,בלוק נתניהו יזכה ל-60. חמישה מנדטים נוספים תקבל הרשימה המשותפת,Netanyahu's bloc will receive 60 [seats]. Five additional seats will go to the Joint List.,"A Maariv poll projects Netanyahu's bloc at 60 seats, one short of the 61-seat majority needed to form a government.",True,live,
47,2022-06-13,srugim.co.il,he,he,סקר: הימין נוסק; קואליציית בנט - לפיד מתפוררת,https://srugim.co.il/682221-%D7%A1%D7%A7%D7%A8-%D7%94%D7%99%D7%9E%D7%99%D7%9F-%D7%A0%D7%95%D7%A1%D7%A7-%D7%A7%D7%95%D7%90%D7%9C%D7%99%D7%A6%D7%99%D7%99%D7%AA-%D7%91%D7%A0%D7%98-%D7%9C%D7%A4%D7%99%D7%93-%D7%9E%D7%AA%D7%A4,poll,poll,polls,Midgam (מדגם),Midgam Institute for Channel 12 News,60,0.0,0.85,deadlock,,0.5,uncertain,"סקר מנדטים חדש מעניק לקואליציה 55 מנדטים בלבד, לעומת 60 מנדטים אליהם מגיעות מפלגות האופוזיציה בראשות בנימין נתניהו.","A new seat poll gives the coalition only 55 seats, compared to 60 seats reached by opposition parties led by Benjamin Netanyahu.","A Midgam poll projects Netanyahu's bloc (Likud + Religious Zionism + Shas + UTJ) at 60 seats versus the current coalition at 55, suggesting a narrow opposition lead but short of a 61-seat majority.",True,live,
48,2022-06-13,theguardian.com,en,intl,"A year after ousting, Israel's Netanyahu gets ready for a comeback | World news",https://theguardian.com/world/2022/jun/13/a-year-after-ousting-israels-netanyahu-gets-ready-for-a-comeback,news,author,media,,The Guardian,,0.35,0.6,n/a,,0.675,bloc61,"Recent polling suggests that 39% of Israelis would rather go back to the polls for the country's fifth election since 2019 rather than continue with the current government or form a new one from within the current Knesset – but if an election were held now, it is unlikely the centre-left bloc led by the foreign minister, Yair Lapid, nor Netanyahu's rightwing-religious bloc would win an outright majority.","Recent polling suggests that 39% of Israelis would rather go back to the polls for the country's fifth election since 2019 rather than continue with the current government or form a new one from within the current Knesset – but if an election were held now, it is unlikely the centre-left bloc led by the foreign minister, Yair Lapid, nor Netanyahu's rightwing-religious bloc would win an outright majority.","The Guardian reports that Netanyahu's route back to power is becoming clearer but uncertain; recent polling suggests neither Netanyahu's rightwing-religious bloc nor Lapid's centre-left bloc would win an outright majority if elections were held in June 2022, though the current coalition is fragile and could collapse.",True,live,
49,2022-06-14,inn.co.il,he,he,אבי מעוז אופטימי: כשהממשלה תקרוס יימצאו ה-61,https://inn.co.il/news/568430,interview,politician_bloc,bloc,Avi Maoz,Noam party,,0.5,0.6,n/a,,0.75,bloc61,"להערכתו גם אם אין כעת 61 לגוש הימין המספר הזה יושג ביום שלאחר נפילת הממשלה... כשיהיה ברור שאי אפשר להמשיך עם ממשלה מקרטעת כזו, יהיו 61 להקדמת הבחירות כברירת מחשל.","In his assessment, even if there are not currently 61 seats for the right-wing bloc, that number will be achieved the day after the government falls... when it becomes clear that one cannot continue with such a fractured government, there will be 61 to advance elections as a default choice.","Avi Maoz (Noam) predicts that although the right-wing bloc currently lacks 61 seats, it will achieve that majority once the government collapses and new elections become inevitable.",True,live,
50,2022-06-16,jpost.com,en,il_en,"Failure isn't coalition with Arabs, its PM without legitimacy - opinion",https://jpost.com/opinion/article-709663,opinion,author,media,,Jerusalem Post,,-0.5,0.6,unclear,,0.25,no61,"The only questions that remain are: when will it fall apart (possibly by the end of the month), and who will be prime minister when that happens (possibly Yair Lapid)? ... that might just be enough to deny Netanyahu the ability to form a coalition.","The only questions that remain are: when will it fall apart (possibly by the end of the month), and who will be prime minister when that happens (possibly Yair Lapid)? ... that might just be enough to deny Netanyahu the ability to form a coalition.","The author argues the current Bennett government will collapse and suggests Netanyahu may be denied a coalition majority through higher Center-Left turnout, though the outcome remains uncertain.",True,live,
51,2022-06-17,atlanticcouncil.org,en,intl,"The Bennett-Lapid coalition is still holding on, but Israel can't seem to let go of Bibi",https://atlanticcouncil.org/blogs/menasource/the-bennett-lapid-coalition-is-still-holding-on-but-israel-cant-seem-to-let-go-of-bibi,opinion,author,media,Noga Tarnopolsky,Atlantic Council / freelance journalist,,-0.7,0.75,deadlock,,0.15,no61,Netanyahu has no evident path back... Polls show Likud continuing to hover at about thirty-five Knesset seats or about a quarter of the house. Its only dependable allies are the Kahanist religious Zionists and the ultra-Orthodox... It will take years for Israel to right its political ship... the most likely outcome should the Bennett-Lapid coalition fall [is] additional cycles of inconclusive elections.,Netanyahu has no evident path back... Polls show Likud continuing to hover at about thirty-five Knesset seats or about a quarter of the house. Its only dependable allies are the Kahanist religious Zionists and the ultra-Orthodox... It will take years for Israel to right its political ship... the most likely outcome should the Bennett-Lapid coalition fall [is] additional cycles of inconclusive elections.,"Noga Tarnopolsky argues that Netanyahu has no viable path to a 61-seat majority; Likud polls at ~35 seats with only fractious ultra-Orthodox and religious Zionist allies, and the most likely outcome of coalition collapse would be further inconclusive elections rather than a Netanyahu government.",True,live,
52,2022-06-17,bhol.co.il,he,he,"איש המספרים של 'דגל' ל'בחדרי': ""הפיצול יביא לניצחון נתניהו""",https://bhol.co.il/news/1400249,news,analyst,media,Abraham Veber (אברהם ובר),Degel HaTorah,,0.65,0.75,n/a,,0.825,bloc61,הפיצול דווקא יעודד ויביא את המצביעים הרדומים לצאת לקלפי... הפיצול יהיה המפתח של הליכוד ובנימין נתניהו לניצחון בבחירות הבאות,The split will actually encourage and bring dormant voters to the polls... the split will be the key for Likud and Benjamin Netanyahu to victory in the upcoming elections,"Abraham Veber, Degel HaTorah's numbers analyst, argues that a split in the haredi bloc will actually help Netanyahu win by mobilizing dormant haredi voters and potentially adding a crucial mandate to his coalition.",True,wayback,20220617072332
53,2022-06-20,telegraph.co.uk,en,intl,Benjamin Netanyahu eyes comeback as Israel's government collapses,https://telegraph.co.uk/world-news/2022/06/20/benjamin-netanyahu-eyes-comeback-israels-government-collapses,news,author,media,,Telegraph,,0,0.3,unclear,,0.5,uncertain,"The fresh elections will give Mr Netanyahu's Right-wing Likud Party a chance to regain power, but the path to a majority in an extremely divided political sphere is anything but straightforward, with the possibility of politicians refusing to join an alliance if Mr Netanyahu still heads the party.","The fresh elections will give Mr Netanyahu's Right-wing Likud Party a chance to regain power, but the path to a majority in an extremely divided political sphere is anything but straightforward, with the possibility of politicians refusing to join an alliance if Mr Netanyahu still heads the party.","The Telegraph reports that while Netanyahu's Likud has a chance to regain power in the upcoming October 2022 election, the path to a majority is uncertain and complicated by potential coalition partners' reluctance to join if Netanyahu leads.",True,wayback,20220620194613
54,2022-06-20,srugim.co.il,he,he,"בני גנץ לא רוצה בחירות, והוא גם יכול למנוע אותן",https://srugim.co.il/684093-%D7%91%D7%A0%D7%99-%D7%92%D7%A0%D7%A5-%D7%9C%D7%90-%D7%A8%D7%95%D7%A6%D7%94-%D7%91%D7%97%D7%99%D7%A8%D7%95%D7%AA-%D7%95%D7%94%D7%95%D7%90-%D7%92%D7%9D-%D7%99%D7%9B%D7%95%D7%9C-%D7%9C%D7%9E%D7%A0,analysis,author,media,,srugim.co.il,63,0.5,0.6,n/a,,0.75,bloc61,"לכחול לבן יש 8 אצבעות, ביחד עם גוש הימין, סילמן, שיקלי ואולי גם אורבך, יש אפשרות לרוב של 63 אצבעות והקמת ממשלה חדשה בראשות נתניהו עוד בכנסת הזו.","Blue and White has 8 seats; together with the right-wing bloc, Silman, Shikli, and perhaps also Orbach, there is a possibility of a majority of 63 seats and forming a new government headed by Netanyahu in this Knesset.","The author analyzes a scenario where Gantz could prevent elections by supporting a Netanyahu government with 63 seats (Blue and White + right-wing bloc + defectors), though notes Gantz's hesitation due to distrust of Netanyahu.",True,live,
55,2022-06-20,dailymail.co.uk,en,intl,Israel will hold fifth election in just THREE YEARS - setting stage for possible Netanyahu return,https://dailymail.co.uk/news/article-10935469/Israel-hold-fifth-election-just-THREE-YEARS-setting-stage-possible-Netanyahu-return.html,news,author,media,,Daily Mail,,0.35,0.5,n/a,,0.675,bloc61,Netanyahu's Likud party is leading in the polls... Netanyahu's Likud is set to win more seats than anyone - but could have difficulty finding allies,Netanyahu's Likud party is leading in the polls... Netanyahu's Likud is set to win more seats than anyone - but could have difficulty finding allies,"The Daily Mail reports that Netanyahu's Likud leads in polls and could make a comeback, but faces difficulty assembling a coalition majority despite potentially winning the most seats.",True,live,
56,2022-06-21,srugim.co.il,he,he,האם מפלגות הימין צריכות לשמוח מהבחירות?,https://srugim.co.il/684164-%D7%91%D7%97%D7%99%D7%A8%D7%95%D7%AA-%D7%91%D7%9B%D7%9C-%D7%9E%D7%97%D7%99%D7%A8-%D7%A9%D7%99%D7%97%D7%A9%D7%91%D7%95-%D7%A2%D7%9C-%D7%96%D7%94-%D7%A9%D7%95%D7%91,opinion,author,media,Elia Mimun,srugim.co.il,,-0.5,0.6,opposition_forms_govt,,0.25,no61,"אם השחקנים הימניים במגרש ישקלו את הדברים שנאמרים פה, יכול מאוד להיות שבשבוע הבא תוקם בכלל ממשלה חלופית.","If the right-wing players on the field consider what is said here, it is quite possible that an alternative government will be formed next week.","Opinion author Elia Mimun argues that right-wing parties should prefer forming an alternative government now rather than elections, as Likud's bloc majority is not guaranteed and an alternative coalition could better serve their interests.",True,live,
57,2022-06-21,jpost.com,en,il_en,Early election poll shows: No 61-seat majority for either side,https://jpost.com/israel-elections/article-709954,poll,poll,polls,"103FM, KAN, Channel 13, Channel 14, Channel 12",Israeli media outlets,59,-0.6,0.95,deadlock,,0.2,no61,"As it stands, the right-wing bloc led by Opposition leader Benjamin Netanyahu is predicted to receive 59 seats, and the Lapid-Bennett bloc is projected to receive 55, meaning neither bloc has the ability to form a 61-seat majority government.","As it stands, the right-wing bloc led by Opposition leader Benjamin Netanyahu is predicted to receive 59 seats, and the Lapid-Bennett bloc is projected to receive 55, meaning neither bloc has the ability to form a 61-seat majority government.","Five Israeli media polls (103FM, KAN, Channel 13, Channel 14, Channel 12) all project Netanyahu's right-wing bloc will fall short of a 61-seat majority, ranging from 59–60 seats, resulting in deadlock.",True,live,
58,2022-06-21,israelnationalnews.com,en,il_en,"Poll: 36 seats for Likud, 60 for Netanyahu bloc",https://israelnationalnews.com/news/355302,poll,poll,polls,Dudi Hassid,Kan News,60,-0.2,0.9,deadlock,,0.4,no61,"The poll finds that the Netanyahu bloc would receive 60 seats, one short of the majority needed to form a coalition. If the Yamina party joined, Benjamin Netanyahu would have enough seats to form a coalition.","The poll finds that the Netanyahu bloc would receive 60 seats, one short of the majority needed to form a coalition. If the Yamina party joined, Benjamin Netanyahu would have enough seats to form a coalition.","Pollster Dudi Hassid projects Netanyahu's bloc at 60 seats, one short of the 61-seat majority, but notes that adding Yamina would provide a coalition.",True,live,
59,2022-06-21,kikar.co.il,he,he,ישראל הולכת שוב לבחירות; הסקרים מציגים - 'אין הכרעה',https://kikar.co.il/421490.html,poll,poll,polls,"Kantar, Midgam, Prof. Kamil Fuchs, Direct Polls","Multiple pollsters for Israeli news outlets (Kan, Channel 12, Channel 13, Channel 14)",60,-0.2,0.85,deadlock,,0.4,no61,"לא צפויה הכרעה ברורה בבחירות, בין הגושים... גוש הימין והחרדים - בלי ימינה עם 60 מנדטים... גוש נתניהו והחרדים עם 59 מנדטים... גוש נתניהו והחרדים עומד על 60 מנדטים.",No clear decision is expected in the elections between the blocs... The right-wing and ultra-Orthodox bloc without Yamina has 60 seats... Netanyahu's bloc with the ultra-Orthodox has 59 seats... Netanyahu's bloc stands at 60 seats.,"Multiple pollsters (Kantar, Midgam, Fuchs, Direct Polls) project Netanyahu's bloc at 59–60 seats in most baseline scenarios, indicating no clear majority, though specific coalition scenarios could reach 61.",False,live,
60,2022-06-21,bhol.co.il,he,he,24 שעות להכרזה על בחירות; סקרי המנדטים נוטים לטובת נתניהו,https://bhol.co.il/news/1402961,news,poll,polls,"Multiple pollsters: Kamil Fuchs (Channel 13), Midgam (Channel 12), Kantar (Kan 11), Direct Polls (Channel 14)",Israeli media outlets and polling institutes,60,0.0,0.75,n/a,,0.5,uncertain,גוש נתניהו משיג 59 מושבים בכנסת ה-25... גוש נתניהו עומד על 60 מנדטים... גוש נתניהו משיג 60 מושבים בכנסת ה-25,Netanyahu's bloc achieves 59 seats in the 25th Knesset... Netanyahu's bloc stands at 60 seats... Netanyahu's bloc achieves 60 seats in the 25th Knesset,"Four seat polls published on June 21, 2022 project Netanyahu's bloc at 59–60 seats, just short of the 61-seat majority needed to form a government, with most polls showing the bloc one to two seats below the threshold.",False,wayback,20220621175430
61,2022-06-21,maariv.co.il,he,he,"בכיר בליכוד טוען: ""אין שום סיכוי לממשלה חלופית"" | בחירות 2022",https://maariv.co.il/news/politics/Article-926567,news,politician_bloc,bloc,Likud senior member (likely Zeev Elkin or similar),Likud,60,0.15,0.6,n/a,,0.575,uncertain,נקבל 60 מנדטים ונשנה את המציאות בישראל... אין שום סיכוי לממשלה חלופית,We will get 60 seats and change reality in Israel... there is no chance for an alternative government,"A senior Likud member claims the bloc will win 60 seats and form a government, while opposition leaders warn against interim government appointments.",False,live,
62,2022-06-21,ahram.org.eg,ar,ar,بعد حل الائتلاف الحكومي: هل تنهي الانتخابات المبكرة الأزمة السياسية في إسرائيل؟ - مركز الاهرام للدراسات السياسية والاستراتيجية,https://acpss.ahram.org.eg/News/17514.aspx,analysis,author,media,Saeed Okasha,Ahram Center for Political and Strategic Studies,,0.65,0.7,n/a,,0.825,bloc61,تبدو فرص نتنياهو للعودة إلى منصب رئيس الحكومة قوية بعد أن تفككت الجبهة المواجِهة له سواء باحتمال اعتزال بينت العمل السياسي، أو بفقدان جدعون ساعر نفوذه على قطاع من جبهة اليمين.,"Netanyahu's chances of returning to the position of Prime Minister appear strong after the opposing front has disintegrated, whether through Bennett's possible withdrawal from politics or Saar's loss of influence over a sector of the right wing.","Okasha (Ahram analyst) assesses that Netanyahu's right-wing bloc has strong chances of forming a 61+ seat government after the Bennett-Lapid coalition collapsed, citing fragmentation of the opposition and potential defections.",True,wayback,20220621133751
63,2022-06-21,bicom.org.uk,en,intl,BICOM Election 2022 Special,https://bicom.org.uk/analysis/bicom-election-2022-special,analysis,mixed,media,"Sima Kadmon, Nahum Barnea, Ben Caspit, Matti Tuchfeld, Nadav Eyal","Yediot Ahronot, Maariv, Israel Hayom",,0.35,0.6,n/a,,0.675,bloc61,"The upcoming election will focus once again on Netanyahu... Likud MKs say that he has been talking about the possibility of an historic change... hopes of winning even 40 seats. Facing that wave, the incoming prime minister, Yair Lapid... will try to chip away at the advantage that the right-wing bloc currently has.","The upcoming election will focus once again on Netanyahu... Likud MKs say that he has been talking about the possibility of an historic change... hopes of winning even 40 seats. Facing that wave, the incoming prime minister, Yair Lapid... will try to chip away at the advantage that the right-wing bloc currently has.","Multiple Israeli commentators suggest Netanyahu's right-wing bloc has an advantage heading into elections, though the outcome depends on Arab voter turnout and potential defections; the bloc is described as 'hungry for power' with hopes of historic gains, but faces organized opposition from the centre-left.",True,wayback,20220621100721
64,2022-06-21,walla.co.il,he,he,הקרב האחרון: בחירות 2022 יהיו הגורליות ביותר לנתניהו,https://news.walla.co.il/item/3513566,opinion,author,media,,walla.co.il,,0.5,0.6,n/a,,0.75,bloc61,"אם נתניהו יפרוץ את מחסום 61 המנדטים, אף אחד לא יוכל לעצור אותו ואת בני משפחתו. אם לא, קשה לראות אותו ממשיך לתחזק את הכת המהופנטת שנגררת אחריו.","If Netanyahu breaks through the 61-seat barrier, no one will be able to stop him and his family. If not, it is hard to see him continuing to strengthen the mesmerized sect that is dragged after him.","The author frames the 2022 election as pivotal for Netanyahu, suggesting that crossing 61 seats would give him unchecked power, but offers no explicit prediction of whether he will achieve it.",True,live,
65,2022-06-21,walla.co.il,he,he,האקזיט של בנט והניצחון של נתניהו: בדרך למערכת בחירות ח,https://news.walla.co.il/item/3513563,analysis,author,media,,walla.co.il,,0.7,0.75,n/a,,0.85,bloc61,"המנצח הגדול הוא נתניהו, שהצליח תוך שנה להקריס את האלטרנטיבה שניסתה להחליפו... עכשיו, הם יככבו ביחד בקמפיין הבחירות הליכודי הבא כסמל של כישלון... גם יהיה לנתניהו יריב פוליטי רציני לקמפיין 'אנחנו או הם'.","The big winner is Netanyahu, who managed in a year to collapse the alternative that tried to replace him... Now they will star together in the next Likud election campaign as a symbol of failure... Netanyahu will also have a serious political rival for the 'us or them' campaign.","The author assesses that Netanyahu is the big winner from the coalition collapse and will likely form the next government, with Lapid as a serious but weakened rival in the coming elections.",True,live,
66,2022-06-21,spectator.co.uk,en,intl,Could Netanyahu return? | The Spectator,https://spectator.co.uk/article/could-netanyahu-return-,analysis,author,media,Arieh Kovler,The Spectator,,0.35,0.65,n/a,,0.675,bloc61,"Current polls put Netanyahu's Likud and his allied religious nationalist parties just shy of a majority... His triumphant return to the premiership, 26 years after his first term, looks at least as likely as not.","Current polls put Netanyahu's Likud and his allied religious nationalist parties just shy of a majority... His triumphant return to the premiership, 26 years after his first term, looks at least as likely as not.","Arieh Kovler argues that Netanyahu's bloc is polling just shy of a majority and his return looks 'at least as likely as not,' but notes uncertainty and that other coalitions may emerge.",True,wayback,20220621090230
67,2022-06-21,inn.co.il,he,he,"אריה דרעי חושף: ""היה לנו 61 בלי אורבך""",https://inn.co.il/news/569141,interview,politician_bloc,bloc,Aryeh Deri,Shas,,0.5,0.7,n/a,,0.75,bloc61,היו לנו רוב של 61 בלי אורבך. אל תשאל אותי איך... צריך לעשות כל מאמץ להגיע ל-61.,We had a majority of 61 without Orbach. Don't ask me how... We need to make every effort to reach 61.,"Shas leader Aryeh Deri claims the right-wing bloc had 61 seats without Orbach and calls for efforts to reach 61 seats to form a government, implying it is achievable but requires work.",False,live,
68,2022-06-23,cnn.com,en,intl,رأي: بشار جرار يكتب عن خامس انتخابات إسرائيلية في 3 سنوات.. هل تُعيد نتانياهو؟,https://arabic.cnn.com/middle-east/article/2022/06/23/israeli-elections-oped,opinion,author,media,Bashar Jarar,CNN Arabic / U.S. State Department (public diplomacy program),,0.15,0.4,n/a,,0.575,uncertain,في حال عودة نتانياهو دون الرقم المطلوب –61 مقعدا - لتشكيل أغلبية تقيه ضغوطات الأحزاب الدينية والعربية، ستكون على الأرجح آخر حكوماته,"If Netanyahu returns without the required number—61 seats—to form a majority that protects him from pressures of religious and Arab parties, it will likely be his last government.","Bashar Jarar speculates that Netanyahu may return to power but suggests he might fall short of 61 seats, which would make it his final government; the article is primarily focused on geopolitical implications rather than a firm prediction.",True,live,
69,2022-06-23,bbc.com,en,intl,هل تأتي انتخابات خامسة بأي جديد في المشهد للسياسي الإسرائيلي؟ - صحف عربية,https://bbc.com/arabic/inthepress-61912441,news,mixed,media,,"Arab press columnists (Al-Quds Al-Arabi, Al-Ahram, Palestine Online, etc.)",,0.35,0.6,n/a,,0.675,bloc61,من المؤكّد أن اليمين سيفوز فيها فوزا ساحقا، ويبقى الخلاف حول مع أو ضد نتنياهو لا أكثر... وأرجحية ثابتة لنتنياهو، الذي يتّجه إلى كسْب نقاط إضافية,"The right will certainly win a landslide victory, with the dispute remaining only over for or against Netanyahu... and steady odds favoring Netanyahu, who is heading to gain additional points","Arab press columnists express mixed views: some expect Netanyahu's right-wing bloc to win decisively with steady odds favoring Netanyahu's return, while others emphasize political fog, internal Israeli crisis, and uncertainty about whether elections will produce meaningful change or Netanyahu's majority.",True,live,
70,2022-06-23,jewishpress.com,en,il_en,"Smotrich, Gefen, Pressuring Netanyahu to Invite Arch-Rival Saar into 61+ Seats Right-Wing Coalition | The Jewish Press - JewishPress.com | David Israel | 24 Sivan 5782 – June 23, 2022",https://jewishpress.com/news/israel/religious-secular-in-israel-israel/smotrich-gefen-pressuring-netanyahu-to-invite-arch-rival-saar-into-61-seats-right-wing-coalition/2022/06/23,news,author,media,David Israel,Jewish Press,64,0.5,0.6,n/a,,0.75,bloc61,"If she can bring along five out of Yamina's seven MKs (assuming Bennett won't be joining because he is still having his love affair with his war buddy Lapid), that's six, plus Saar's New Hope's 6, and Bibi can have himself a 64-seat strong coalition.","If she can bring along five out of Yamina's seven MKs (assuming Bennett won't be joining because he is still having his love affair with his war buddy Lapid), that's six, plus Saar's New Hope's 6, and Bibi can have himself a 64-seat strong coalition.","David Israel reports that right-wing coalition figures are working to assemble a 64-seat Netanyahu government by including Gideon Saar and defectors from Yamina, though Netanyahu's own strategy remains uncertain.",True,wayback,20220623085433
71,2022-06-24,al-monitor.com,en,intl,Lapid prepares for likely battle with Netanyahu in new Israeli elections,https://al-monitor.com/originals/2022/06/lapid-prepares-likely-battle-netanyahu-new-israeli-elections,news,author,media,,al-monitor.com,,0,0.3,unclear,,0.5,uncertain,"If Netanyahu, who still enjoys widespread popularity, mobilizes sufficient votes in November to achieve a 61-seat Knesset majority, Lapid will go down in Israeli history as the shortest-serving prime minister after incumbent Naftali Bennett.","If Netanyahu, who still enjoys widespread popularity, mobilizes sufficient votes in November to achieve a 61-seat Knesset majority, Lapid will go down in Israeli history as the shortest-serving prime minister after incumbent Naftali Bennett.","The author frames Netanyahu's achievement of a 61-seat majority as a conditional possibility ('if'), neither predicting it nor ruling it out, while noting Netanyahu's popularity and disadvantage of running as opposition.",True,live,
72,2022-06-24,alquds.co.uk,ar,ar,"قراءة في الانتخابات الإسرائيلية القديمة والجديدة.. مركز""مدى الكرمل"" يرجّح سيناريو عودة نتنياهو لتشكيل حكومة احتلال جديدة",https://alquds.co.uk/%D9%82%D8%B1%D8%A7%D8%A1%D8%A9-%D9%81%D9%8A-%D8%A7%D9%84%D8%A7%D9%86%D8%AA%D8%AE%D8%A7%D8%A8%D8%A7%D8%AA-%D8%A7%D9%84%D8%A5%D8%B3%D8%B1%D8%A7%D8%A6%D9%8A%D9%84%D9%8A%D8%A9-%D8%A7%D9%84%D9%82%D8%AF,analysis,analyst,media,Mada al-Carmel Center,Mada al-Carmel Center for Arab Studies,60,0.35,0.7,n/a,,0.675,bloc61,يرجح مركز 'مدى الكرمل' في ورقة تقدير موقف أن معسكر خصوم بنيامين نتنياهو لن يقوى هذه المرة على منعه من العودة للحكم جراء عدة عوامل... حصلت كتلة المعارضة برئاسة نتنياهو على 60 مقعدًا,Mada al-Carmel Center assesses that Netanyahu's opponents' camp will not be strong enough this time to prevent his return to power due to several factors... Netanyahu's opposition bloc obtained 60 seats,"Mada al-Carmel Center projects Netanyahu's bloc at 60 seats in current polls and assesses he is likely to form the next government, though Arab voter turnout and security events could alter this outcome.",True,live,
73,2022-06-24,allisrael.com,en,il_en,will the next election be netanyahu s last,https://allisrael.com/will-the-next-election-be-netanyahu-s-last,news,author,media,Tal Heinrich,allisrael.com / Channel 14 News,,0.3,0.4,n/a,,0.65,bloc61,"The latest polls indicate that a right-wing bloc headed by Netanyahu is nearing the 61 seats needed to form a coalition. However, these polls reflect voting according to the current political landscape, whereas some parties are expected to join forces and undergo major changes.","The latest polls indicate that a right-wing bloc headed by Netanyahu is nearing the 61 seats needed to form a coalition. However, these polls reflect voting according to the current political landscape, whereas some parties are expected to join forces and undergo major changes.","The author reports that latest polls show Netanyahu's right-wing bloc nearing 61 seats, but notes significant uncertainty due to expected party realignments and potential new entrants.",True,live,
74,2022-06-26,mako.co.il,he,he,"דודי אמסלם: ""אם עבאס ירצה להצטרף כשיהיה לנו 61",https://mako.co.il/tv-morning-news/articles/Article-dd6f543b95e9181027.htm,interview,politician_bloc,bloc,Dudi Amsalem,Likud,,0,0.3,unclear,,0.5,uncertain,"לפי הסקרים לאף גוש אין בשלב זה 61, אך בעוד שיושב ראש הליכוד בנימין נתניהו פסל לאחרונה ישיבה עם מנסור עבאס באותה הממשלה, חבר מפלגתו דודי אמסלם נשמע הבוקר אחרת.","According to polls, no bloc currently has 61 [seats], but while Likud chairman Benjamin Netanyahu recently ruled out sitting with Mansour Abbas in the same government, his party member Dudi Amsalem sounded different this morning.","Likud politician Dudi Amsalem discusses coalition-building conditions for the upcoming November election, but the article notes that current polls show no bloc has 61 seats, leaving the outcome uncertain.",True,live,
75,2022-06-27,israelhayom.co.il,he,he,דעה | האסטרטגיה של נתניהו ולפיד בבחירות: לכוון למרכז ולא לקצוות | ישראל היום,https://israelhayom.co.il/news/politics/article/11897117,opinion,author,media,,Israel Hayom,,0,0.3,unclear,,0.5,uncertain,"זה שמפריד בינו ובין רף 61 המנדטים החלומיים... הקולות האבודים מבחינתו, הימניים הממלכתיים, חונים אצל סער, גנץ ואפילו לפיד.","This [soft right] separates him from the threshold of 61 dreamed-of mandates... The lost votes from his perspective, the soft-right statist ones, are with Saar, Gantz and even Lapid.","The author analyzes Netanyahu and Lapid's campaign strategies toward the center, noting that Netanyahu's lost soft-right voters (who would reach the 61-seat threshold) are now with other parties, without predicting the election outcome.",True,live,
76,2022-06-28,inn.co.il,he,he,"ח""כ יצחק פינדרוס: ""גם אם הבחירות לא יוכרעו גוש הימין יישאר""",https://inn.co.il/news/569919,interview,politician_bloc,bloc,Yitzhak Pindros,United Torah Judaism (UTJ),,0.1,0.6,n/a,,0.55,uncertain,גם אם הבחירות לא יוכרעו וגוש הימין לא ישיג 61 מנדטים... הגוש הזה יישאר,Even if the elections are not decided and the right-wing bloc does not achieve 61 seats... this bloc will remain,"UTJ's Pindros says the right-wing bloc will stay together regardless of whether it reaches 61 seats or not, expressing confidence in bloc cohesion.",False,live,
77,2022-06-28,israelhayom.com,en,il_en,this is netanyahus last chance likud officials say,https://israelhayom.com/2022/06/28/this-is-netanyahus-last-chance-likud-officials-say,news,politician_bloc,bloc,Likud officials (unnamed),Likud,,0,0.4,unclear,,0.5,uncertain,"unless he secures a 61-MK majority to form a government following the elections, the Ashkenazi Haredi party would see itself as free of its traditional obligation to partner solely with the right-wing bloc.","unless he secures a 61-MK majority to form a government following the elections, the Ashkenazi Haredi party would see itself as free of its traditional obligation to partner solely with the right-wing bloc.",Likud officials warn that Netanyahu must secure a 61-seat majority or face pressure to step down; United Torah Judaism signals it will not automatically partner with the right-wing bloc if that threshold is not met.,True,live,
78,2022-06-28,ynet.co.il,he,he,"השר אלקין מתקווה חדשה: ""אנחנו נכריע את הבחירות""",https://ynet.co.il/news/article/hyjv5bdcq,news,politician_bloc,anti,Zeev Elkin,Tikva Hadasha / Coalition,,0.15,0.5,n/a,,0.575,uncertain,נרוץ כתקווה חדשה בראשות גדעון סער... אנחנו עוברים בכל הסקרים שפורסמו... אבל נגיע ליותר מזה ונכריע את הבחירות.,We will run as Tikva Hadasha under Gideon Sa'ar... we are passing in all published polls... but we will reach more than that and will decide the elections.,"Coalition minister Zeev Elkin expresses confidence that his party Tikva Hadasha will 'decide the elections' and help Netanyahu's bloc win, while opposition figure Idan Roll argues Netanyahu dreams only of a 61-seat coalition with Ben-Gvir, which Yesh Atid will block.",False,live,
79,2022-06-28,israelhayom.co.il,he,he,"דעה | קריצתו של נתניהו למרכז היא לא רק טקטיקה, היא המהות | ישראל היום",https://israelhayom.co.il/news/politics/article/11920679,opinion,author,media,,Israel Hayom,,0.3,0.6,n/a,,0.65,bloc61,"ייתכן בהחלט שלנתניהו מודל 2022, עם כל המורכבות האישית והפוליטית שאליה קלע את עצמו, כלל לא תהיה הפעם הזדמנות לבחור בין ""ימין מלא־מלא"" לבין שמאל־מרכז, אבל אם בדרך נס הוא יגיע למספר המזל 61, אל תתפלאו אם הוא יזנח שוב את הימין האמיתי","It is quite possible that Netanyahu 2022, with all the personal and political complexity into which he has gotten himself, will not have an opportunity this time to choose between 'full right' and left-center, but if by miracle he reaches the magic number 61, do not be surprised if he abandons the true right again","An Israel Hayom opinion columnist argues that if Netanyahu reaches 61 seats (presented as a conditional possibility), he will likely abandon his right-wing coalition partners for center-left figures, based on his historical pattern of preferring centrist allies.",True,live,
80,2022-06-29,israelinfo.co.il,ru,ru,Опрос: что меняет в электоральном раскладе уход Беннета?,https://news.israelinfo.co.il/politics/103905,poll,poll,polls,Channel 12 poll,Channel 12 (Israel),60,-0.2,0.7,deadlock,,0.4,no61,Блок Нетаниягу и его сторонников теряет один мандат и получает 58. Вместе с «Ямина» он может сформировать устойчивую коалицию правых и религиозных партий — 63 мандата.,"Netanyahu's bloc loses one seat and gets 58. Together with Yamina, it can form a stable coalition of right-wing and religious parties — 63 seats.","A Channel 12 poll shows Netanyahu's bloc at 58 seats (or 60 in an alternative scenario), reaching 63 with Yamina, but the article emphasizes dependence on Shaked's decisions and presents scenarios where the bloc falls short of 61 without Yamina.",True,live,
81,2022-06-29,maariv.co.il,he,he,רון טירה: פרוש והסר את איום ה-61 מעל ישראל | מכתב לבנימין נתניהו,https://maariv.co.il/journalists/opinions/Article-928182,opinion,author,media,Ron Tira,Maariv,,-0.7,0.85,opposition_forms_govt,,0.15,no61,"אם בבחירות הקרובות אתה, ושותפיך לגוש שאליהם אתה מחויב, תזכו ב־61 מושבים בכנסת, תתרחש מהפכה חוקתית, תרבותית וזהותית, אשר תטלטל את היסודות המכוננים של ישראל.","If in the upcoming elections you and your bloc partners win 61 seats in the Knesset, a constitutional, cultural and identity revolution will occur that will shake the founding foundations of Israel.","Ron Tira (opinion columnist) argues that Netanyahu should withdraw from politics to prevent his bloc from reaching 61 seats, which he characterizes as an existential threat to Israel's democratic and cultural foundations.",True,live,
82,2022-06-29,inn.co.il,he,he,"מנסור עבאס: ""אני שלחתי את נתניהו לאופוזיציה אחרי 12 שנות שלטון. סכנה גדולה אם יחזור""",https://inn.co.il/news/569983,interview,politician_arab,anti,Mansour Abbas,Ra'am (United Arab List),,-0.7,0.85,opposition_forms_govt,,0.15,no61,"ככל שנצליח להגדיל את שיעור ההצבעה בחברה הערבית כך יקטנו הסיכויים של בנימין נתניהו לחצות את קו 60 המנדטים מתוך 120, ובכך הוא יתרחק מאוד מהרכבת ממשלה בראשותו","The more we succeed in increasing voter turnout in Arab society, the lower Netanyahu's chances of crossing the 60-mandate line out of 120, and thus he will be far removed from a government led by him.","Mansour Abbas (Ra'am) argues that increased Arab voter turnout will prevent Netanyahu from reaching 60 seats and forming a government, framing Netanyahu's return as a major danger.",True,live,
83,2022-06-29,kikar.co.il,he,he,סקר: כמה מנדטים יש לימינה בהובלת שקד?,https://kikar.co.il/422022.html,poll,poll,polls,Manu Geva / Midgam Institute,"Midgam Institute (מכון מדגם), iPanel",58,-0.4,0.9,deadlock,,0.3,no61,"בחלוקה לגושים: קואליציה נוכחית 56, הליכוד + הציונות הדתית + חרדים - 58 והרשימה המשותפת 6 מנדטים.","By blocs: current coalition 56, Likud + Religious Zionism + Haredim 58, and Joint List 6 seats.","A Midgam poll from June 29, 2022 projects Netanyahu's bloc (Likud + Religious Zionism + Shas + United Torah Judaism) at 58 seats, falling short of the 61-seat majority needed.",True,live,
84,2022-06-29,al-monitor.com,en,intl,"Israel heads towards snap election, Lapid poised to be PM",https://al-monitor.com/originals/2022/06/israel-heads-towards-snap-election-lapid-poised-be-pm,news,politician_bloc,bloc,Benjamin Netanyahu,Likud,,0,0.3,unclear,,0.5,uncertain,"Former prime minister Benjamin Netanyahu has promised that his own alliance of right-wingers, ultra-nationalists and ultra-Orthodox Jewish parties will win the upcoming vote, but polls show that he may also struggle to rally a parliamentary majority.","Former prime minister Benjamin Netanyahu has promised that his own alliance of right-wingers, ultra-nationalists and ultra-Orthodox Jewish parties will win the upcoming vote, but polls show that he may also struggle to rally a parliamentary majority.","Netanyahu promises his right-wing alliance will win the upcoming election, but the article notes polls suggest he may struggle to secure a parliamentary majority.",True,live,
85,2022-06-29,israelhayom.co.il,he,he,"דעה | כמו נתניהו, כחלון וסער: בנט לקח פסק זמן – וגם הוא יחזור | ישראל היום",https://israelhayom.co.il/news/politics/article/11944094,opinion,author,media,"Political correspondent, Israel Hayom",Israel Hayom,,0.3,0.4,n/a,,0.65,bloc61,בימין מחפשים בנרות 'מפלגת לוויין'... ותסייע לגוש הימין להגיע ל-61 המנדטים. שקד אמרה לאורך כל דרכה כי אינה פוסלת את נתניהו.,The right is searching for a 'satellite party'... and help the right-wing bloc reach 61 mandates. Shaked has said throughout her path that she does not rule out Netanyahu.,"The author suggests that Shaked-led Yamina could serve as a right-wing satellite party to help the right-wing bloc reach 61 seats, noting Shaked has not ruled out Netanyahu, though the current situation appears difficult.",True,live,
86,2022-06-29,srugim.co.il,he,he,סקר: ימינה עם שקד עוברת את אחוז החסימה,https://srugim.co.il/686829-%D7%A1%D7%A7%D7%A8-%D7%99%D7%9E%D7%99%D7%A0%D7%94-%D7%A2%D7%9D-%D7%A9%D7%A7%D7%93-%D7%A2%D7%95%D7%91%D7%A8%D7%AA-%D7%90%D7%AA-%D7%90%D7%97%D7%95%D7%96-%D7%94%D7%97%D7%A1%D7%99%D7%9E%D7%94,poll,poll,polls,Manda (Channel 12 and Manda Institute),"Channel 12, Manda Institute",63,0.6,0.75,n/a,,0.8,bloc61,"בתרחיש בו שקד עומדת בראש, מקבל הליכוד 34 מנדטים, הציונות הדתית היא המפלגה השלישית בגודלה עם 9 מנדטים, ש""ס עם 8 ויהדות התורה עם 7 משלימים גוש של 58 מנדטים... איילת שקד בראשות ימינה יכולה להשלים קואליציה לנתניהו עם 63 מנדטים.","In a scenario where Shaked leads, Likud receives 34 seats, Religious Zionism is the third-largest party with 9 seats, Shas with 8 and United Torah Judaism with 7 completing a bloc of 58 seats... Ayelet Shaked leading Yamina can complete a coalition for Netanyahu with 63 seats.","A Channel 12/Manda poll projects Netanyahu's bloc (Likud 34 + Religious Zionism 9 + Shas 8 + UTJ 7) at 63 seats if Shaked leads Yamina, enabling a Netanyahu coalition; one voice doubts Yamina will pass the threshold.",True,live,
87,2022-06-30,almayadeen.net,ar,ar,هل يعود نتنياهو إلى الحكم؟,https://almayadeen.net/articles/%D9%87%D9%84-%D9%8A%D8%B9%D9%88%D8%AF-%D9%86%D8%AA%D9%86%D9%8A%D8%A7%D9%87%D9%88-%D8%A5%D9%84%D9%89-%D8%A7%D9%84%D8%AD%D9%83%D9%85,analysis,author,media,,almayadeen.net,,0.65,0.7,n/a,,0.825,bloc61,نجح نتنياهو في أن يعزز الصورة الضعيفة الفاشلة لهذه الحكومة ورئيسها نفتالي بينيت في نظر جمهور الناخبين، وهذا ما يعزز إمكانية عودة نتنياهو إلى الحكم بقوة جمهور الناخبين اليميني المتحمس جداً للانتخابات,"Netanyahu succeeded in reinforcing the weak and failed image of this government and its prime minister Naftali Bennett in the eyes of voters, which enhances the possibility of Netanyahu's return to power with the force of the right-wing voter base that is very enthusiastic about the elections","The author argues that Netanyahu's bloc has strengthened chances of reaching 61+ seats due to right-wing voter enthusiasm, government weakness, and potential collapse of opposition parties below the threshold, though Biden administration opposition and Arab voter dynamics present countervailing factors.",True,wayback,20220630124118
88,2022-06-30,israelnationalnews.com,en,il_en,Yesh Atid MK: 'Haredim will be an integral part of a govt headed by Lapid',https://israelnationalnews.com/news/355786,interview,politician_anti,anti,Simon Davidson,Yesh Atid,,-0.5,0.6,opposition_forms_govt,,0.25,no61,"if Lapid is the one to form the next coalition, haredi MKs will be an integral part of it, and that will be good for everyone.","if Lapid is the one to form the next coalition, haredi MKs will be an integral part of it, and that will be good for everyone.","Yesh Atid MK Simon Davidson expresses confidence that if Lapid forms the next government, haredi parties will join an anti-Netanyahu coalition, implicitly rejecting Netanyahu's bloc majority.",True,live,
89,2022-07-02,israelinfo.co.il,ru,ru,Главный вопрос предстоящих выборов,https://news.israelinfo.co.il/politics/103917,analysis,author,media,Irina Zhukovskaya,israelinfo.co.il,,0.3,0.65,n/a,,0.65,bloc61,"Расклад демографических и политических сил в Израиле таков, что предотвратить возвращение к власти право-религиозного блока может только объединение в той или иной форме всех его противников, включая и «Объединенный список». Это значит, что 1 ноября израильтянам предстоит выбирать между двумя перспективами...","The configuration of demographic and political forces in Israel is such that only a unification in some form of all opponents of the right-religious bloc, including the 'Joint List,' can prevent its return to power. This means that on November 1, Israelis will have to choose between two perspectives...","Author Zhukovskaya argues that Netanyahu's right-religious bloc can be prevented from returning to power only if all opponents unite, suggesting the election presents a binary choice between bloc victory and opposition coalition formation, with the outcome dependent on voter preference.",True,live,
90,2022-07-04,inn.co.il,he,he,שרון יהרוס את הגוש | דעה,https://inn.co.il/news/570386,opinion,author,media,,inn.co.il,,-0.7,0.75,opposition_forms_govt,,0.15,no61,גלעד שרון יהרוס את הגוש... הכנסתו של שרון הבן לרשימת הליכוד משמעותה סיומו של הגוש האמוני... וכנראה גם כמה מנדטים סרוגים שיעברו מהליכוד לציונות הדתית.,Gilad Sharon will destroy the bloc... Sharon's inclusion in the Likud list means the end of the faith-based bloc... and apparently also some mandates will move from Likud to Religious Zionism.,"The author argues that Gilad Sharon's potential inclusion in the Likud list will fracture the right-wing bloc, causing defections from Likud to Religious Zionism and undermining Netanyahu's coalition prospects.",True,live,
91,2022-07-04,kan.org.il,he,he,סקר כאן חדשות: ימינה ושקד על סף אחוז החסימה,https://kan.org.il/item?itemid=130265,poll,poll,polls,Kantar,Kan News (Israeli public broadcaster),63,0.6,0.85,n/a,,0.8,bloc61,"עם 4 המנדטים האפשריים של שקד, יש לנתניהו גוש של 63. ההתנדנדויות סביב אחוז החסימה עשויות להיות נקודת המפתח בבחירות הקרובות ולשנות את מפת הגושים","With the 4 possible seats for Shaked, Netanyahu has a bloc of 63. The fluctuations around the electoral threshold could be the key point in the upcoming elections and change the map of blocs.","A Kantar poll for Kan News projects Netanyahu's bloc at 63 seats (Likud 34 + Religious Zionism 10 + Shas 8 + UTJ 7 + Shaked's Yamina 4), comfortably above 61, but notes that Shaked's precarious position near the threshold could be decisive.",True,wayback,20220704103744
92,2022-07-05,maariv.co.il,he,he,האם בשיטת הבחירות הקיימת הליכוד יוכל להגיע לממשלה מוצקה?,https://maariv.co.il/journalists/opinions/Article-929506,opinion,author,media,,Ma'ariv,,0,0.3,unclear,,0.5,uncertain,השאלות הן האם בחירות חדשות יניבו את היציבות שדרושה למדינה? והאם בשיטת הבחירות הקיימת ניתן בכלל להגיע לממשלה מוצקה?,"The questions are whether new elections will yield the stability the state needs, and whether under the current electoral system it is possible at all to reach a stable government?","The author questions whether, under Israel's current electoral system, Netanyahu's bloc (or any right-wing bloc) can form a stable government, raising structural doubts rather than predicting the outcome.",True,live,
93,2022-07-05,alquds.co.uk,ar,ar,بعد استطلاع يبين تقدم نتنياهو.. في الانتخابات المقبلة: أيهما الأسبق.. اتحاد ساعر-غانتس أم نتنياهو-شكيد؟,https://alquds.co.uk/%D8%A8%D8%B9%D8%AF-%D8%A7%D8%B3%D8%AA%D8%B7%D9%84%D8%A7%D8%B9-%D9%8A%D8%A8%D9%8A%D9%86-%D8%AA%D9%82%D8%AF%D9%85-%D9%86%D8%AA%D9%86%D9%8A%D8%A7%D9%87%D9%88-%D9%81%D9%8A-%D8%A7%D9%84%D8%A7%D9%86%D8%AA,analysis,analyst,media,Amnon Harari,Haaretz,63,0.5,0.75,n/a,,0.75,bloc61,"حسب استطلاع أجرته ""كان 11"" الأحد الماضي ستحصل شكيد على 4 مقاعد. وبعد انضمامها المتوقع لكتلة نتنياهو، فستعطيه 63 مقعداً، وهكذا ستكون هناك حكومة.","According to a poll conducted by 'Kan 11' last Sunday, Shaked will get 4 seats. After her expected joining of Netanyahu's bloc, she will give him 63 seats, and thus there will be a government.","Analyst Amnon Harari, citing a Kan 11 poll, projects Netanyahu's bloc at 63 seats (Likud + Shaked's Yamina + religious parties), but notes this depends on Shaked joining; opposition unity between Sa'ar and Gantz could prevent it.",True,live,
94,2022-07-05,arabnews.com,en,intl,Netanyahu-led doomsday coalition looms over Israeli elections,https://arabnews.com/node/2117111,analysis,author,media,Ben Lynfield,Arab News / Jerusalem Post,,0.5,0.65,n/a,,0.75,bloc61,"Although it is too early to predict what will happen, a Netanyahu triumph is a distinct possibility. A recent poll by the Maariv newspaper indicated that if Ayelet Shaked, the hard-right former interior minister, threw her weight behind Netanyahu, he would return to power.","Although it is too early to predict what will happen, a Netanyahu triumph is a distinct possibility. A recent poll by the Maariv newspaper indicated that if Ayelet Shaked, the hard-right former interior minister, threw her weight behind Netanyahu, he would return to power.","Author Ben Lynfield assesses that a Netanyahu triumph is a 'distinct possibility' contingent on coalition dynamics, while critics view such an outcome as dangerous; no seat projection given.",True,wayback,20220705190503
95,2022-07-05,israelhayom.co.il,he,he,דעה | מה נשתנה בבחירות החמישיות? | ישראל היום,https://israelhayom.co.il/opinions/article/12047449,opinion,author,media,,Israel Hayom,,0.5,0.7,n/a,,0.75,bloc61,"במבנה החדש הזה הבחירה היא בין ממשלת ימין בראשות נתניהו עם הליכוד, הציונות הדתית והמפלגות החרדיות לבין ממשלת שמאל בראשות לפיד... הדמוקרטיה הפרלמנטרית הישראלית תתנסה לראשונה בחוויה הדומה לשיטה רובית דו־מפלגתית.","In this new structure the choice is between a right-wing government led by Netanyahu with Likud, Religious Zionism and haredi parties versus a left-wing government led by Lapid... Israeli parliamentary democracy will experience for the first time something resembling a two-party system.","The author argues that Israel's political system has become a clear two-bloc structure where Netanyahu's right-wing bloc (Likud, Religious Zionism, haredi parties) competes directly against Lapid's left-wing bloc, with 61 seats as the decisive threshold, implying a competitive but uncertain outcome.",True,live,
96,2022-07-06,maariv.co.il,he,he,"נתניהו מבין שמערכת הבחירות הזו היא ""להיות או לחדול"" | גנור",https://maariv.co.il/journalists/opinions/Article-929811,opinion,author,media,Gidi Geanor (Geanor),Ma'ariv,62,0.5,0.6,n/a,,0.75,bloc61,"בניגוד לסקרים השונים, שמעניקים לליכוד בין 32 ל־34 מנדטים ומנבאים את שובו של בנימין נתניהו לבלפור עם קואליציה של בין 61 ל־63 מנדטים, המציאות שונה ורחוקה מאותן נבואות וסקרים.","Contrary to various polls, which give Likud between 32-34 seats and predict Benjamin Netanyahu's return to Balfour with a coalition of between 61-63 seats, reality is different and far from those prophecies and polls.","The author cites polls predicting Netanyahu's bloc will reach 61-63 seats, but argues reality differs from these predictions; he suggests Netanyahu understands this election is 'to be or not to be' and may surprise, but questions whether it will help him.",True,live,
97,2022-07-07,i24news.tv,he,he,Poll: Most Israelis Don't Expect Stable Gov't After Election,https://i24news.tv/en/news/israel/politics/1657174688-poll-most-israelis-don-t-expect-stable-gov-t-after-election,poll,poll,polls,Israel Democracy Institute (IDI),Israel Democracy Institute,,-0.5,0.75,deadlock,,0.25,no61,"57.5 percent of Israelis think there is a low likelihood of a stable government being formed after the November 1 vote. 52 percent believe that the political right has a greater chance of forming a stable coalition, as opposed to only nine percent for the center-left.","57.5 percent of Israelis think there is a low likelihood of a stable government being formed after the November 1 vote. 52 percent believe that the political right has a greater chance of forming a stable coalition, as opposed to only nine percent for the center-left.","An IDI poll shows 57.5% of Israelis expect no stable government will form after the election, though 52% believe the political right has better chances than the center-left; a separate Kan poll shows Netanyahu's Likud at 34 seats.",True,wayback,20220707081753
98,2022-07-07,jpost.com,en,il_en,Is there hope for New Hope in upcoming Israeli election? - analysis,https://jpost.com/israel-elections/article-711468,analysis,author,media,,Jerusalem Post,,-0.5,0.6,unclear,,0.25,no61,"If one party in the current coalition bloc does not pass the election threshold, it may be enough to enable opposition head Benjamin Netanyahu's return to power.","If one party in the current coalition bloc does not pass the election threshold, it may be enough to enable opposition head Benjamin Netanyahu's return to power.","The author suggests that if right-wing coalition parties fail the threshold or fragment, Netanyahu's bloc could return to power, but emphasizes uncertainty around mergers and seat distribution.",True,live,
99,2022-07-08,walla.co.il,he,he,המאבק הסמוי בין לפיד וגנץ יעצב את בחירות 2022,https://news.walla.co.il/item/3517043,analysis,author,media,,walla.co.il,,-0.5,0.65,opposition_forms_govt,,0.25,no61,"אם לנתניהו לא יהיה 61, השאלה תהיה 'יאיר או בני' - והחרדים יכולים לשחק בה תפקיד מכריע.","If Netanyahu does not have 61, the question will be 'Yair or Beni' - and the Haredim can play a decisive role in it.","The author analyzes that if Netanyahu fails to reach 61 seats, the anti-Netanyahu bloc (Lapid/Gantz) will form the next government, with Haredi parties as kingmakers in a potential three-way race between Lapid and Gantz.",True,live,
100,2022-07-08,ynet.co.il,he,he,מתי תכריע הדמוגרפיה החרדית-דתית את התיקו הפוליטי?,https://ynet.co.il/news/article/ryfcc7bs9,analysis,author,media,,ynet.co.il,,0,0.3,unclear,,0.5,uncertain,"האם ומתי תורגש גם בקלפיות המגמה הדמוגרפית הברורה... ותכריע באופן מובהק את הכאוס הפוליטי שאליו נגררו מדינת ישראל ואזרחיה, שייצאו ב-1 בנובמבר להצביע בבחירות לכנסת בפעם החמישית בתוך שלוש שנים וחצי?","Will the clear demographic trend be felt at the ballot boxes and decisively resolve the political chaos into which the State of Israel and its citizens have been dragged, who will go out on November 1 to vote in Knesset elections for the fifth time in three and a half years?","The author explores whether rapid Haredi-religious demographic growth will translate into a decisive political majority for Netanyahu's bloc by November 2022, but multiple experts quoted suggest the relationship between demographics and actual seat allocation is complex and uncertain.",True,live,
101,2022-07-09,allisrael.com,en,il_en,joel rosenberg predicts a netanyahu comeback in the next israeli election,https://allisrael.com/joel-rosenberg-predicts-a-netanyahu-comeback-in-the-next-israeli-election,interview,analyst,media,Joel Rosenberg,ALL ISRAEL NEWS,,0.5,0.7,n/a,0.6,0.6,bloc61,"If I were a betting man at one of Trump's casinos, I would probably put my money 60-40 on Netanyahu to come back.","If I were a betting man at one of Trump's casinos, I would probably put my money 60-40 on Netanyahu to come back.","Joel Rosenberg, ALL ISRAEL NEWS editor-in-chief, predicts Netanyahu will win the most votes and get first shot at coalition-building with 60-40 odds, but acknowledges the core challenge: many right-wing politicians refuse to serve with him due to past betrayals.",True,live,
102,2022-07-10,israelhayom.co.il,he,he,"דעה | מרוב אינטרסים, התבשיל של גנץ וסער עלול להישרף | ישראל היום",https://israelhayom.co.il/news/politics/article/12160352,opinion,author,media,,Israel Hayom,,0,0.3,unclear,,0.5,uncertain,"הם שומעים את הקולות שעושים חלק מהח""כים החרדים, שאומרים כי אם נתניהו לא יצליח להביא 61 מנדטים ולא יצליח להרכיב ממשלה - הם (החרדים) יכולים להיות אפשרות כזאת.","They hear voices from some Haredi MKs saying that if Netanyahu fails to bring 61 seats and fails to form a government, they (the Haredim) could be an alternative option.","The author expresses skepticism about a Gantz-Saar merger's ability to help Netanyahu reach 61 seats, citing historical failures of similar alliances and the long campaign period ahead, while noting that only November 1 will reveal the outcome.",True,live,
103,2022-07-11,jpost.com,en,il_en,Merger with New Hope puts Gantz in good position for PM race,https://jpost.com/israel-elections/article-711816,analysis,author,media,,Jerusalem Post,59,-0.5,0.75,deadlock,,0.25,no61,"With or without Eisenkot, after the Netanyahu bloc reached 61 seats in a poll published on Friday, Meretz's passing the electoral threshold now means that if the election were held today, neither side would receive an absolute majority. The Netanyahu bloc would receive 59 seats, and the current coalition parties would receive 55.","With or without Eisenkot, after the Netanyahu bloc reached 61 seats in a poll published on Friday, Meretz's passing the electoral threshold now means that if the election were held today, neither side would receive an absolute majority. The Netanyahu bloc would receive 59 seats, and the current coalition parties would receive 55.","The Jerusalem Post analysis reports a poll showing Netanyahu's bloc at 59 seats (below the 61-seat threshold), indicating neither side would have an absolute majority if elections were held immediately, though the article notes Gantz-Sa'ar might form a government through alternative coalition arrangements.",True,live,
104,2022-07-11,inn.co.il,he,he,בחזרה לגושים: השמאל לא ניצח 30 שנה – רק איחוד יביא לשינוי,https://inn.co.il/news/571002,opinion,author,media,Avi Shauli,Goldfingers Media (communication consultant),,-0.7,0.75,deadlock,,0.15,no61,"לקראת הבחירות לכנסת ה-25 הסקרים מנבאים שמה שהיה הוא שיהיה, אלא אם יהיה איחוד של מרבית מפלגות השמאל-מרכז... המשמעות של היעדר הכרעה פוליטית היא המשך של חוסר יציבות פוליטית.","Ahead of the 25th Knesset elections, polls predict that what was will be, unless there is a union of most center-left parties... The meaning of the absence of political decision is the continuation of political instability.","Opinion columnist Avi Shauli argues that without a center-left union, the right-wing bloc will maintain dominance and Israel will face continued political deadlock and instability, predicting the status quo will persist.",True,live,
105,2022-07-11,srugim.co.il,he,he,סקר: הימין נחלש; שקד קורסת; וכמה שווים סער וגנץ,https://srugim.co.il/690120-%D7%A1%D7%A7%D7%A8-%D7%94%D7%99%D7%9E%D7%99%D7%9F-%D7%A0%D7%97%D7%9C%D7%A9-%D7%A9%D7%A7%D7%93-%D7%A7%D7%95%D7%A8%D7%A1%D7%AA-%D7%95%D7%9B%D7%9E%D7%94-%D7%A9%D7%95%D7%95%D7%99%D7%9D-%D7%A1%D7%A2,poll,poll,polls,Kantar,Kan 11,59,-0.2,0.7,n/a,,0.4,no61,על פי החלוקה לגושים: גוש הימין-חרדים: 59 מנדטים. גוש השמאל-מרכז: 55 מנדטים.,According to bloc division: Right-Haredi bloc: 59 seats. Left-center bloc: 55 seats.,"A Kantar poll published by Kan 11 projects the right-Haredi bloc at 59 seats, two short of the 61-seat majority Netanyahu needs, with the left-center bloc at 55 seats.",True,live,
106,2022-07-11,kikar.co.il,he,he,סקר: לנתניהו ולפיד אין 61 להרכבת ממשלה,https://kikar.co.il/422788.html,poll,poll,polls,Manu Geva (Channel 12) / Kantar (Kan 11),Channel 12 / Kan 11,59,-0.4,0.95,deadlock,,0.3,no61,"סקר חדש שפורסם הערב (שני) ב'חדשות 12' עולה כי גוש הימין בראשות בנימין נתניהו זוכה ל-59 מנדטים, גוש לפיד עם 55 מנדטים, כך שלאף גוש אין רוב להרכבת ממשלה.","A new poll published this evening (Monday) on Channel 12 shows that Netanyahu's right-wing bloc wins 59 seats, Lapid's bloc with 55 seats, so neither bloc has a majority to form a government.","Two polls (Channel 12 / Manu Geva and Kan 11 / Kantar) project Netanyahu's bloc at 59 seats, two short of the 61-seat majority needed, resulting in deadlock.",True,live,
107,2022-07-11,israelnationalnews.com,en,il_en,"Poll: Gantz-Sa'ar combine for 14 seats, Yamina out",https://israelnationalnews.com/news/356334,poll,poll,polls,Dudi Hassid / Kan News,Kan News,59,-0.4,0.95,deadlock,,0.3,no61,"According to the poll, the Netanyahu bloc would receive 59 seats, two short of the 61 needed to form a majority coalition.","According to the poll, the Netanyahu bloc would receive 59 seats, two short of the 61 needed to form a majority coalition.","A Kan News poll by Dudi Hassid projects Netanyahu's bloc at 59 seats, two short of the 61-seat majority needed, suggesting a deadlock scenario.",True,live,
108,2022-07-11,israelhayom.co.il,he,he,דעה | כדי למנוע חרקירי פוליטי בימין: הפתרון המתבקש - איחוד בין ימינה לבית היהודי | ישראל היום,https://israelhayom.co.il/news/politics/article/12182192,opinion,author,media,,Israel Hayom,,0.35,0.6,n/a,,0.675,bloc61,"הצהרה מראש על חבירה לנתניהו, בתרחיש שהמנדטים שישיגו יחדיו ישלימו לנתניהו ולגוש הימין 61, ובעדיפות שנייה, אם אין 61 - ממשלת אחדות רחבה.","A prior declaration of joining Netanyahu, in a scenario where the mandates they achieve together will complete for Netanyahu and the right-wing bloc 61, and as a second priority, if there is no 61 – a broad unity government.","The author argues that a merger of Yamina, Jewish Home, and potentially Shikli would enable the right-wing bloc to reach 61 seats for Netanyahu, or alternatively form a broad unity government.",True,live,
109,2022-07-11,haaretz.com,en,il_en,00000181 ee92 daf4 a1cd fffbc17e0000,https://haaretz.com/israel-news/elections/2022-07-11/ty-article/.premium/polls-show-bennett-successor-shakeds-party-failing-to-enter-knesset/00000181-ee92-daf4-a1cd-fffbc17e0000,poll,poll,polls,"Kan, Channel 12 News","Israeli public broadcaster Kan, Channel 12 News",59,-0.4,0.85,deadlock,,0.3,no61,"The pro-Netanyahu bloc is projected to win a total of 59 seats, also falling short of a Knesset majority, according to two new polls","The pro-Netanyahu bloc is projected to win a total of 59 seats, also falling short of a Knesset majority, according to two new polls","Kan and Channel 12 polls project Netanyahu's bloc at 59 seats, falling short of the 61-seat majority needed.",True,live,
110,2022-07-12,alquds.co.uk,ar,ar,استطلاع جديد في إسرائيل: معسكر اليمين سيفوز بـ59 مقعدا في الانتخابات,https://alquds.co.uk/%D8%A7%D8%B3%D8%AA%D8%B7%D9%84%D8%A7%D8%B9-%D8%AC%D8%AF%D9%8A%D8%AF-%D9%81%D9%8A-%D8%A5%D8%B3%D8%B1%D8%A7%D8%A6%D9%8A%D9%84-%D9%85%D8%B9%D8%B3%D9%83%D8%B1-%D8%A7%D9%84%D9%8A%D9%85%D9%8A%D9%86-%D8%B3,poll,poll,polls,Israeli Broadcasting Authority (הסדר הבחירות),Israeli Broadcasting Authority,59,-0.4,0.9,deadlock,,0.3,no61,معسكر اليمين سيفوز بـ59 مقعدا، بينما سيفوز معسكر اليسار- الوسط بـ55 مقعدا,"The right-wing bloc will win 59 seats, while the left-center bloc will win 55 seats","An Israeli Broadcasting Authority poll from July 2022 projects Netanyahu's right-wing bloc at 59 seats, falling short of the 61-seat majority needed to form a government.",False,live,
111,2022-07-12,allisrael.com,en,il_en,how biden could help netanyahu come back to power,https://allisrael.com/how-biden-could-help-netanyahu-come-back-to-power,news,analyst,media,Arik Ziv,Likudnik Web site,,0.35,0.5,n/a,,0.675,bloc61,polls suggest may be able to lead his party back to power after a year as head of the opposition,polls suggest may be able to lead his party back to power after a year as head of the opposition,"Analyst Arik Ziv suggests Netanyahu's charisma could help him return to power, citing polls indicating he may lead Likud back to government, though the article focuses primarily on Biden's visit and diplomatic optics rather than seat projections.",True,live,
112,2022-07-12,allisrael.com,en,il_en,gantz sa ar join forces netanyahu vows to bring peace with saudi arabia as next pm,https://allisrael.com/gantz-sa-ar-join-forces-netanyahu-vows-to-bring-peace-with-saudi-arabia-as-next-pm,news,author,media,Tal Heinrich,ALL ISRAEL NEWS,,0.3,0.4,n/a,,0.65,bloc61,"The party is projected to win at least 36 Knesset seats, according to Israel Hayom. This represents more than half of what Netanyahu needs to become Israel's next prime minister.","The party is projected to win at least 36 Knesset seats, according to Israel Hayom. This represents more than half of what Netanyahu needs to become Israel's next prime minister.","The author reports that Likud alone is projected to win 36+ seats (more than half of 61), and notes potential far-right mergers and defectors joining Netanyahu, suggesting a path to 61+ but without explicit confidence.",True,live,
113,2022-07-17,bhol.co.il,he,he,107 ימים לבחירות: זהו הניתוח הפוליטי העדכני,https://bhol.co.il/news/1413647,analysis,author,media,,bhol.co.il,61,0.0,0.3,unclear,,0.5,uncertain,"בשבוע האחרון פורסמו שני סקרים המצביעים על 61 מנדטים לגוש הימין. זו מגמה, אבל אנחנו עדיין בתיקו סטטיסטי בין הגושים... מוקדם לנבא את התוצאות ב- 1 בנובמבר.","Two polls published last week show 61 seats for the right-wing bloc. This is a trend, but we are still in a statistical tie between the blocs... It is too early to predict the results on November 1.","The author reports that recent Direct Polls surveys show Netanyahu's bloc at 61 seats, but emphasizes this is early, within statistical margin of error, and too soon to predict the November 1 outcome.",True,wayback,20220717002036
114,2022-07-18,theyeshivaworld.com,en,il_en,religious zionism party to soar if ben gvir leads yamina below threshold,https://theyeshivaworld.com/news/israel-news/2106725/religious-zionism-party-to-soar-if-ben-gvir-leads-yamina-below-threshold.html,poll,poll,polls,Channel 13 News,Channel 13 News,60,-0.2,0.85,deadlock,,0.4,no61,"According to the poll, the Likud would receive 32 seats, compared to 35-36 in recent polls, Shas would receive 8 seats, and UTJ – 7 seats. The entire right-wing bloc would reach 60 seats – one short of a majority.","According to the poll, the Likud would receive 32 seats, compared to 35-36 in recent polls, Shas would receive 8 seats, and UTJ – 7 seats. The entire right-wing bloc would reach 60 seats – one short of a majority.","A Channel 13 News poll projects Netanyahu's right-wing bloc at 60 seats under a Ben-Gvir-led Religious Zionism scenario, one short of the 61-seat majority needed.",True,live,
115,2022-07-19,israelnationalnews.com,en,il_en,Ra'am MK: Our goal is to prevent Netanyahu and the right from returning to power,https://israelnationalnews.com/news/356754,interview,politician_arab,anti,Waleed Taha,Ra'am Party,,-0.7,0.6,opposition_forms_govt,,0.15,no61,"Ra'am is interested in presenting to voters a hope for improving their lives and exercising their rights, while at the same time preventing Netanyahu and the 'fascist right' from returning to power.","Ra'am is interested in presenting to voters a hope for improving their lives and exercising their rights, while at the same time preventing Netanyahu and the 'fascist right' from returning to power.","Ra'am MK Waleed Taha states the party's goal is to prevent Netanyahu and the right from returning to power, implying opposition to a Netanyahu-led bloc majority.",True,live,
116,2022-07-21,israelhayom.co.il,he,he,"גדעון סער: ""לא נחזיר את נתניהו לראשות הממשלה בשום מצב"" | ישראל היום",https://israelhayom.co.il/news/politics/article/12400865,interview,politician_anti,anti,Gideon Sa'ar,Tikvah Hadasha (New Hope),,-0.7,0.85,opposition_forms_govt,,0.15,no61,"לא נסכים להחזיר את נתניהו לראשות הממשלה, לא ראשון ברוטציה, לא שני, לא שלישי ולא בדרך כזאת או אחרת... אם לא יהיו לנתניהו 61 מנדטים, ייפתחו אפשרויות להקמת ממשלת אחדות בראשות גנץ.","We will not agree to return Netanyahu to the premiership, not first in rotation, not second, not third and not in any other way... If Netanyahu does not have 61 mandates, opportunities will open for forming a unity government headed by Gantz.","Gideon Sa'ar (Tikvah Hadasha) categorically rejects returning Netanyahu to power and argues that if Netanyahu fails to secure 61 seats, a unity government led by Gantz becomes possible, positioning the center-right bloc as an alternative to Netanyahu's coalition.",True,live,
117,2022-07-21,inn.co.il,he,he,זהבה גלאון: המילים 'רק לא ביבי' הפכו מבחינתי לאידיאולוגיה. אין אופציה לניצחון בלי המשותפת,https://inn.co.il/news/572037,interview,politician_anti,anti,Zahava Galon,Meretz,,-0.7,0.75,opposition_forms_govt,,0.15,no61,"אני חושבת שהניצחון של הגוש הזה יכול לעבור גם הרשימה המשותפת וגם רע""מ. אני לא רואה אופציה אחרת.",I think the victory of this bloc can go through the Joint List and Ra'am as well. I don't see any other option.,"Zahava Galon (Meretz) argues that the center-left bloc can win the upcoming elections only with cooperation from the Joint List and Ra'am, rejecting Netanyahu's return to power as ideologically unacceptable.",True,live,
118,2022-07-24,ynet.co.il,he,he,"האיחודים נסגרים והאתגרים מתבהרים: 100 יום לבחירות, תמונת מצב",https://ynet.co.il/news/election2022/article/by6l3ath5,analysis,author,media,,ynet.co.il,,0.0,0.3,unclear,,0.5,uncertain,"הליכוד והעומד בראשו - בנימין נתניהו - הוא אתגר ה-61. מאז נטש אביגדור ליברמן את גוש נתניהו, מתקשה הליכוד להרכיב ממשלה","Likud and its leader Benjamin Netanyahu face the challenge of 61 [seats]. Since Avigdor Lieberman abandoned Netanyahu's bloc, Likud has struggled to form a government","The author surveys all major parties' challenges 100 days before the election, framing Netanyahu's bloc's core task as breaking the 61-seat barrier after Lieberman's departure, while the opposition faces fragmentation and coalition-building difficulties; no clear prediction is offered.",True,live,
119,2022-07-24,ynetnews.com,en,il_en,100 days until elections: A look at challenges Israel's political parties are facing,https://ynetnews.com/magazine/article/ska2t3q3q,news,author,media,,YNet News,,0,0.3,unclear,,0.5,uncertain,"Benjamin Netanyahu's challenge is aiming for a 61-seat majority in the next Knesset, which has alluded him since his former ally Avigdor Liberman abandoned the Likud-led coalition government in 2018.","Benjamin Netanyahu's challenge is aiming for a 61-seat majority in the next Knesset, which has alluded him since his former ally Avigdor Liberman abandoned the Likud-led coalition government in 2018.","The author describes Netanyahu's stated goal of achieving a 61-seat majority as a long-standing challenge, while detailing the strategic positioning of various parties without projecting whether he will succeed.",True,live,
120,2022-07-24,haaretz.com,en,il_en,00000182 3168 db9c a5a2 fb6b48e90000,https://haaretz.com/israel-news/elections/2022-07-24/ty-article/.premium/israel-election-netanyahu-bloc-would-win-half-of-knessets-seats-poll-shows/00000182-3168-db9c-a5a2-fb6b48e90000,poll,poll,polls,Kan,Kan (Israeli public broadcaster),60,-0.2,0.9,deadlock,,0.4,no61,"The bloc of parties supporting opposition leader Benjamin Netanyahu is projected to win 60 of the Knesset's 120 seats in the November 1 election, public broadcaster Kan said in a poll released Sunday.","The bloc of parties supporting opposition leader Benjamin Netanyahu is projected to win 60 of the Knesset's 120 seats in the November 1 election, public broadcaster Kan said in a poll released Sunday.","Kan poll projects Netanyahu's bloc at 60 seats, one short of the 61-seat majority needed to form a government.",True,live,
121,2022-07-24,jpost.com,en,il_en,Israel's 25th Knesset elections: Ideological or strategic voting?,https://jpost.com/opinion/article-712946,opinion,author,media,Yael Yishai (inferred from bio),Jerusalem Post / independent analyst,,-0.5,0.7,opposition_forms_govt,,0.25,no61,"From my left-wing, liberal perspective, the last outcome I wish for in the approaching elections is a 61 seat (or more) victory for Benjamin Netanyahu, who would thus be able to form a Likud-ultra-Orthodox-Religious Zionist coalition, which embodies all the political nightmares I can think of.","From my left-wing, liberal perspective, the last outcome I wish for in the approaching elections is a 61 seat (or more) victory for Benjamin Netanyahu, who would thus be able to form a Likud-ultra-Orthodox-Religious Zionist coalition, which embodies all the political nightmares I can think of.","The author, a left-wing voter, strongly opposes Netanyahu reaching 61 seats and advocates strategic voting to prevent it; she notes that political observers agree Netanyahu will easily get 61 if Labor/Meretz fail to pass the threshold, but she believes voting strategically for Labor can help prevent this outcome.",True,live,
122,2022-07-25,kikar.co.il,he,he,סקר חדש: גוש ימין-חרדים עם 60 מנדטים,https://kikar.co.il/423678.html,poll,poll,polls,Dudi Chasid,Kan (Israeli public broadcaster),60,-0.2,0.85,deadlock,,0.4,no61,"גוש נתניהו והמפלגות החרדיות, עומד גם הערב (ראשון) הזה סביבות ה-60 מנדטים ולא מצליח להתרומם.",Netanyahu's bloc and the haredi parties stand this evening at around 60 seats and are not managing to rise.,"A poll by Dudi Chasid projects Netanyahu's bloc (Likud 35 + Religious Zionism 10 + Shas 8 + United Torah Judaism 7) at 60 seats, one short of a majority, with the bloc unable to gain momentum.",True,live,
123,2022-07-25,walla.co.il,he,he,"גנץ בריאיון לוואלה!: ""לא נהיה תלויים ברע""מ"" - וואלה! בחירות 2022",https://elections.walla.co.il/item/3520410,interview,politician_anti,anti,Benny Gantz,Blue and White (Kahol Lavan),,-0.5,0.7,opposition_forms_govt,,0.25,no61,יש פה פוטנציאל לחסום את נתניהו מ-61 שזה מטרה חשובה מאוד בבחירות הנוכחיות.,"There is potential here to block Netanyahu from 61, which is a very important goal in the current elections.","Gantz (anti-Netanyahu) states the opposition's goal is to prevent Netanyahu's bloc from reaching 61 seats and form an alternative government, explicitly rejecting coalition with Netanyahu.",True,live,
124,2022-07-25,al-monitor.com,en,intl,Israeli ultranationalist soars in polls,https://al-monitor.com/originals/2022/07/israeli-ultranationalist-soars-polls,news,poll,polls,,,,0,0.3,n/a,,0.5,uncertain,"If he headed a united Religious Zionist party instead of its current leader Bezalel Smotrich, it would win as many as 13 seats, up from the seven it now holds. If Smotrich continues to lead the party, it's predicted to grow at a moderate rate and win just 10 seats.","If he headed a united Religious Zionist party instead of its current leader Bezalel Smotrich, it would win as many as 13 seats, up from the seven it now holds. If Smotrich continues to lead the party, it's predicted to grow at a moderate rate and win just 10 seats.","Unnamed polls show Ben Gvir's Jewish Power/Religious Zionist faction could win 10–13 seats depending on leadership, but the article does not project total bloc seats or assess whether Netanyahu's coalition reaches 61.",True,live,
125,2022-07-26,jpost.com,en,il_en,Gantz's refusal of government with Netanyahu may mean 6th election,https://jpost.com/israel-news/politics-and-diplomacy/article-713119,analysis,author,media,,Jerusalem Post,,-0.7,0.75,deadlock,,0.15,no61,"The remaining scenario, which now may be the most probable, is a sixth election.","The remaining scenario, which now may be the most probable, is a sixth election.","The Jerusalem Post analysis argues that given current polling and coalition constraints, Netanyahu's bloc cannot reach 61 seats, and a sixth election is now the most probable outcome.",True,live,
126,2022-07-26,jpost.com,en,il_en,Israel Elections: Israelis prefer Ben-Gvir to Abbas in next gov't - poll,https://jpost.com/israel-elections/article-713081,poll,poll,polls,Channel 13,Channel 13 (Israeli television),60,-0.2,0.85,deadlock,,0.4,no61,"Rounding up Netanyahu's bloc are Ben Gvir and Smotrich with 11, Arye Deri's Shas with eight and United Torah Judaism with six mandates, bringing the block to a total of 60, unable to form a government but enough to block a government forming on the other side.","Rounding up Netanyahu's bloc are Ben Gvir and Smotrich with 11, Arye Deri's Shas with eight and United Torah Judaism with six mandates, bringing the block to a total of 60, unable to form a government but enough to block a government forming on the other side.","Channel 13 poll projects Netanyahu's bloc at 60 seats, one short of the 61-seat majority needed to form a government, indicating a deadlock scenario.",True,live,
127,2022-07-26,maariv.co.il,he,he,בחירות 2022: סקר מגלה כמה גוש נתניהו קרוב להקמת ממשלה?,https://maariv.co.il/elections-2022/Article-934334,poll,poll,polls,Maariv poll (unnamed pollster),Maariv,60,-0.2,0.85,deadlock,,0.4,no61,"בחלוקה לגושים, המפלגות שמרכיבות את הגוש התומך בנתניהו מקבלות 60 מנדטים מול 54 מנדטים למפלגות המרכיבות את הקואליציה הנוכחית.","By bloc division, the parties making up the bloc supporting Netanyahu receive 60 seats versus 54 seats for the parties making up the current coalition.","A Maariv poll projects Netanyahu's bloc at 60 seats, one short of the 61-seat majority needed to form a government.",True,live,
128,2022-07-28,jpost.com,en,il_en,"The Zionist Spirit is Shaked, Hendel's last chance in Knesset - analysis",https://jpost.com/israel-elections/article-713375,analysis,author,media,,Jerusalem Post,,0,0.3,unclear,,0.5,uncertain,"One camp offers a 61-seat government with Ben-Gvir that will fire the attorney-general, halt the trial and many more topics that have to do with one man only.","One camp offers a 61-seat government with Ben-Gvir that will fire the attorney-general, halt the trial and many more topics that have to do with one man only.","The author analyzes conflicting signals from Shaked (appearing to support a right-wing Netanyahu government) and Hendel (opposing a narrow Netanyahu-led government), noting Hendel's explicit reference to a potential 61-seat bloc with Ben-Gvir as a cautionary scenario, without predicting the outcome.",True,live,
129,2022-07-28,7kanal.co.il,ru,ru,"Опрос «Мадгам»: Бен-Гвир получает 7 мандатов, Смотрич – 4",https://7kanal.co.il/News/News.aspx/242092,poll,poll,polls,Madgam,Madgam Institute (led by Mina Tzemach and Mano Geva),57,-0.6,0.85,deadlock,,0.2,no61,"блок Нетаньяху получает 57 мест, а его политические противники – 53. Таким образом, ни один из них не в силах сформировать правительство.","Netanyahu's bloc receives 57 seats, and his political opponents – 53. Thus, neither of them is able to form a government.","Madgam poll projects Netanyahu's bloc at 57 seats (Likud 31, Ben-Gvir 7, Smotrich 4, Shas 8, UTJ 7), falling short of 61 and resulting in deadlock.",True,live,
130,2022-07-28,haaretz.com,en,il_en,00000182 4630 d473 a7ca fffe28660000,https://haaretz.com/israel-news/elections/2022-07-28/ty-article/israel-election-zionist-spirit-alliance-could-make-netanyahu-prime-minister-poll-shows/00000182-4630-d473-a7ca-fffe28660000,poll,poll,polls,Midgam Company / Mano Geva / iPanel,Channel 12 News,61,0.3,0.7,n/a,,0.65,bloc61,"Netanyahu's bloc would win 57 seats, and together with Zionist Spirit's four it would have 61 of the Knesset's 120 seats, the poll showed.","Netanyahu's bloc would win 57 seats, and together with Zionist Spirit's four it would have 61 of the Knesset's 120 seats, the poll showed.","A Channel 12 poll (Midgam/iPanel) projects Netanyahu's bloc at 57 seats plus Zionist Spirit's 4 seats = 61 total, exactly the threshold needed for a majority.",True,live,
131,2022-07-28,israelhayom.co.il,he,he,גנץ מתאכזב מהסקרים ומחפש מוצא | ישראל היום,https://israelhayom.co.il/news/politics/article/12547564,opinion,author,media,,Israel Hayom,,0.5,0.6,n/a,,0.75,bloc61,"אין לו באמת ממשלה בלי הליכוד. גם אם יצליח לגייס חלקים, או אפילו את כל המפלגות החרדיות, הוא לא מתייצב מעל ל־30 ממליצים... אז גנץ אומר 'ממשלה בלעדיו' - כשהכוונה לנתניהו - אבל... האפשרות הזו שרירה, קיימת וריאלית.","He has no real government without Likud. Even if he succeeds in recruiting parts, or even all the haredi parties, he does not stand above 30 [seats]... So Gantz says 'government without him' – meaning Netanyahu – but... this possibility is real, exists and is realistic.","The author argues that Gantz's only viable path to government is joining Netanyahu's bloc, implying Netanyahu's coalition will likely form, though the political math is complex and uncertain.",True,live,
132,2022-07-29,ynet.co.il,he,he,חידת שקד יכולה להכריע את הבחירות,https://ynet.co.il/news/article/sycymv11pq,analysis,author,media,,ynet.co.il,,0,0.3,unclear,,0.5,uncertain,"שקד לא פוסלת את נתניהו, אבל אומרת גם כי לא תעניק לו מפתח לממשלת 61 צרה. היא מכוונת לממשלה רחבה ויציבה מהסוג שכמעט קשה לדמיין במציאות הפוליטית הנוכחית.","Shaked does not rule out Netanyahu, but says she will not give him a key to a narrow 61-seat government. She is aiming for a broad and stable government of a type that is almost hard to imagine in the current political reality.","The author analyzes Shaked's ambiguous position: she neither rules out Netanyahu nor will enable a narrow 61-seat government, instead seeking a broad coalition that seems unrealistic; the outcome depends on whether the anti-Netanyahu bloc will compromise or Netanyahu's bloc will change leaders.",True,live,
133,2022-08-01,inn.co.il,he,he,"ח""כ צבי האוזר: ישבנו שנה בממשלת 61, זה התרסק לנו מול העיניים",https://inn.co.il/news/573010,interview,politician_bloc,anti,Tzvi Hauser,HaRuach HaTzionit (The Zionist Spirit),,-0.7,0.75,deadlock,,0.15,no61,"בלי הרוח הציונית לנתניהו יש 61, ועם הרוח הציוניות לאף אחד אין 61. זאת אומרת אין ממשלה של 61 עם נתניהו... אין ממשלה של 61 של יאיר לפיד... רק רוח ציונית חזקה וגדולה מבטיחה בוודאות שאין 61 לא מכאן ולא מכאן","Without HaRuach HaTzionit, Netanyahu has 61, and with HaRuach HaTzionit, no one has 61. That means no government of 61 with Netanyahu... no government of 61 with Yair Lapid... only a strong and large Zionist Spirit guarantees with certainty that there is no 61 from either side","Tzvi Hauser (HaRuach HaTzionit) argues that without his party, Netanyahu has exactly 61 seats but with it, no bloc reaches 61, creating a deadlock that forces a broad unity government; he rejects narrow coalitions dependent on Ben-Gvir or Arab parties.",True,live,
134,2022-08-01,7kanal.co.il,ru,ru,"У блока Нетаньяху – 61 мандат, «Руах Ционит» – за бортом",https://7kanal.co.il/News/News.aspx/242170,poll,poll,polls,Direct Polls,Direct Polls,61,0.5,0.85,n/a,,0.75,bloc61,"блок оппозиционной партии, возглавляемый экс-премьер-министром Биньямином Нетаньяху, может смело рассчитывать на 61 мандат, а, значит, имеет возможность сформировать правое правительство.","the opposition bloc led by former Prime Minister Benjamin Netanyahu can confidently count on 61 seats, and thus has the opportunity to form a right-wing government.","Direct Polls projects Netanyahu's bloc at exactly 61 seats (Likud 34 + Religious Zionism 11 + Shas 9 + United Torah Judaism 7), enabling him to form a right-wing government.",True,live,
135,2022-08-01,israelhayom.co.il,he,he,"מתקרבים לאיחוד: סמוטריץ' בהצעה אטרקטיבית לעוצמה יהודית, בן גביר נוטה להסכים | ישראל היום",https://israelhayom.co.il/news/politics/article/12613238,news,politician_bloc,bloc,Bezalel Smotrich / Religious Zionism party / Itamar Ben-Gvir,"Religious Zionism (Smotrich), Otzma Yehudit (Ben-Gvir)",,0.5,0.6,n/a,,0.75,bloc61,עכשיו זה הזמן לחתום ולצאת לדרך בכל הכוח כדי להביא 61 מנדטים ולהקים ממשלת ימין חזקה,Now is the time to sign and go forward with all our strength to bring 61 mandates and establish a strong right-wing government,"Religious Zionism party officials state their goal is to unite the right-wing bloc to achieve 61 seats and form a strong right-wing government, framed as part of negotiations between Smotrich and Ben-Gvir.",True,live,
136,2022-08-02,israelnationalnews.com,en,il_en,"MK Zvi Hauser: We had a government of 61 members, it crashed before our very eyes",https://israelnationalnews.com/news/357477,interview,politician_anti,anti,Zvi Hauser,Zionist Spirit Party,,-0.7,0.85,deadlock,,0.15,no61,"without the Zionist Spirit Netanyahu has 61 [seats to form a coalition], and with the Zionist Spirit no one has 61. That is to say, there is no government of 61 with Netanyahu... only a strong and large Zionist Spirit guarantees with certainty that there is no 61 neither from here nor from here.","without the Zionist Spirit Netanyahu has 61 [seats to form a coalition], and with the Zionist Spirit no one has 61. That is to say, there is no government of 61 with Netanyahu... only a strong and large Zionist Spirit guarantees with certainty that there is no 61 neither from here nor from here.","MK Zvi Hauser (Zionist Spirit) argues that his party's strength is essential to prevent Netanyahu from reaching 61 seats, claiming that without Zionist Spirit, Netanyahu would have exactly 61, but with it, no government of 61 can form from either right or left.",True,live,
137,2022-08-02,bicom.org.uk,en,intl,BICOM Election Update 2: The state of the parties,https://bicom.org.uk/analysis/bicom-election-update-2-the-state-of-the-parties,analysis,poll,polls,Aggregated Polling 11–26 July,BICOM,59,-0.4,0.7,deadlock,,0.3,no61,"Early polling suggests that the pro-Netanyahu bloc, comprised of Likud, the Religious Zionist party, and the two ultra-Orthodox parties Shas and United Torah Judaism (UTJ) are currently polling around the 59-60 seat mark, tantalising close to the necessary 61 to form a governing coalition.","Early polling suggests that the pro-Netanyahu bloc, comprised of Likud, the Religious Zionist party, and the two ultra-Orthodox parties Shas and United Torah Judaism (UTJ) are currently polling around the 59-60 seat mark, tantalising close to the necessary 61 to form a governing coalition.","Aggregated polling from mid-July 2022 shows Netanyahu's bloc at 59–60 seats, tantalizingly close but short of the 61 needed, suggesting a tight race with deadlock risk.",True,wayback,20220802144925
138,2022-08-02,jpost.com,en,il_en,"Every right-wing voter must tactically vote for Likud, Netanyahu",https://jpost.com/opinion/article-713669,opinion,author,media,Walter Bingham,Jerusalem Post / Arutz 7 / Israel Newstalk Radio,,0.7,0.75,n/a,,0.85,bloc61,"Instead, in the interest of the future or even survival of Israel as a Jewish state, we, the supporters of the national camp, must resist our strong individual party affiliation at this forthcoming election and vote tactically, that means to increase to an overall majority the number of mandates of Likud, the party that is already expected to attain the highest number of seats in the next Knesset. Yes, it is possible.","Instead, in the interest of the future or even survival of Israel as a Jewish state, we, the supporters of the national camp, must resist our strong individual party affiliation at this forthcoming election and vote tactically, that means to increase to an overall majority the number of mandates of Likud, the party that is already expected to attain the highest number of seats in the next Knesset. Yes, it is possible.","Walter Bingham argues that right-wing voters must tactically vote for Likud to ensure Netanyahu's bloc achieves a majority government, asserting it is possible if the national camp unites rather than fragmenting across small parties.",True,live,
139,2022-08-03,inn.co.il,he,he,פרופ' אשר כהן: האם בן-גביר יפיל את גוש הימין?,https://inn.co.il/news/573178,opinion,analyst,media,Prof. Asher Cohen,inn.co.il,,-0.5,0.7,deadlock,,0.25,no61,כל הוספת נציג לעוצמה יהודית מפחיתה את הסיכוי לקואליציית ימין... ייצוג גבוה מדי לעוצמה עשוי דווקא להרתיע ולמנוע ממשלת ימין על מלא ולהביא למאמצים לצירוף מפלגת מרכז-שמאל.,Every addition of a representative to Otzma Yehudit reduces the chance of a right-wing coalition... Too high representation for Otzma may deter and prevent a full right-wing government and lead to efforts to include a center-left party.,"Prof. Asher Cohen argues that Ben-Gvir's excessive demands risk damaging the right-wing bloc's electoral performance and coalition viability, potentially preventing a stable right-wing majority and forcing Netanyahu to seek center-left partners.",True,live,
140,2022-08-03,walla.co.il,he,he,"איילת שקד: תהיה ממשלת אחדות, אין ממשלה כזו בלי הליכוד",https://elections.walla.co.il/item/3522167,interview,politician_bloc,anti,Ayelet Shaked,Religious Zionism (HaRuach HaTzionit),,0.5,0.7,n/a,,0.75,bloc61,"בסוף, אחרי הבחירות, צריך להחליט - האם הרוח הציונית יכולה להשלים 61 לנתניהו או לא? אני אומרת לך שכשירימו לי את הטלפון אחרי הבחירות - נתניהו, גנץ, לפיד או מי מהם. אני אגיד לך שב עם החבר שלך, השותף שלך, האויב שלך.","In the end, after the elections, you have to decide - can Religious Zionism complete 61 for Netanyahu or not? I'm telling you that when they call me after the elections - Netanyahu, Gantz, Lapid or whoever - I will tell them to sit with your friend, your partner, your enemy.","Ayelet Shaked (Religious Zionism) states she will help form a broad unity government and, when pressed on whether Religious Zionism can 'complete 61' for Netanyahu, indicates she will use her party's leverage to bring together coalition partners, implying willingness to enable a Netanyahu-led majority.",True,live,
141,2022-08-05,srugim.co.il,he,he,עמית סגל: השאלה שתכריע את הבחירות הקרובות,https://srugim.co.il/698099-%D7%A2%D7%9E%D7%99%D7%AA-%D7%A1%D7%92%D7%9C-%D7%94%D7%A9%D7%90%D7%9C%D7%94-%D7%A9%D7%AA%D7%9B%D7%A8%D7%99%D7%A2-%D7%90%D7%AA-%D7%94%D7%91%D7%97%D7%99%D7%A8%D7%95%D7%AA-%D7%94%D7%A7%D7%A8%D7%95%D7%91,opinion,analyst,media,Amit Segal,Yedioth Ahronoth,,0.1,0.7,n/a,,0.55,uncertain,"אם שיעור ההצבעה שם נשאר כפי שהוא, נתניהו נוגע-לא נוגע ב-61. אם ההצבעה תשוב להשתתפות הערה מ-2020... נתניהו יסיים על 56 מנדטים. לעומת זאת, אם תחול עוד ירידה, אפילו קלה, נתניהו בדרך לרוב מוחלט על נקלה.","If Arab voter turnout remains as it is, Netanyahu is touch-and-go at 61. If turnout returns to 2020 levels, Netanyahu will end at 56 seats. However, if there is a further decline, even slight, Netanyahu is on track for an easy majority.","Analyst Amit Segal argues the election hinges on Arab voter turnout and Lapid's stance on the Joint List; Netanyahu's bloc reaching 61 is contingent on low Arab participation, ranging from 'touch-and-go' at current levels to a comfortable majority if turnout drops further.",True,live,
142,2022-08-07,washingtoninstitute.org,en,intl,win re election bibi netanyahu waging wars home and abroad,https://washingtoninstitute.org/policy-analysis/win-re-election-bibi-netanyahu-waging-wars-home-and-abroad,analysis,author,media,Neri Zilber,Washington Institute / Daily Beast,,-0.3,0.5,deadlock,,0.35,no61,"Without his right-wing bloc of parties winning an outright majority of 61 seats in the Knesset, Netanyahu could be finished politically... Yet there's another possibility, perhaps even more likely, that against all the odds, and all these enemies—some real, most manufactured—Netanyahu actually wins outright. The polls aren't looking favorable... This is going to be close, and will come down to the last few days.","Without his right-wing bloc of parties winning an outright majority of 61 seats in the Knesset, Netanyahu could be finished politically... Yet there's another possibility, perhaps even more likely, that against all the odds, and all these enemies—some real, most manufactured—Netanyahu actually wins outright. The polls aren't looking favorable... This is going to be close, and will come down to the last few days.","Zilber presents a tight race with polls unfavorable to Netanyahu's bloc reaching 61 seats, but acknowledges a possibility he could win outright despite the odds; the outcome will be decided in final days.",True,live,
143,2022-08-08,walla.co.il,he,he,"סקר כאן חדשות | נתניהו והליכוד נחלשים ב-2 מנדטים, יש עת",https://elections.walla.co.il/item/3523161,poll,poll,polls,"Kan News, Channel 12, Channel 13",Israeli television networks,59,-0.4,0.95,deadlock,,0.3,no61,"לאף אחד מהגושים אין 61 מנדטים... גוש נתניהו עם 59 מנדטים, מרחק של 2 מנדטים מהרוב הדרוש להקמת קואליציה","Neither bloc has 61 seats... Netanyahu's bloc with 59 seats, a distance of 2 seats from the majority required to form a coalition","Three Israeli television polls from August 8, 2022 project Netanyahu's bloc at 59 seats, 2 short of the 61-seat majority needed, with no bloc reaching 61 and a potential deadlock.",True,live,
144,2022-08-08,jpost.com,en,il_en,Yair Lapid narrows PM suitability gap on Netanyahu after Gaza operation,https://jpost.com/israel-elections/article-714222,poll,poll,polls,"N12, Channel 12, Channel 2, Channel 13",Israeli television channels,59,-0.4,0.85,deadlock,,0.3,no61,"According to the polls, if the elections were held today, Netanyahu's bloc would fall short of a 61-seat majority, with the former prime minister's right-wing bloc standing at 59 mandates in all three polls.","According to the polls, if the elections were held today, Netanyahu's bloc would fall short of a 61-seat majority, with the former prime minister's right-wing bloc standing at 59 mandates in all three polls.","Three major Israeli television polls show Netanyahu's bloc at 59 seats, falling short of the 61-seat majority needed, a drop from 61 seats in pre-Gaza operation polls.",True,live,
145,2022-08-08,maariv.co.il,he,he,"בחירות 2022: כמה מנדטים קיבל יאיר לפיד לאחר מבצע ""עלות השחר""?",https://maariv.co.il/elections-2022/Article-937523,poll,poll,polls,"Channel 12, Channel 13, Channel 11",Israeli media outlets,59,-0.4,0.85,deadlock,,0.3,no61,"בכל שלושת הסקרים שפורסמו מגיע גוש נתניהו ל-59 מנדטים, כאשר גוש המפלגות התומכות בלפיד עומד על 51 מנדטים בערוץ 11, ו-55 מנדטים בערוצים 12 ו-13.","In all three polls published, Netanyahu's bloc reaches 59 seats, while the bloc of parties supporting Lapid stands at 51 seats on Channel 11 and 55 seats on Channels 12 and 13.","Three Israeli media polls from August 2022 project Netanyahu's bloc at 59 seats, two seats short of the 61-seat majority needed to form a government.",True,live,
146,2022-08-10,israelnationalnews.com,en,il_en,"Pollster predicts: ""Ayelet Shaked will not pass the electoral threshold""",https://israelnationalnews.com/news/357966,interview,pollster,polls,Shlomo Filber,Direct Polls,59,-0.2,0.7,unclear,,0.4,no61,"At the moment, we are in a statistical tie, 59 for the right-wing bloc and 59 for the left-wing bloc... Whether or not Netanyahu will achieve 61 seats that will enable him to form a coalition depends on voting percentages. If the Arabs come out en masse and the Likud voters don't come out, it won't happen. If it's the other way around, then definitely, yes.","At the moment, we are in a statistical tie, 59 for the right-wing bloc and 59 for the left-wing bloc... Whether or not Netanyahu will achieve 61 seats that will enable him to form a coalition depends on voting percentages. If the Arabs come out en masse and the Likud voters don't come out, it won't happen. If it's the other way around, then definitely, yes.","Pollster Shlomo Filber (Direct Polls) reports a statistical tie at 59 seats each for right and left blocs, saying Netanyahu's 61-seat majority depends entirely on turnout: high Arab turnout + low Likud turnout = no majority; the reverse = yes.",True,live,
147,2022-08-10,washingtoninstitute.org,en,intl,israels political churn continues implications netanyahu and us policy,https://washingtoninstitute.org/policy-analysis/israels-political-churn-continues-implications-netanyahu-and-us-policy,analysis,analyst,media,David Makovsky,The Washington Institute,,-0.5,0.6,opposition_forms_govt,,0.25,no61,"Amid this shifting landscape, a combination of midsize centrist and right-wing parties could have the numbers to replace the prime minister... Even if the midsize parties come together after the election, Blue-White's decline and potential demise mean that no large centrist party will be going toe to toe with Netanyahu during the campaign.","Amid this shifting landscape, a combination of midsize centrist and right-wing parties could have the numbers to replace the prime minister... Even if the midsize parties come together after the election, Blue-White's decline and potential demise mean that no large centrist party will be going toe to toe with Netanyahu during the campaign.","Analyst David Makovsky suggests that a combination of midsize centrist and right-wing parties could have the numbers to replace Netanyahu, though he acknowledges Netanyahu's political skills and history of defying expectations.",True,live,
148,2022-08-10,theyeshivaworld.com,en,il_en,israel two polls show dramatic shift of support towards ruling likud party,https://theyeshivaworld.com/news/israel-news/211551/israel-two-polls-show-dramatic-shift-of-support-towards-ruling-likud-party.html,news,poll,polls,Steve Miller / Times of Israel poll; GeoCartography / Radio 103 FM poll,Times of Israel; Radio 103 FM,72,0.5,0.7,n/a,,0.75,bloc61,"The 'Right-Religious' block received 72 seats in the 103 FM poll this morning... A Likud-Yisrael Beytenu-Bayit Yehudi coalition of 62 seats is possible, according to the scenario poll.","The 'Right-Religious' block received 72 seats in the 103 FM poll this morning... A Likud-Yisrael Beytenu-Bayit Yehudi coalition of 62 seats is possible, according to the scenario poll.","Two polls from August 2022 show the right-religious bloc at 72 seats with a Likud-Yisrael Beytenu-Bayit Yehudi coalition of 62 seats possible, indicating strong support for Netanyahu's camp.",True,live,
149,2022-08-11,theguardian.com,en,intl,Gaza: how airstrikes gave Yahir Lapid a bounce ahead of Israeli polls,https://theguardian.com/world/2022/aug/11/gaza-how-airstrikes-gave-yahir-lapid-a-bounce-ahead-of-israeli-polls,news,author,media,,The Guardian,,0.35,0.4,n/a,,0.675,bloc61,"The bet paid off handsomely for Israel's caretaker prime minister, Yair Lapid, who is enjoying a bounce in the polls before the country holds its fifth tightly contested election in less than four years this November.","The bet paid off handsomely for Israel's caretaker prime minister, Yair Lapid, who is enjoying a bounce in the polls before the country holds its fifth tightly contested election in less than four years this November.","The Guardian reports that Lapid is enjoying a polling bounce from the Gaza operation ahead of the November election, but provides no explicit seat projections or confidence assessment about whether Netanyahu's bloc will reach 61 seats.",True,live,
150,2022-08-12,9tv.co.il,ru,ru,"Предвыборный опрос ""Маарива"": драма на левом фланге, определился лидер блока ""только не Биби""",https://9tv.co.il/item/48287,poll,poll,polls,Maariw (Ma'ariv),Ma'ariv newspaper,59,-0.4,0.75,deadlock,,0.3,no61,"Таким образом, блок Нетаниягу набирает 59 мандатов. Для создания правительства ему необходимо договориться с Шакед и ее соратниками.","Thus, Netanyahu's bloc gains 59 seats. To form a government, he needs to reach an agreement with Shaked and her allies.","A Ma'ariv poll from August 12, 2022 projects Netanyahu's bloc (Likud 33 + Religious Zionism 10 + Shas 9 + UTJ 7) at 59 seats, short of the 61-seat majority needed, requiring Netanyahu to negotiate with Shaked's Zionist Spirit party to form a government.",True,wayback,20220812150540
151,2022-08-12,jpost.com,en,il_en,Israel elections: Shaked passes electoral threshold - poll,https://jpost.com/israel-elections/article-714572,poll,poll,polls,Maariv,Maariv,59,-0.4,0.85,deadlock,,0.3,no61,"The new poll leaves the bloc supporting former prime minister Benjamin Netanyahu with 59 seats and the bloc supporting Prime Minister Yair Lapid with 51 seats, as it remains unclear who Zionist Spirit will sit with. If Zionist Spirit sits with Netanyahu, then his bloc would be able to form a government, otherwise, both they and Lapid's bloc would be unable to.","The new poll leaves the bloc supporting former prime minister Benjamin Netanyahu with 59 seats and the bloc supporting Prime Minister Yair Lapid with 51 seats, as it remains unclear who Zionist Spirit will sit with. If Zionist Spirit sits with Netanyahu, then his bloc would be able to form a government, otherwise, both they and Lapid's bloc would be unable to.","A Maariv poll projects Netanyahu's bloc at 59 seats (below the 61-seat threshold), with the outcome dependent on whether Zionist Spirit aligns with him; without them, deadlock results.",True,live,
152,2022-08-15,washingtoninstitute.org,en,intl,israels electoral marathon coalition scenarios and policy implications,https://washingtoninstitute.org/policy-analysis/israels-electoral-marathon-coalition-scenarios-and-policy-implications,analysis,analyst,media,David Makovsky,The Washington Institute,,-0.3,0.4,deadlock,,0.35,no61,"In theory, they could adopt the same strategy and stick to their guns after the March 2 vote, since a fourth round is a very definite possibility. Yet other scenarios could result in actual government formation, with differing implications for Israeli-Palestinian peace and other issues.","In theory, they could adopt the same strategy and stick to their guns after the March 2 vote, since a fourth round is a very definite possibility. Yet other scenarios could result in actual government formation, with differing implications for Israeli-Palestinian peace and other issues.","Analyst David Makovsky outlines three coalition scenarios (right-wing, centrist, unity) as possibilities, but emphasizes that a fourth election is 'a very definite possibility,' suggesting skepticism about Netanyahu's bloc reaching 61 seats.",True,live,
153,2022-08-15,ahram.org.eg,ar,ar,استطلاع للرأي لانتخابات الكنيست المقبلة,https://gate.ahram.org.eg/News/3640335.aspx,poll,poll,polls,Channel 12,Channel 12 (Hebrew),59,-0.4,0.85,deadlock,,0.3,no61,"معسكر نتنياهو (59 مقعدا): الليكود 34 مقعدا، ""الصهيونية الدينية"" 10 مقاعد، ""شاس"" 8 مقاعد، ""يهدوت هتوراה"" - 7 مقاعد.","Netanyahu's bloc (59 seats): Likud 34 seats, Religious Zionism 10 seats, Shas 8 seats, United Torah Judaism 7 seats.","Channel 12 poll projects Netanyahu's bloc at 59 seats, falling short of the 61-seat majority needed to form a government.",True,wayback,20220815025339
154,2022-08-15,inn.co.il,he,he,"יועז הנדל: ממשלת 61 של נתניהו - זה רע מאוד, גם ממשלת 61 של שמאל-מרכז עם המשותפת זה רע",https://inn.co.il/news/574346,interview,politician_anti,anti,Yoaz Hendel,Tzionut Hadatit (The Zionist Spirit); formerly Blue and White,,-0.5,0.7,unity_govt,,0.25,no61,"ממשלת 61 של נתניהו, אנחנו חושבים שזה רע מאוד... אני אומר לך חד וחלק, אנחנו לא נשב בממשלת 61. בעיניי, האסטרטגיה היא התשה כי אני לא חושב שהמספרים מסתדרים להקים ממשלה אחרת.","A Netanyahu 61-seat government, we think that's very bad... I'm telling you clearly, we will not sit in a 61-seat government. In my view, the strategy is attrition because I don't think the numbers work to form another government.","Yoaz Hendel (anti-Netanyahu centrist) rejects a Netanyahu 61-seat government as dangerous and says his party will not join it, predicting instead that a unity government will ultimately form because the numbers don't work for alternatives.",False,live,
155,2022-08-15,israelnationalnews.com,en,il_en,Poll: Religious Zionism and Otzma Yehudit win more seats separately,https://israelnationalnews.com/news/358170,poll,poll,polls,"Midgam, Camil Fuchs, Direct Polls","Kan News, Channel 13 News, Channel 14",60,0.0,0.7,unclear,,0.5,uncertain,"A poll conducted by Direct Polls for Channel 14 showed that the right-wing bloc would succeed in gaining a majority, with 61 seats in the Knesset. According to the data, the Likud party would win 34 Knesset seats, with Yesh Atid winning 22 and National Unity winning 13 seats, followed by Religious Zionism with 11 seats. The poll also showed that Shas would win nine seats, while UTJ would win seven seats.","A poll conducted by Direct Polls for Channel 14 showed that the right-wing bloc would succeed in gaining a majority, with 61 seats in the Knesset. According to the data, the Likud party would win 34 Knesset seats, with Yesh Atid winning 22 and National Unity winning 13 seats, followed by Religious Zionism with 11 seats. The poll also showed that Shas would win nine seats, while UTJ would win seven seats.","Three polls show conflicting results: Midgam projects 59 seats for the right-wing bloc, Camil Fuchs projects 60, and Direct Polls projects 61—creating uncertainty about whether Netanyahu's bloc reaches the 61-seat threshold.",True,live,
156,2022-08-15,washingtoninstitute.org,en,intl,benjamin netanyahu magician re elected israels prime minister what price,https://washingtoninstitute.org/policy-analysis/benjamin-netanyahu-magician-re-elected-israels-prime-minister-what-price,opinion,author,media,Neri Zilber,The Washington Institute,,0.7,0.75,n/a,,0.85,bloc61,"Netanyahu's Likud party topped a wave of nationalist parties—his 'natural partners,' he called them—who together will surely give the premier a strong right-wing majority in parliament.","Netanyahu's Likud party topped a wave of nationalist parties—his 'natural partners,' he called them—who together will surely give the premier a strong right-wing majority in parliament.","Neri Zilber asserts that Netanyahu's right-wing bloc will 'surely' secure a strong majority in parliament, though coalition formation will require significant concessions (West Bank annexation, immunity legislation).",True,live,
157,2022-08-16,bhol.co.il,he,he,אני שם נפשי בכפי: בן גביר לא יעבור את אחוז החסימה // דעה,https://bhol.co.il/news/1427484,opinion,author,media,Opinion columnist (unsigned),bhol.co.il,,-0.85,0.9,opposition_forms_govt,,0.075,no61,אני שם נפשי בכפי: בן גביר לא יעבור את אחוז החסימה וזה יהיה בכיה לדורות.,I stake my life on it: Ben-Gvir will not pass the threshold and it will be a crying shame for generations.,"An opinion columnist argues with high confidence that Ben-Gvir's Otzma Yehudit will fail to pass the 3.25% threshold in the November 2022 election, citing historical precedent, lack of a stable voter base, and competition from Smotrich's Religious Zionism.",True,wayback,20220816100836
158,2022-08-16,washingtoninstitute.org,en,intl,eve israels do over final maneuvers and coalition possibilities,https://washingtoninstitute.org/policy-analysis/eve-israels-do-over-final-maneuvers-and-coalition-possibilities,analysis,analyst,media,David Makovsky,Washington Institute for Near East Policy,,0.5,0.65,n/a,,0.75,bloc61,"polls seem to converge on the idea that the right bloc is leading the center-left bloc, an outcome that could extend the long tenure of Prime Minister Binyamin Netanyahu","polls seem to converge on the idea that the right bloc is leading the center-left bloc, an outcome that could extend the long tenure of Prime Minister Binyamin Netanyahu","Analyst Makovsky assesses that polls show the right bloc leading the center-left, favoring Netanyahu's coalition prospects, though he details center-left hopes that Liberman could prevent a right-wing majority and force a national unity government.",True,live,
159,2022-08-18,panet.co.il,ar,ar,PANET | د. جمال زحالقة يكتب: سيناريوهات الانتخابات الإسرائيلية وخطر الجمهوريين,https://panet.co.il/article/3587192,opinion,politician_anti,anti,Dr. Jamal Zahalka,Balad (National Democratic Assembly / al-Tajammu),60,-0.3,0.7,deadlock,,0.35,no61,تدل استطلاعات الرأي الأخيرة في إسرائيل على أنّ كتلة نتنياهو ستحصل على ما بين 59 إلى 61 عضوا في الكنيست، ما يعنى أنّه يقف على عتبة العودة إلى الحكم، ولكنّ قد لا يعود إليه إن لم يحصل معسكره على أكثر من نصف أعضاء الكنيست,"Recent opinion polls in Israel indicate that Netanyahu's bloc will receive between 59 to 61 members in the Knesset, meaning he stands on the threshold of returning to power, but may not return if his camp does not obtain more than half of the Knesset's 120 members.","Dr. Jamal Zahalka (Balad, Arab opposition) presents three scenarios: Netanyahu's bloc reaching 61+ seats (described as 'very strong'), falling to 60 or below (deadlock), or Lapid forming a government (very weak). Current polls show 59–61 seats, leaving Netanyahu on the threshold but uncertain.",True,wayback,20220818073656
160,2022-08-19,7kanal.co.il,ru,ru,"""Саар и Элькин - глубоко левые. Шакед не проходит в Кнессет""",https://7kanal.co.il/News/News.aspx/242770,news,politician_bloc,bloc,Bezalel Smotrich,Ha-Tzionut ha-Datit (Religious Zionism),,0,0.3,unclear,,0.5,uncertain,"Есть два или три мандата, которые в настоящее время находятся в подвешенном состоянии. Они определят, будет ли здесь установлено левое или правое правительство.",There are two or three mandates that are currently in a suspended state. They will determine whether a left or right government will be established here.,"Smotrich (Religious Zionism) states that 2–3 undecided seats will determine whether a right or left government forms, without explicitly projecting whether the right bloc reaches 61 seats.",True,live,
161,2022-08-22,jewishpress.com,en,il_en,"Who's Interfering in Elections to Block Netanyahu Victory? | The Jewish Press - JewishPress.com | Ruthie Blum | 25 Av 5782 – August 22, 2022",https://jewishpress.com/indepth/opinions/whos-interfering-in-elections-to-block-netanyahu-victory/2022/08/22,opinion,author,media,Ruthie Blum,Jewish Press / JNS,,0.65,0.7,n/a,,0.825,bloc61,Faraj explained that their running together as a united bloc would increase voter turnout among Israel's Arab citizens and improve the odds of denying Netanyahu the 61-seat majority he would need to form a coalition,Faraj explained that their running together as a united bloc would increase voter turnout among Israel's Arab citizens and improve the odds of denying Netanyahu the 61-seat majority he would need to form a coalition,"Ruthie Blum argues that Iran, Russia, and the Palestinian Authority are actively interfering to prevent Netanyahu from securing the 61-seat majority needed to form a coalition, suggesting external forces view Netanyahu's victory as a serious threat.",True,wayback,20220822093949
162,2022-08-24,mako.co.il,he,he,"N12 - סקר מנדטים: בן גביר עם 9 מנדטים, מרצ מתחזקת תחת גלאון",https://mako.co.il/news-politics/2022_q3/Article-b48dd3751a0d281027.htm,poll,poll,polls,Midgam (מדגם),"Midgam Consulting and Research, led by Meno Gava; commissioned by N12 News",58,-0.4,0.85,deadlock,,0.3,no61,גוש נתניהו יורד ל-58 מנדטים והקואליציה היוצאת עולה ל-57 מנדטים.,Netanyahu's bloc drops to 58 seats and the outgoing coalition rises to 57 seats.,"A Midgam poll from August 24, 2022 projects Netanyahu's bloc at 58 seats (Likud 34 + Otzma Yehudit 9 + Shas 8 + United Torah Judaism 7), falling short of the 61-seat majority needed, though a potential Ben-Gvir–Smotrich merger could yield 11 seats and push the bloc to 59.",True,wayback,20220824181506
163,2022-08-24,maariv.co.il,he,he,"סקר מנדטים: איתמר בן גביר מזנק, בצלאל סמוטריץ' מתחת לאחוז החסימה",https://maariv.co.il/elections-2022/Article-941193,poll,poll,polls,"Channel 12 (Reshet 12), Channel 11 (Reshet 11), Channel 13 (Reshet 13)",Israeli media outlets,60,-0.4,0.85,deadlock,,0.3,no61,"על פי סקר ערוץ 11, גוש נתניהו זוכה ל-60 מנדטים, ורחוק מנדט אחד בלבד מלהרכיב ממשלה לאחר הבחירות הבאות.","According to Channel 11 poll, Netanyahu's bloc wins 60 seats, just one seat short of forming a government after the upcoming elections.","Three Israeli media polls show Netanyahu's bloc at 58–60 seats: Channels 11 and 13 project 60 (one short), while Channel 12 projects 58 (further from majority).",True,live,
164,2022-08-24,jpost.com,en,il_en,Israel elections: Religious Zionist Party's future uncertain in new poll,https://jpost.com/israel-elections/article-715521,poll,poll,polls,"Channel 14, KAN, Channel 13, Channel 12",Israeli media outlets,,0,0.7,unclear,,0.5,uncertain,"According to the poll, the bloc supporting former prime minister Benjamin Netanyahu would earn 61 seats... According to the poll, the bloc supporting Netanyahu would earn 60 seats... According to the poll, the bloc supporting Netanyahu would earn 61 seats... According to the poll, the bloc supporting Netanyahu would earn 58 seats.","According to the poll, the bloc supporting former prime minister Benjamin Netanyahu would earn 61 seats... According to the poll, the bloc supporting Netanyahu would earn 60 seats... According to the poll, the bloc supporting Netanyahu would earn 61 seats... According to the poll, the bloc supporting Netanyahu would earn 58 seats.","Four Israeli media polls from August 24, 2022 show conflicting projections for Netanyahu's bloc: two project exactly 61 seats (Channel 14, Channel 13), one projects 60 seats (KAN), and one projects 58 seats (Channel 12), reflecting uncertainty about Religious Zionist Party's electoral viability.",True,live,
165,2022-08-24,srugim.co.il,he,he,"אחרי הסקרים: סמוטריץ', קח את ההצעה של בן גביר",https://srugim.co.il/704859-%D7%A1%D7%9E%D7%95%D7%98%D7%A8%D7%99%D7%A5-%D7%97%D7%91%D7%9C-%D7%A9%D7%9C%D7%90-%D7%9C%D7%A7%D7%97%D7%AA-%D7%90%D7%AA-%D7%94%D7%94%D7%A6%D7%A2%D7%94-%D7%A9%D7%9C-%D7%91%D7%9F-%D7%92%D7%91%D7%99,opinion,author,media,,srugim.co.il,,0,0.3,unclear,,0.5,uncertain,"סקרי המנדטים שפורסמו הערב, בכל ערוצי הטלויזיה מצביעים על מגמה ברורה, עוצמה יהודית נמצאת במקום יותר טוב בסקרים מאשר הציונות הדתית.",The seat polls published this evening on all television channels point to a clear trend: Otzma Yehudit is in a better position in the polls than Religious Zionism.,"The author reports that recent polls show Otzma Yehudit performing better than Religious Zionism, and suggests a merger could help Smotrich avoid the threshold, but does not project whether the combined bloc will reach 61 seats.",True,live,
166,2022-08-24,washingtoninstitute.org,en,intl,multipolar israeli race boosts netanyahus electoral chances,https://washingtoninstitute.org/policy-analysis/multipolar-israeli-race-boosts-netanyahus-electoral-chances,analysis,analyst,media,David Makovsky,The Washington Institute,,0.5,0.7,n/a,,0.75,bloc61,"If one adds Liberman to Netanyahu and Bennett's polling data, the projections for right-wing parties are virtually identical to those seen in the 2013 election. Combined with the ultraorthodox votes, this would give Netanyahu enough for a majority of the Knesset.","If one adds Liberman to Netanyahu and Bennett's polling data, the projections for right-wing parties are virtually identical to those seen in the 2013 election. Combined with the ultraorthodox votes, this would give Netanyahu enough for a majority of the Knesset.","Analyst David Makovsky argues that the multipolar Israeli political structure and Netanyahu's rightward campaign strategy, combined with ultraorthodox party support, position Netanyahu to likely secure a 61-seat majority, though uncertainty remains.",True,live,
167,2022-08-25,jewishpress.com,en,il_en,"Netanyahu-led Bloc Still Strongest in Latest Election Polls | The Jewish Press - JewishPress.com | Hana Levi Julian | 28 Av 5782 – August 25, 2022",https://jewishpress.com/news/elections-news/netanyahu-led-bloc-still-strongest-in-latest-election-polls/2022/08/25,news,poll,polls,"Channel 11, Channel 12, Channel 13","Israeli broadcasters (KAN 11, Channel 12, Channel 13)",60,-0.1,0.7,deadlock,,0.45,uncertain,A right-wing block led by Likud chairperson Benjamin Netanyahu (33 seats) would garner 60 mandates – just a single seat short of the 61 needed for Netanyahu to win back his position as prime minister. [Channel 13:] a Netanyahu-led bloc reached the 61-mandate minimum needed to form a government.,A right-wing block led by Likud chairperson Benjamin Netanyahu (33 seats) would garner 60 mandates – just a single seat short of the 61 needed for Netanyahu to win back his position as prime minister. [Channel 13:] a Netanyahu-led bloc reached the 61-mandate minimum needed to form a government.,"Three Israeli broadcaster polls from August 25, 2022 show mixed results: Channel 11 and 12 project Netanyahu's bloc at 60 and 58 seats respectively (one short or well short of 61), while Channel 13 projects exactly 61 seats, creating uncertainty about whether Netanyahu can form a government.",True,wayback,20220825132529
168,2022-08-25,9tv.co.il,ru,ru,"Опросы: партия бывшего соратника Авигдора Либермана тонет при любом раскладе, израильтяне ""на дух"" не переносят ""сионистов""",https://9tv.co.il/item/48732,news,poll,polls,Channel 13 ITV (Kan 13),Israeli public television,61,0.3,0.5,n/a,,0.65,bloc61,"Согласно данным этого опроса, ""блок ближайших сторонников Нетаниягу"" получает 61 мандат и сумеет сформировать правительство.","According to this poll, 'the bloc of Netanyahu's closest supporters' receives 61 seats and will be able to form a government.","Three Israeli TV polls show conflicting results: Channel 13 projects Netanyahu's bloc at exactly 61 seats and able to form government, while Channels 11 and 12 project 52–53 seats for the anti-Netanyahu bloc; commentators expect one opposition party may join Netanyahu despite boycott rhetoric.",True,wayback,20220825120015
169,2022-08-26,srugim.co.il,he,he,סקר: סמוטריץ' נחלש; בן גביר מתחזק; הימין מתרחק מ-61,https://srugim.co.il/705368-%D7%A1%D7%A7%D7%A8-%D7%A1%D7%9E%D7%95%D7%98%D7%A8%D7%99%D7%A5-%D7%A0%D7%97%D7%9C%D7%A9-%D7%91%D7%9F-%D7%92%D7%91%D7%99%D7%A8-%D7%9E%D7%AA%D7%97%D7%96%D7%A7-%D7%94%D7%99%D7%9E%D7%99%D7%9F-%D7%9E,poll,poll,polls,Panels Politics,Panels Politics for Maariv,58,-0.6,0.85,deadlock,,0.2,no61,"על פי הסקר של מכון 'פאנלס פוליטקס' עבור 'מעריב', לו הבחירות היו נערכות היום מפלכת הליכוד הייתה מקבלת 31 מנדטים... עוצמה יהודית וש""ס עם 8 מנדטים כל אחת. יהדות התורה בראשות משה גפני מקבלת 7 מנדטים.","According to the Panels Politics poll for Maariv, if elections were held today Likud would receive 31 seats... Otzma Yehudit and Shas with 8 seats each. United Torah Judaism under Moshe Gafni receives 7 seats.","A Panels Politics poll projects Netanyahu's bloc (Likud 31 + Otzma Yehudit 8 + Shas 8 + United Torah Judaism 7 = 54 seats, or 58 if Religious Zionism runs separately) falling short of 61 seats, with the headline stating 'the right moves away from 61.'",True,live,
170,2022-08-26,israelnationalnews.com,en,il_en,Poll: Likud-led bloc wins 59 - if Otzma Yehudit and Religious Zionism run together,https://israelnationalnews.com/news/358778,poll,poll,polls,Midgam Research and Consulting,Channel 12 News,59,-0.4,0.95,deadlock,,0.3,no61,"A new poll conducted for Channel 12 News showed that if the Otzma Yehudit and Religious Zionism parties run together, the Likud-led bloc will win 59 Knesset seats.","A new poll conducted for Channel 12 News showed that if the Otzma Yehudit and Religious Zionism parties run together, the Likud-led bloc will win 59 Knesset seats.",Midgam poll for Channel 12 projects Netanyahu's bloc at 59 seats if Otzma Yehudit and Religious Zionism run together—two short of the 61-seat majority needed.,True,live,
171,2022-08-26,maariv.co.il,he,he,על פי הסקרים נראה ששקד ושותפיה לרשימה יצפו בדיוני הכנסת מהבית,https://maariv.co.il/journalists/Article-941492,opinion,author,media,,Maariv,,0,0,unclear,,0.5,uncertain,על פי הסקרים נראה ששקד ושותפיה לרשימה יצפו בדיוני הכנסת מהבית... כמעט בכל הסקרים לא עוברת את אחוז החסימה.,"According to polls, it appears that Shaked and her list partners will watch Knesset debates from home... in almost all polls she does not pass the electoral threshold.","The author expresses skepticism about Ayelet Shaked's chances of entering the next Knesset, comparing her electoral prospects to lottery odds, but does not directly assess Netanyahu's bloc's path to 61 seats.",False,live,
172,2022-08-26,maariv.co.il,he,he,בחירות 2022: נתניהו זימן את סמוטריץ' ובן גביר לקיסריה שיתאחדו,https://maariv.co.il/elections-2022/Article-941595,news,poll,polls,Maariv,Maariv,,0,0.3,unclear,,0.5,uncertain,"בסקר מעריב שפורסם היום נמצא כי בן גביר ועוצמה יהודית מקבלים 8 מנדטים, אך רשימת הציונות הדתית נחלשת במנדט אחד ומתקרבת לאחוז החסימה עם 3.7%, שמקנים לה 4 מנדטים בלבד.","In the Maariv poll published today, Ben-Gvir and Otzma Yehudit receive 8 seats, but the Religious Zionism list weakened by one seat and approaches the blocking threshold at 3.7%, giving it only 4 seats.","A Maariv poll shows Religious Zionism at risk of falling below the threshold (3.7%, 4 seats) while Otzma Yehudit gets 8 seats; a unified right-religious list would gain 13 seats combined, but the article does not project the full bloc's total seats or likelihood of reaching 61.",True,live,
173,2022-08-26,washingtoninstitute.org,en,intl,What If Netanyahu Wins?,https://washingtoninstitute.org/policy-analysis/what-if-netanyahu-wins,analysis,analyst,media,Amir Fuchs,Israel Democracy Institute,,0.35,0.6,n/a,,0.675,bloc61,"Current opinion polls have the Likud remaining the largest party by a wide margin, with the pro-Netanyahu ""bloc"" of parties—Likud, the ultra-Orthodox factions and the far-right Religious Zionism—within spitting distance of an outright 61-seat majority in Parliament... The upcoming election is still too close to call, but regardless, the margins will assuredly be extremely fine—one or two seats in either direction will likely be the difference between a Netanyahu victory and defeat.","Current opinion polls have the Likud remaining the largest party by a wide margin, with the pro-Netanyahu ""bloc"" of parties—Likud, the ultra-Orthodox factions and the far-right Religious Zionism—within spitting distance of an outright 61-seat majority in Parliament... The upcoming election is still too close to call, but regardless, the margins will assuredly be extremely fine—one or two seats in either direction will likely be the difference between a Netanyahu victory and defeat.","Analyst Amir Fuchs and author Neri Zilber report that current polls show Netanyahu's bloc within striking distance of a 61-seat majority, but characterize the race as too close to call with razor-thin margins likely deciding the outcome.",True,live,
174,2022-08-27,bhol.co.il,he,he,נתניהו מסתער לעבר ה-61: כך צפוי להתנהל קמפיין הבחירות שלו,https://bhol.co.il/news/1432337,news,author,media,Moran Azulay (Yedioth Ahronoth) and Anna Breski (Maariv),bhol.co.il (citing Yedioth Ahronoth and Maariv),,0.5,0.6,n/a,,0.75,bloc61,"נתניהו הגדיר את המלחמה בשאננות כיעד מרכזי בקמפיין הנוכחי, והוא סבור שזה המרכיב שיספק את שובר השיוויון ויעביר את הגוש מעל 61 מנדטים.","Netanyahu defined the fight against apathy as a central goal in the current campaign, and he believes this is the component that will provide the tiebreaker and move the bloc above 61 mandates.","Netanyahu's campaign strategy aims to break the tie between blocs and reach 61+ seats by mobilizing apathetic Likud voters in key cities, though internal party tensions and campaign restructuring create uncertainty.",True,wayback,20220827172359
175,2022-08-29,jewishpress.com,en,il_en,"Poll Gives Smotrich-Ben Gvir Union 12 Mandates, Netanyahu's Block Stuck at 59 | The Jewish Press - JewishPress.com | David Israel | 2 Elul 5782 – August 29, 2022",https://jewishpress.com/news/israel/poll-gives-smotrich-ben-gvir-union-12-mandates-netanyahus-block-stuck-at-59/2022/08/29,poll,poll,polls,Panels Politics,Menachem Lazar / Radio 103FM,59,-0.4,0.85,deadlock,,0.3,no61,Netanyahu's right-wing bloc reaches only 59 mandates... the side that's expected to get the first crack at forging a coalition government – Benjamin Netanyahu et al – is still stuck without the necessary 61 mandates,Netanyahu's right-wing bloc reaches only 59 mandates... the side that's expected to get the first crack at forging a coalition government – Benjamin Netanyahu et al – is still stuck without the necessary 61 mandates,"A Panels Politics poll projects Netanyahu's bloc at 59 seats (Likud 32 + Religious Zionism/Otzma 12 + Shas 8 + UTJ 7), two short of the 61 needed; the author notes potential upside if Shaked voters shift right, but the poll itself shows a deadlock.",True,wayback,20220829064020
176,2022-08-29,7kanal.co.il,ru,ru,"""Если Нетаньяху не достигнет 61 мандата, произойдут изменения""",https://7kanal.co.il/News/News.aspx/243028,interview,politician_anti,bloc,Zeev Elkin,Gideon Sa'ar's Democratic Israel (part of National Camp / opposition to Netanyahu),,-0.7,0.75,opposition_forms_govt,,0.15,no61,Нетаньяху почти ни в одном опросе не доходит до 61 мандата. Как только Нетаньяху и его блок не достигнут 61 мандата... Нетаньяху на этот раз не получит 61 место.,Netanyahu almost never reaches 61 seats in any poll. As soon as Netanyahu and his bloc do not reach 61 seats... Netanyahu will not get 61 seats this time.,"Opposition politician Zeev Elkin confidently asserts Netanyahu's bloc will not reach 61 seats, citing polls, and predicts Beni Gantz will form an alternative government.",True,live,
177,2022-08-30,inn.co.il,he,he,"השר יועז הנדל: ""רץ עד הסוף, נדלג מעל אחוז החסימה""",https://inn.co.il/news/575842,interview,politician_bloc,anti,Yoaz Hendel,The Zionist Spirit (Haruach Hatzionit),,0.5,0.7,n/a,,0.75,bloc61,"אם אין את הרוח הציונית, לאחד הצדדים יש 61 - או שיש ממשלה של נתניהו ובן גביר, או שיש ממשלת שמאל-מרכז עם המשותפת... אני רץ עד הסוף","If there is no Zionist Spirit, one side has 61 – either a Netanyahu-Ben Gvir government or a left-center government with the Joint List, which in my view is not good for Israel and leads to elections. I am running to the end.","Yoaz Hendel (Zionist Spirit) argues his party will be the tiebreaker and that without it, either Netanyahu or a left-center coalition reaches 61, implying his party's kingmaker role.",True,live,
178,2022-08-31,israelnationalnews.com,en,il_en,"Minister Yoaz Hendel: We will pass the electoral threshold, I'm running till the end",https://israelnationalnews.com/news/358998,interview,politician_anti,anti,Yoaz Hendel,Zionist Spirit Party,,-0.5,0.6,deadlock,,0.25,no61,"If there is no Zionist Spirit, one of the parties has 61 [seats required to form a government] - either there is a government of Netanyahu and Ben Gvir, or there is a center-left government with the Joint List, which in my view is not good for the State of Israel and leads to elections.","If there is no Zionist Spirit, one of the parties has 61 [seats required to form a government] - either there is a government of Netanyahu and Ben Gvir, or there is a center-left government with the Joint List, which in my view is not good for the State of Israel and leads to elections.","Yoaz Hendel (Zionist Spirit, anti-Netanyahu camp) argues that without his party crossing the threshold, either Netanyahu+Ben Gvir or a center-left coalition would form, with the latter leading to new elections—implying the bloc majority is contingent and fragile.",True,live,
179,2022-08-31,israelnationalnews.com,en,il_en,This is not the way to reach 61!,https://israelnationalnews.com/news/359033,opinion,author,media,,Israel National News,59,-0.5,0.7,opposition_forms_govt,,0.25,no61,"The surveys that speak of 59 mandates for the Right and 55 for the Left are misleading. Hiding behind these numbers is just one conclusion – an apparent victory for the Left, which will supplement its missing mandates by forming a coalition with the Joint List party and with its erstwhile partners - the United Arab List party.","The surveys that speak of 59 mandates for the Right and 55 for the Left are misleading. Hiding behind these numbers is just one conclusion – an apparent victory for the Left, which will supplement its missing mandates by forming a coalition with the Joint List party and with its erstwhile partners - the United Arab List party.","The author warns that despite polls showing the Right at 59 seats, the bloc risks falling short of 61 and losing to a Left-Arab coalition unless Right-wing leaders urgently mobilize voters.",True,live,
180,2022-08-31,7kanal.co.il,ru,ru,Опрос: У правого блока меньше 60 мест,https://7kanal.co.il/News/News.aspx/243117,poll,poll,polls,Madgam,Madgam Institute,59,-0.4,0.85,deadlock,,0.3,no61,"правый блок получил бы всего 59 мест, если бы выборы состоялись сегодня. По результатам опроса партия «Ликуд» получит 33 места... ШАС получает восемь мест, «Яадут ха-Тора» - семь","the right-wing bloc would receive only 59 seats if elections were held today. According to the poll results, the Likud party will receive 33 seats... Shas receives eight seats, United Torah Judaism - seven","Madgam poll projects Netanyahu's right-wing bloc at 59 seats, below the 61-seat majority threshold, requiring defection from a left-center party for Netanyahu to form a government.",True,live,
181,2022-08-31,ynet.co.il,he,he,"מתן כהנא: ""במקום פולארד לא הייתי דואג, שקד תשלים לנתניהו ל-61""",https://ynet.co.il/news/article/rjeyes31o,interview,politician_bloc,anti,Matan Kahana,Mamlachti (State Camp); formerly Yamina,,0.5,0.65,n/a,,0.75,bloc61,"אם תעבור, היא תשלים לנתניהו את ה-61... נעשה הכל כדי שלנתניהו לא יהיו 61.","If [Shaked's list] passes [the threshold], it will complete 61 for Netanyahu... We are doing everything so Netanyahu does not have 61.","Kahana (State Camp) says if Shaked's list passes the threshold it will give Netanyahu 61 seats, but he and his party are working to prevent Netanyahu from reaching 61; Religious Zionism counters that only they can form a stable right-wing government.",False,live,
182,2022-09-04,srugim.co.il,he,he,"""תשלימי לנתניהו 61?"": צפו בתשובה של איילת שקד",https://srugim.co.il/708320-%D7%AA%D7%A9%D7%9C%D7%99%D7%9E%D7%99-%D7%9C%D7%A0%D7%AA%D7%A0%D7%99%D7%94%D7%95-61-%D7%A6%D7%A4%D7%95-%D7%91%D7%AA%D7%A9%D7%95%D7%91%D7%94-%D7%A9%D7%9C-%D7%90%D7%99%D7%99%D7%9C%D7%AA-%D7%A9,interview,politician_bloc,anti,Ayelet Shaked,The Jewish Home (Habayit Hayehudi) / Spiritual Zionism (Ruach Tzionit),,0,0.6,unity_govt,,0.5,uncertain,"אם את האצבע ה-61 של נתניהו, האם את מאפשרת לו להרכיב ממשלה? לא. אנחנו הולכים לממשלה רחבה, יציבה, לאומית","If you are Netanyahu's 61st finger, will you allow him to form a government? No. We are going to a broad, stable, national government.","Ayelet Shaked (Spiritual Zionism) rejects being Netanyahu's 61st seat, stating her party aims for a broad, stable, national unity government instead.",False,live,
183,2022-09-06,inn.co.il,he,he,"מתן כהנא: מאז שגנץ נכנס לפוליטיקה, לנתניהו אין 61",https://inn.co.il/news/576624,interview,politician_anti,anti,Matan Kahana,Mamlakhtit (State Camp party),,-0.7,0.75,opposition_forms_govt,,0.15,no61,"אנחנו יודעים שמאז שגנץ נכנס לפוליטיקה נתניהו לא הצליח להביא 61 מנדטים, ואני מקווה שכך יהיה","We know that since Gantz entered politics Netanyahu has not managed to bring 61 mandates, and I hope it stays that way.","Matan Kahana (State Camp, anti-Netanyahu) asserts that Netanyahu has failed to reach 61 seats since Gantz entered politics and expresses hope this pattern continues, implying the opposition will form a broad coalition government.",True,live,
184,2022-09-06,walla.co.il,he,he,"בחירות 2022 - שקד: ""אין לימין 61""; מגל: ""היית הבטחה""",https://elections.walla.co.il/item/3528413,interview,politician_bloc,anti,Ayelet Shaked,Yamina / Right-wing bloc,,0.5,0.7,n/a,,0.75,bloc61,"אין ממשלה אחרת, רק ממשלה רחבה. אין ברירה אחרת, צריכה לקום פה ממשלה רחבה ויציבה, אי אפשר להשביע ממשלה על קולות המשותפת.","There is no other government, only a broad government. There is no other choice, a broad and stable government must be formed here, it is impossible to sustain a government on Arab votes.","Ayelet Shaked (Yamina/right-wing bloc) argues that Netanyahu's bloc will form the next government because there is no alternative and that Gantz and Saar will ultimately join Netanyahu, though she provides no seat projections.",True,live,
185,2022-09-07,kikar.co.il,he,he,"ח""כ מיקי זוהר: ""מודאג מפיצול 'יהדות התורה', זה יכול לגנוז את חלום ה-61""",https://kikar.co.il/haredim-news/426765,interview,politician_bloc,bloc,Miki Zohar,Likud,,0.35,0.65,n/a,,0.675,bloc61,"אני מסכים שעדיין לא השגנו את ה-61 בסקרים, אני חושב שבשטח לא התחילה ההתעוררות שצריכה להיות ואני חושב שהיא תתחיל... זה בר השגה.","I agree we haven't yet achieved 61 in the polls, I think the awakening on the ground hasn't started yet but I think it will... it is achievable.","Likud MK Miki Zohar expresses cautious optimism that the right-wing bloc can reach 61 seats, acknowledging current polls fall short but believing ground mobilization will close the gap; he also expresses concern about potential UTJ split that could endanger the goal.",True,live,
186,2022-09-07,kikar.co.il,he,he,"הדר מוכתר באולפן: ""אהיה האצבע ה-61 של נתניהו; ליברמן לא פרטנר""",https://kikar.co.il/%D7%94%D7%A8%D7%99%D7%90%D7%99%D7%95%D7%A0%D7%95%D7%AA/426704,interview,politician_bloc,anti,Hadar Mukhtar,The Young Burning (Hatzeirim HaBo'arim) party,,0.7,0.75,n/a,,0.85,bloc61,"אני השני מנדטים שנתניהו צריך, אני השני מנדטים... אין לי שום בעיה להיות האצבע ה-61.","I am the two seats Netanyahu needs, I am the two seats. I have no problem being the 61st finger [vote].","Hadar Mukhtar, a young candidate from The Young Burning party, declares she will be Netanyahu's crucial 61st seat and is willing to join his right-wing coalition if her demands are met, rejecting partnership with Lieberman.",False,live,
187,2022-09-08,kikar.co.il,he,he,"השר אלקין באולפן: אם נתניהו לא ישיג 61, אנחנו נצליח להרכיב ממשלה עם החרדים",https://kikar.co.il/haredim-news/426823,interview,politician_anti,anti,Ze'ev Elkin,Mamlachti Camp (State Camp),,-0.7,0.85,opposition_forms_govt,,0.15,no61,"מאז שקמה 'המחנה ממלכתי', אין סקר אחד שנתניהו חוצה את ה-61, ברוב הסקרים... ברגע שנצליח במשימה של שלב א' למנוע מנתניהו 61, אנחנו נצליח להרכיב ממשלה","Since the Mamlachti Camp was formed, there is not a single poll where Netanyahu crosses 61, in most polls... Once we succeed in the mission of stage one to prevent Netanyahu from reaching 61, we will succeed in forming a government","Ze'ev Elkin (Mamlachti Camp) asserts that Netanyahu's bloc will not reach 61 seats in most polls, and that if they prevent him from doing so, they can form an alternative government with support from haredi parties.",True,live,
188,2022-09-08,israelhayom.com,en,il_en,likud hopes high ahead of election victory strategy to focus on voter turnout,https://israelhayom.com/2022/09/08/likud-hopes-high-ahead-of-election-victory-strategy-to-focus-on-voter-turnout,news,politician_bloc,bloc,Likud officials,Likud,,0.7,0.75,n/a,,0.85,bloc61,"The goal – garnering 61 seats and forming a right-wing government – seems within reach and the assessment among Likud officials is that with proper and precise action, they will succeed.","The goal – garnering 61 seats and forming a right-wing government – seems within reach and the assessment among Likud officials is that with proper and precise action, they will succeed.",Likud officials assess that their 61-seat goal for a right-wing government is within reach with proper execution of their voter turnout strategy.,True,live,
189,2022-09-09,9tv.co.il,ru,ru,"Предвыборный опрос ""Маарива"": политическая ситуация остается крайне запутанной",https://9tv.co.il/item/49259,poll,poll,polls,Panels Politics,Panels Politics (for Ma'ariv),59,-0.4,0.95,deadlock,,0.3,no61,"«Ликуд» и партии, поддерживающие Нетаниягу, получают 59 мандатов. Для формирования коалиции им нужно вступать в переговоры с арабскими партиями, что проблематично с учетом позиции Смотрича и Бен-Гвира, либо искать перебежчиков в противоположном лагере.","Likud and parties supporting Netanyahu receive 59 seats. To form a coalition, they need to enter negotiations with Arab parties, which is problematic given the position of Smotrich and Ben-Gvir, or seek defectors from the opposite camp.",Panels Politics poll for Ma'ariv projects Netanyahu's bloc at 59 seats—short of the 61-seat majority needed—forcing difficult coalition negotiations with Arab parties or opposition defectors.,True,wayback,20220909135827
190,2022-09-09,middleeastmonitor.com,en,intl,"Israel to remain in political deadlock, poll finds ahead of November elections",https://middleeastmonitor.com/20220909-israel-to-remain-in-political-deadlock-poll-finds-ahead-of-november-elections,poll,poll,polls,Maariv,Maariv (Israeli daily newspaper),59,-0.4,0.85,deadlock,,0.3,no61,"A new opinion poll released on Friday in Israel found that the country could remain in political deadlock after upcoming elections in November, with none of the major sides poised to gain enough votes to form a government... The poll published by the daily, Maariv, showed the bloc of opposition leader, Benjamin Netanyahu, securing 59 seats.","A new opinion poll released on Friday in Israel found that the country could remain in political deadlock after upcoming elections in November, with none of the major sides poised to gain enough votes to form a government... The poll published by the daily, Maariv, showed the bloc of opposition leader, Benjamin Netanyahu, securing 59 seats.","A Maariv poll projects Netanyahu's bloc at 59 seats, below the 61-seat majority threshold, predicting political deadlock with neither major bloc able to form a government.",True,live,
191,2022-09-09,srugim.co.il,he,he,סקר הסקרים: גוש הימין נחלש ומתרחק מ-61,https://srugim.co.il/710345-%d7%a1%d7%a7%d7%a8-%d7%94%d7%a1%d7%a7%d7%a8%d7%99%d7%9d-%d7%92%d7%95%d7%a9-%d7%94%d7%99%d7%9e%d7%99%d7%9f-%d7%a0%d7%97%d7%9c%d7%a9-%d7%95%d7%9e%d7%aa%d7%a8%d7%97%d7%a7-%d7%9e-61,poll,poll,polls,Kan 11 (כאן 11) / Samuel Rosner,Kan 11 (Israeli public broadcaster),59,-0.6,0.85,deadlock,,0.2,no61,"גוש הימין ממשיך את מגמת ההיחלשות של השבועות האחרונים. אחרי שבשבוע שעבר הוא היה על סף המנדט ה-61, השבוע הוא רחוק מהיעד בשני מנדטים.","The right-wing bloc continues the weakening trend of recent weeks. After being on the verge of the 61st mandate last week, this week it is far from the target by two mandates.","Kan 11's poll aggregator (Rosner) projects Netanyahu's right-wing bloc at 59 seats, down from near 61 the previous week, indicating it will fall short of a majority.",True,live,
192,2022-09-10,maariv.co.il,he,he,בחירות 2022: באיזה תרחיש יתחיל המשחק הגדול עבור גוש המרכז־שמאל?,https://maariv.co.il/journalists/Article-944586,analysis,author,media,,Ma'ariv,,0,0.7,unclear,,0.5,uncertain,"אם לנתניהו לא יהיו 61 מנדטים - הכל פתוח... ב־2 בנובמבר יתעורר נתניהו כראש ממשלת ישראל או בדרכו להיות יו""ר הליכוד לשעבר.","If Netanyahu does not have 61 mandates—everything is open... On November 2, Netanyahu will wake up as Prime Minister of Israel or on his way to being the former Likud chairman.","The author presents a balanced analysis of the 2022 election framed around the binary question of whether Netanyahu's bloc will reach 61 seats, with both camps acknowledging this as the decisive threshold, but offers no directional prediction.",True,live,
193,2022-09-11,timesofisrael.com,en,il_en,"Arab turnout may hold the key to election, but for the pro- or anti-Netanyahu bloc?",https://timesofisrael.com/arab-turnout-may-hold-the-key-to-election-but-for-the-pro-or-anti-netanyahu-bloc,analysis,analyst,media,Simon Davies and Joshua Hantman,Number 10 Strategies,,0,0.6,unclear,,0.5,uncertain,"Therefore, the prevailing wisdom — that if Arab turnout significantly increases, and if Arab parties once again move beyond the 10-12 mandate mark, Netanyahu is unlikely to get be able to form a coalition — may be misplaced. There would be stiff opposition from Religious Zionism, but Ra'am, the Islamist party, could technically become the kingmaker for Netanyahu.","Therefore, the prevailing wisdom — that if Arab turnout significantly increases, and if Arab parties once again move beyond the 10-12 mandate mark, Netanyahu is unlikely to get be able to form a coalition — may be misplaced. There would be stiff opposition from Religious Zionism, but Ra'am, the Islamist party, could technically become the kingmaker for Netanyahu.",Analysts Davies and Hantman argue that conventional wisdom underestimates Netanyahu's path to 61 seats: Arab turnout volatility and Ra'am's potential kingmaker role could enable a Netanyahu coalition despite opposition from Religious Zionism.,True,wayback,20220911103756
194,2022-09-11,ynet.co.il,he,he,"שקד על סף חתימה עם הבית היהודי, בליכוד עדיין מגבשים אסטרטגיה מולה",https://ynet.co.il/news/election2022/article/sj6e8cslo,news,author,media,,ynet.co.il,,0,0.4,unclear,,0.5,uncertain,"חלק מהסקרים הראו בעבר כי הימצאותה של שקד על המפה הפוליטית משפרת את סיכויו של נתניהו להגיע ל-61 ואף לחצות את המספר הנדרש לקבלת המנדט, אולם כרגע הוא מתכוון לעבוד במרץ כדי שכוחה יהיה קטן ככל הניתן.","Some polls previously showed that Shaked's presence on the political map improves Netanyahu's chances of reaching 61 and even crossing the number required to receive the mandate, but now he intends to work hard so that her strength will be as small as possible.","The author reports that some past polls showed Shaked's presence could help Netanyahu reach 61 seats, but Likud is now uncertain about strategy and concerned about wasted votes if her list fails to pass the threshold.",True,live,
195,2022-09-11,ahram.org.eg,ar,ar,استطلاع إسرائيلي: معسكر نتنياهو لن يحصل إلا على 59 مقعدًا حال أجريت الانتخابات الآن,https://gate.ahram.org.eg/News/3691806.aspx,poll,poll,polls,Channel 12,Channel 12 (Israeli television),59,-0.4,0.95,deadlock,,0.3,no61,"أظهر أحدث استطلاع للرأي أجرته القناة 12 الإسرائيلية ونشرت نتائجه الليلة، أن المعسكر الذي يقوده زعيم حزب ""الليكود"" بنيامين نتنياهو، لن يحصل إلا على 59 مقعدًا، إذا أجريت الانتخابات الآن",The latest poll conducted by Israeli Channel 12 and published tonight shows that the bloc led by Likud party leader Benjamin Netanyahu will only get 59 seats if elections were held now,"Channel 12 poll projects Netanyahu's bloc at 59 seats (2 short of 61-seat majority), indicating a deadlock scenario if elections were held on the poll date.",True,wayback,20220910235320
196,2022-09-12,haaretz.com,en,il_en,00000183 3149 d6c9 a197 794d4bcf0000,https://haaretz.com/israel-news/elections/2022-09-12/ty-article/.premium/the-magic-number-aaron-judge-benjamin-netanyahu-and-yair-lapid-are-all-chasing/00000183-3149-d6c9-a197-794d4bcf0000,analysis,author,media,,Haaretz,,-0.5,0.6,deadlock,,0.25,no61,Judge seems more likely to get there,Judge seems more likely to get there,"Haaretz analysis suggests Netanyahu is less likely than Aaron Judge to reach his target number (61 seats for coalition, 61 home runs for Judge), implying skepticism about Netanyahu's bloc reaching 61.",True,live,
197,2022-09-12,bhol.co.il,he,he,"סקר מנדטים חדש, 50 יום לבחירות: כמה שווה מפלגה בראשות בנט",https://bhol.co.il/news/1439373,poll,poll,polls,Maagar Mohot,Maagar Mohot / Yisrael Hayom,59,-0.4,0.85,deadlock,,0.3,no61,"סקר שערך מכון 'מאגר מוחות' ופורסם באתר 'ישראל היום' מעריך כי לו הבחירות היו מתקיימות היום, גוש נתניהו היה משיג 59 מנדטים","A poll conducted by the Maagar Mohot institute and published on Yisrael Hayom estimates that if elections were held today, Netanyahu's bloc would achieve 59 seats.","Maagar Mohot poll projects Netanyahu's bloc at 59 seats (2 short of 61), but notes that a Labor-Meretz union would paradoxically boost the bloc to 61 seats.",True,wayback,20220912190129
198,2022-09-12,ynet.co.il,he,he,"יו""ר הבית היהודי: ""שקד? יהיה הסכם. בן גביר? את הקצוות צריך להשאיר בקצוות""",https://ynet.co.il/news/election2022/article/bkibms2li,news,politician_bloc,anti,Yossi Brodny,Habayit Hayehudi (Jewish Home),,0,0.3,unclear,,0.5,uncertain,"אנחנו מחזיקים סקרים שבהם אנחנו עוברים את אחוז החסימה, בסקר שלנו האיחוד מביא חמישה מנדטים. ממשלה של נתניהו, החרדים ובן גביר תהיה פחות יציבה.",We hold polls in which we pass the threshold; in our poll the union brings five seats. A Netanyahu government with the Haredim and Ben-Gvir will be less stable.,"Yossi Brodny (Habayit Hayehudi chair) expresses cautious support for a right-wing government with Netanyahu but warns it would be unstable with Ben-Gvir and the Haredim; he claims internal polls show his party passing the threshold, while Religious Zionism figures dismiss concerns about right-wing vote fragmentation.",True,live,
199,2022-09-12,ynet.co.il,he,he,"יצטרך 61, וייבחן בבג""ץ: ""התחייבות נתניהו תגזור בורות על הצעירים החרדים""",https://ynet.co.il/news/election2022/article/h1jw2phxs,news,author,media,,ynet.co.il,,0,0.3,unclear,,0.5,uncertain,אבל אותה התחייבות כמובן לא תהיה בתוקף אם גוש הימין-חרדים של נתניהו לא ישיג 61 מנדטים,But that commitment will of course not be in effect if Netanyahu's right-haredi bloc does not achieve 61 mandates,"The author reports Netanyahu's budget commitments to haredi parties conditional on the right-haredi bloc achieving 61 seats, but does not project whether this will occur; opposition figures criticize the deal.",True,live,
200,2022-09-13,inn.co.il,he,he,"ח""כ ניר אורבך באולפן ערוץ 7: הציבור הדתי לאומי המתלבט יכריע את הבחירות",https://inn.co.il/news/577241,interview,politician_bloc,anti,Nir Orbach,"Knesset member, right-wing bloc",,-0.5,0.75,deadlock,,0.25,no61,באף סקר אין לגוש ימין 61 מנדטים. את מערכת הבחירות הזו לדעתי יכריע ציבור דתי לאומי שנאמד בבין שניים לארבעה מנדטים,"In no poll does the right-wing bloc have 61 seats. In my view, this election system will be decided by the national-religious public estimated at between two to four seats who will not vote for Likud and will not vote for the Religious Zionism party.","Nir Orbach (right-wing Knesset member) states that no current poll shows the right-wing bloc reaching 61 seats, and that swing voters from the national-religious community (2-4 seats) will be decisive, implying the bloc currently falls short of a majority.",True,live,
201,2022-09-13,israelinfo.co.il,ru,ru,Опрос: объединение Аводы и МЕРЕЦ ничего не меняет в «ничейном» исходе выборов,https://news.israelinfo.co.il/105512,poll,poll,polls,KAN Hadashot,KAN Hadashot (Israeli TV channel),60,-0.4,0.85,deadlock,,0.3,no61,"Вместе с 12 мандатами «Религиозных сионистов», 9 у ШАС и 7 у «Еврейства Торы» у лагеря Нетаниягу — 60 мандатов.","Together with 12 seats for Religious Zionists, 9 for Shas and 7 for United Torah Judaism, Netanyahu's bloc has 60 seats.","A KAN Hadashot poll projects Netanyahu's bloc at 60 seats (Likud 32 + Religious Zionists 12 + Shas 9 + United Torah Judaism 7), one short of a majority, indicating a deadlock outcome.",True,live,
202,2022-09-13,7kanal.co.il,ru,ru,"Правый блок получает 60 мандатов, Шакед остаётся «за бортом»",https://7kanal.co.il/News/News.aspx/243493,poll,poll,polls,Dodi Hasid,Channel KAN,60,-0.2,0.9,deadlock,,0.4,no61,правый блок получил бы 60 мандатов,the right-wing bloc would receive 60 seats,"A poll by Dodi Hasid for Channel KAN projects Netanyahu's right-wing bloc at 60 seats, one short of the 61-seat majority needed to form a government.",True,live,
203,2022-09-13,israelhayom.com,en,il_en,meretz labor union would bode well for netanyahu shaked unlikely to make it into knesset,https://israelhayom.com/2022/09/13/meretz-labor-union-would-bode-well-for-netanyahu-shaked-unlikely-to-make-it-into-knesset,poll,poll,polls,Maagar Mochot,Israel Hayom,61,0.3,0.7,n/a,,0.65,bloc61,"If Labor and Meretz do unite, the poll shows they would garner 13 seats, just one more than they would get by running separately. A change so imperceptible would nevertheless dramatically affect the Right, allowing it to garner 61 seats and be able to form a government without the help of any outside faction.","If Labor and Meretz do unite, the poll shows they would garner 13 seats, just one more than they would get by running separately. A change so imperceptible would nevertheless dramatically affect the Right, allowing it to garner 61 seats and be able to form a government without the help of any outside faction.",A Maagar Mochot poll for Israel Hayom shows Netanyahu's bloc would reach exactly 61 seats only if Labor and Meretz unite; otherwise it falls to 59–60 depending on Shaked's participation.,True,live,
204,2022-09-13,maariv.co.il,he,he,בחירות 2022: לפיד מתחזק אבל נתניהו ממש קרוב ל-61,https://maariv.co.il/elections-2022/Article-945620,poll,poll,polls,unnamed pollster,Ma'ariv,60,-0.2,0.85,deadlock,,0.4,no61,"בתמונת הגושים - גוש המפלגות הממליצות על נתניהו לראשות הממשלה יעמוד על 60 מנדטים, בעוד גוש לפיד עם 55 מנדטים.","In the bloc picture – the bloc of parties recommending Netanyahu for prime minister will stand at 60 seats, while Lapid's bloc has 55 seats.","A Ma'ariv poll projects Netanyahu's bloc at 60 seats (one short of 61), with Lapid's bloc at 55 and the Joint List at 5, indicating a deadlock.",True,live,
205,2022-09-14,jta.org,en,il_en,"The rise and rise of Itamar Ben-Gvir, the far-right politician holding the key to Israel's next coalition",https://jta.org/2022/09/14/israel/the-rise-and-rise-of-itamar-ben-gvir-the-far-right-politician-holding-the-key-to-israels-next-coalition,analysis,author,media,,JTA,,0.5,0.7,n/a,,0.75,bloc61,"Ben-Gvir appears virtually assured of remaining part of Israel's government after the upcoming Nov. 1 election, not just as a rank-and-file member of Knesset but as a senior minister — overtaking other right-wing politicians in influence and with Netanyahu directly contributing to his meteoric rise.","Ben-Gvir appears virtually assured of remaining part of Israel's government after the upcoming Nov. 1 election, not just as a rank-and-file member of Knesset but as a senior minister — overtaking other right-wing politicians in influence and with Netanyahu directly contributing to his meteoric rise.","The JTA analysis asserts Ben-Gvir is 'virtually assured' of remaining in government as a senior minister after Nov. 1, reflecting Netanyahu's rightward coalition strategy, though critics warn of democratic dangers.",True,live,
206,2022-09-16,maariv.co.il,he,he,החלפת נתניהו בליכוד או בחירות? יש עוד אפשרויות | מיכאל קליינר,https://maariv.co.il/journalists/Article-946129,analysis,author,media,Michael Kleiner,Ma'ariv,,0.15,0.6,n/a,,0.575,uncertain,"כל תוצאה שבה לגוש הימין יהיו 61 מנדטים תפתיע, אבל גם אם לא, האפשרויות רבות. רוב הפרשנים צופים ממשלה בראשות בני גנץ או ממשלה בראשות איש הליכוד שאינו בנימין נתניהו או בחירות שישיות","Any result in which the right-wing bloc has 61 seats will be surprising, but even if not, there are many options. Most commentators predict a government led by Benny Gantz or a government led by a Likud member who is not Benjamin Netanyahu or sixth elections","Kleiner argues that while most commentators predict an anti-Netanyahu government or sixth elections, 'cold realism' suggests Netanyahu's bloc reaching 61 seats is more likely than the opposition's alternatives, though he also explores unity government scenarios.",True,live,
207,2022-09-18,walla.co.il,he,he,"לפיד טרם הבין: כדי לחסום את נתניהו, הוא צריך את הערבים",https://elections.walla.co.il/item/3530862,opinion,author,media,,walla.co.il,,0.65,0.7,n/a,,0.825,bloc61,בזמן שכולם התעסקו בשאלה מה זה ייעשה לשיעור ההצבעה בחברה הערבית ואם בנימין נתניהו קרוב יותר מתמיד להשיג את המנדט ה-61 הנכסף,While everyone was asking what would happen to voter turnout in Arab society and whether Benjamin Netanyahu is closer than ever to achieving the coveted 61st mandate,"The author argues Netanyahu is systematically unifying his bloc and is closer than ever to the 61-seat majority, while Lapid has neglected Arab voter outreach and coalition management, making Netanyahu's victory more likely.",True,live,
208,2022-09-18,alquds.co.uk,ar,ar,العرب فريسة الحسم.. ونتنياهو في رقصة الـ61 مقعداً: لا يسار ولا وسط بعد اليوم,https://alquds.co.uk/%D8%A7%D9%84%D8%B9%D8%B1%D8%A8-%D9%81%D8%B1%D9%8A%D8%B3%D8%A9-%D8%A7%D9%84%D8%AD%D8%B3%D9%85-%D9%88%D9%86%D8%AA%D9%86%D9%8A%D8%A7%D9%87%D9%88-%D9%81%D9%8A-%D8%B1%D9%82%D8%B5%D8%A9-%D8%A7%D9%84%D9%80,analysis,author,media,Nadav Eyal,Yedioth Ahronoth,,0.65,0.75,n/a,,0.825,bloc61,"عملياً، منذ بداية حملة الانتخابات، لم يكن نتنياهو أقرب من النصر مما هو الآن، بفضل سامي أبو شحادة ورفاقه بالطبع... وللتعويض عن ضياع الأصوات التي ستذهب إلى ""التجمع""، هناك حاجة لرفع معدلات التصويت العامة في الجمهور العربي. وهذا يبدو بعيداً الآن.","Practically, since the start of the election campaign, Netanyahu has not been closer to victory than he is now, thanks to Sami Abu Shehada and his colleagues of course... To compensate for the loss of votes going to 'al-Tajammu', there is a need to raise overall voting rates in the Arab public. And this seems far now.","Analyst Nadav Eyal argues that Netanyahu's bloc is closer to the 61-seat majority than ever due to Arab political fragmentation and low Arab voter turnout, though he notes countervailing factors and uncertainty.",True,live,
209,2022-09-20,kikar.co.il,he,he,"השר טרופר בריאיון: החרדים אמרו לנו שאם אין לנתניהו 61, יש על מה..",https://kikar.co.il/haredim-news/427678,interview,politician_anti,anti,Chili Tropper,Mamlachti Camp (State Camp),,-0.5,0.7,opposition_forms_govt,,0.25,no61,"האופציה השניה, שלנתניהו אין 61, גנץ היחיד שמקובל על כולם ויכול לשבור את הבלוק הזה... שמעתי מהם שאם אין 61 נדבר, אני מבין מהם שזה לא פסול על הסף.","The second option is that Netanyahu doesn't have 61, Gantz is the only one acceptable to everyone and can break this bloc... I heard from them that if there's no 61 we'll talk, I understand from them that it's not ruled out.","Tropper (anti-Netanyahu) outlines two scenarios: Netanyahu reaches 61 and forms a narrow coalition (which he opposes), or Netanyahu fails to reach 61, allowing Gantz to form an alternative government with potential Haredi support.",True,live,
210,2022-09-20,inn.co.il,he,he,השאלה הקריטית של מערכת הבחירות,https://inn.co.il/news/576129,interview,politician_bloc,bloc,Dr. Hagi Ben-Artzi,Netanyahu's cousin; right-wing commentator,61,0.5,0.7,n/a,,0.75,bloc61,"הגוש של נתניהו כולל 60-62 מנדטים מתוך 110 חברי כנסת יהודים, כלומר מדובר ברוב מכריע של הציבור היהודי שתומך בו","Netanyahu's bloc includes 60-62 mandates out of 110 Jewish Knesset members, meaning a decisive majority of the Jewish public supports him","Dr. Hagi Ben-Artzi, Netanyahu's cousin, asserts that Netanyahu's bloc commands 60-62 seats (a decisive Jewish majority) and should form a government, framing the Iranian nuclear threat as the critical election question.",True,live,
211,2022-09-21,israelinfo.co.il,ru,ru,Опрос: Ликуду не хватает одного мандата для формирования правительства,https://news.israelinfo.co.il/105695,poll,poll,polls,Panels Politics,Panels Politics (for Knesset TV channel),60,-0.4,0.85,deadlock,,0.3,no61,"коалицию Нетаниягу отделяет от победы один мандат. Если бы выборы состоялись сегодня, Ликуд получил бы 33 мандата, «Религиозные сионисты» 12, а ШАС и «Еврейство Торы» соответственно 8 и 7 мандатов. Всего у право-религиозного лагеря 60 мандатов.","Netanyahu's coalition is one mandate short of victory. If elections were held today, Likud would get 33 seats, Religious Zionists 12, and Shas and Jewish Torah 8 and 7 seats respectively. In total, the right-religious camp has 60 seats.","Panels Politics poll projects Netanyahu's bloc at 60 seats (Likud 33, Religious Zionists 12, Shas 8, UTJ 7), one short of the 61-seat majority needed, with Lieberman suggesting potential Likud fracturing if it falls to 59 or fewer.",True,live,
212,2022-09-22,washingtoninstitute.org,en,intl,"Israeli Elections, Round Five: A Game of Inches",https://washingtoninstitute.org/policy-analysis/israeli-elections-round-five-game-inches,analysis,author,media,David Makovsky,Washington Institute,59,-0.4,0.7,deadlock,,0.3,no61,"Right-wing parties aligned with former prime minister Binyamin Netanyahu are currently projected to win 59-60 seats, just short of a governing majority in the 120-member Knesset.","Right-wing parties aligned with former prime minister Binyamin Netanyahu are currently projected to win 59-60 seats, just short of a governing majority in the 120-member Knesset.","Makovsky reports that Netanyahu's right-wing bloc is polling at 59-60 seats, just short of the 61-seat majority needed, with the outcome hinging on Arab turnout and party fragmentation.",True,live,
213,2022-09-22,jpost.com,en,il_en,Israel elections: New poll shows Netanyahu bloc earning 62 seats,https://jpost.com/israel-elections/article-717974,poll,poll,polls,"Channel 14, Channel 13, Channel 12",Israeli television networks,61,0.1,0.7,n/a,,0.55,uncertain,"A new poll by Channel 14 on Thursday showed the bloc led by opposition leader Benjamin Netanyahu getting 62 seats in the next elections. Additionally, on Thursday night, a poll by Channel 13 found that the Netanyahu-led bloc would earn 61 seats... a poll by Channel 12 found that the Netanyahu-led bloc would earn 60 seats.","A new poll by Channel 14 on Thursday showed the bloc led by opposition leader Benjamin Netanyahu getting 62 seats in the next elections. Additionally, on Thursday night, a poll by Channel 13 found that the Netanyahu-led bloc would earn 61 seats... a poll by Channel 12 found that the Netanyahu-led bloc would earn 60 seats.","Three Israeli television polls from September 22, 2022 project Netanyahu's bloc at 60–62 seats, with Channel 14 at 62, Channel 13 at 61, and Channel 12 at 60, all near or at the 61-seat threshold.",True,live,
214,2022-09-22,kikar.co.il,he,he,סקרים דרמטים: גוש נתניהו מזנק ומגיע ל-61 וגם 62 מנדטים,https://kikar.co.il/political-news/427971,poll,poll,polls,"Channel 12 (Manu Geva), Channel 13 (Prof. Kamil Fuchs), Channel 14",Israeli news outlets,61,0.5,0.85,n/a,,0.75,bloc61,בסקר חדשות 12 מקבל גוש נתניהו 60 מנדטים. בסקר ערוץ 13 מקבל 61 ובסקר ערוץ 14 אף מקבל 62.,In Channel 12 news poll Netanyahu's bloc receives 60 seats. In Channel 13 poll it receives 61 and in Channel 14 poll it even receives 62.,"Three major Israeli news polls from September 22, 2022 project Netanyahu's bloc at 60–62 seats, with Channel 13 showing exactly 61 seats needed for a majority.",True,live,
215,2022-09-23,maariv.co.il,he,he,"סקר מעריב: גוש נתניהו מתחזק, אך התיקו נמשך | בחירות 2022",https://maariv.co.il/elections-2022/Article-947854,poll,poll,polls,Panel4All,Maariv,60,-0.2,0.85,deadlock,,0.4,no61,"החלוקה מחדש של הקולות כתוצאה מנפילת בל""ד מחזקת את גוש תומכי נתניהו ומביאה אותו ל־60 מנדטים – שעדיין לא מספיקים להכרעה",The redistribution of votes as a result of Balad's fall strengthens Netanyahu's bloc and brings it to 60 seats – which is still not enough for a decision,"A Panel4All poll for Maariv projects Netanyahu's bloc at 60 seats, one short of the 61-seat majority needed, indicating continued deadlock despite strengthening of the bloc.",True,live,
216,2022-09-23,7kanal.co.il,ru,ru,Опрос 13 канала ИТВ: блок Нетаньяху получает 61 мандат,https://7kanal.co.il/News/News.aspx/243773,poll,poll,polls,Kamil Fuchs (Dialog Institute),Channel 13 ITV,61,0.3,0.95,n/a,,0.65,bloc61,"возглавляемый Биньямином Нетаньяху правый блок получает 61 мандат, а с ним – право на формирование правительства.","The right-wing bloc headed by Benjamin Netanyahu receives 61 seats, and with them – the right to form a government.","A Channel 13 ITV poll by Kamil Fuchs projects Netanyahu's bloc at exactly 61 seats, giving it the right to form a government.",True,live,
217,2022-09-23,israelnationalnews.com,en,il_en,Ahmed Tibi: I believe the Arabs will not be in the next coalition,https://israelnationalnews.com/news/360288,interview,politician_arab,anti,Ahmed Tibi,Ta'al-Hadash,,0.65,0.7,n/a,,0.825,bloc61,"In my estimation, next time the Arab Knesset members from all parties will be members of the opposition.","In my estimation, next time the Arab Knesset members from all parties will be members of the opposition.","Ahmed Tibi (Arab opposition politician) estimates that Netanyahu will be able to form a government, with Arab parties in opposition rather than coalition.",True,live,
218,2022-09-28,jpost.com,en,il_en,Can Gantz really form a government? - Analysis,https://jpost.com/israel-news/politics-and-diplomacy/article-718353,analysis,author,media,,Jerusalem Post,,-0.65,0.75,opposition_forms_govt,,0.175,no61,"This seems to be the most realistic option, other than him not being able to form a government at all. Being able to bring Labor, Meretz, Yisrael Beytenu and both haredi parties to the table would require serious political and ideological cartwheels.","This seems to be the most realistic option, other than him not being able to form a government at all. Being able to bring Labor, Meretz, Yisrael Beytenu and both haredi parties to the table would require serious political and ideological cartwheels.","The author argues that Netanyahu's bloc (with Smotrich and Ben-Gvir) is more likely to form a government than Gantz's anti-Netanyahu coalition, which faces severe structural obstacles and voter skepticism.",True,live,
219,2022-09-28,kikar.co.il,he,he,מגמת התחזקות גוש הימין נמשכת? נתוני סקר חדש מהערב,https://kikar.co.il/political-news/428215,poll,poll,polls,"Manu Geva Institute (Mador Sampling, Consulting and Research)",Channel 12,59,-0.4,0.85,deadlock,,0.3,no61,מסקר מנדטים חדש שפורסם הערב (רביעי) במהדורה המרכזית של ערוץ 12 עולה כי מפת הגושים עדיין תקועה. גוש נתניהו מקבל לפי הסקר 59 מנדטים.,A new seat poll released this evening (Wednesday) in Channel 12's central broadcast shows that the map of blocs is still stuck. Netanyahu's bloc receives 59 seats according to the poll.,"A Channel 12 poll (Manu Geva Institute) projects Netanyahu's bloc at 59 seats, down from the previous poll, indicating a deadlock scenario.",True,live,
220,2022-09-28,srugim.co.il,he,he,"בן גביר: אם נהיה חזקים, הליכוד לא יוכל להכניס את גנץ",https://srugim.co.il/716097-%D7%90%D7%99%D7%AA%D7%9E%D7%A8-%D7%91%D7%9F-%D7%92%D7%91%D7%99%D7%A8-%D7%91%D7%90%D7%95%D7%9C%D7%A4%D7%9F-%D7%90%D7%9D-%D7%A0%D7%94%D7%99%D7%94-%D7%97%D7%96%D7%A7%D7%99%D7%9D-%D7%90%D7%A3-%D7%90,interview,politician_bloc,bloc,Itamar Ben-Gvir,Otzma Yehudit (Religious Zionism),,0.5,0.6,n/a,,0.75,bloc61,"אם לא נהיה חזקים – כל האופציות על השולחן. אם נהיה חזקים, אף אחד לא יוכל להכניס את גנץ","If we are not strong – all options are on the table. If we are strong, no one will be able to bring in Gantz.","Ben-Gvir (Otzma Yehudit) conditionally predicts the right-wing bloc will prevent Gantz's inclusion in government if his party becomes strong enough, implying confidence in a right-wing majority but with caveats about his party's strength.",True,live,
221,2022-09-29,srugim.co.il,he,he,סקר: סמוטריץ' עוקף את גנץ; הדר מוכתר נעלמת,https://srugim.co.il/716521-%D7%A1%D7%A7%D7%A8-%D7%A1%D7%9E%D7%95%D7%98%D7%A8%D7%99%D7%A5-%D7%A2%D7%95%D7%A7%D7%A3-%D7%90%D7%AA-%D7%92%D7%A0%D7%A5-%D7%94%D7%93%D7%A8-%D7%9E%D7%95%D7%9B%D7%AA%D7%A8-%D7%A0%D7%A2%D7%9C%D7%9E,poll,poll,polls,Knesset Channel / Mako,"Knesset Channel, Mako",60,-0.2,0.85,deadlock,,0.4,no61,"סקר מנדטים חדש מעלה כי אף אחד מהגושים אינו מצליח להעביר מנדטים מהגוש השני, ו-33 ימים לבחירות מפת חלוקת המנדטים עומדת על שוויון 60.","A new seat poll shows that neither bloc is able to transfer seats from the other bloc, and 33 days before the election the seat distribution map stands at an equal 60.","A Knesset Channel/Mako poll projects Netanyahu's right-religious-Haredi bloc at exactly 60 seats (Likud 32 + Religious Zionism 13 + Shas 8 + United Torah Judaism 7), one short of a 61-seat majority, with the left-Arab bloc also at 60.",True,live,
222,2022-09-29,ynet.co.il,he,he,"גנץ: ""הסלמה? לא להיכנס להיסטריה. 61 מנדטים לנתניהו? זה סיוט נובמבר""",https://ynet.co.il/news/article/bk0rgpfgi,interview,politician_anti,anti,Benny Gantz,Blue and White (Kahol Lavan) / National Unity,,-0.7,0.85,opposition_forms_govt,,0.15,no61,עד כמה אתה מוטרד אם נתניהו יגיע לאותם 61 מנדטים מיוחלים? אני מאוד מוטרד מהתרחיש הזה... אנחנו קוראים לזה סיוט נובמבר,How concerned are you if Netanyahu reaches those desired 61 seats? I am very concerned about this scenario... We call it the November nightmare.,"Gantz (opposition) calls a Netanyahu bloc reaching 61 seats a 'November nightmare,' expressing strong concern that such a government would be extreme and dangerous, and proposes instead a broad unity government under his leadership.",True,live,
223,2022-09-29,walla.co.il,he,he,בחירות 2022: נאום לפיד הוכיח - המרכז-שמאל מנותק מהערבים,https://elections.walla.co.il/item/3532747,opinion,author,media,,walla.co.il,,0.0,0.3,unclear,,0.5,uncertain,"לפיד מבין, ואיתו כל טירון פוליטי: בלי שיעור הצבעה נורמלי בחברה הערבית - אפילו אין צורך באחד גבוה במיוחד - דרכו חזרה של בנימין נתניהו ללשכת ראש הממשלה סלולה מתמיד.","Lapid understands, as does any political novice: without a normal voter turnout in Arab society—even without an especially high one—Netanyahu's return to the Prime Minister's office is paved.","The author argues that the center-left's disconnect from Arab voters means low Arab turnout will enable Netanyahu's return to power, but does not explicitly project whether Netanyahu's bloc will reach 61 seats.",True,live,
224,2022-09-29,7kanal.co.il,ru,ru,"Юваль Штайниц: если Шакед пройдет в Кнессет, «Ликуд» победит",https://7kanal.co.il/News/News.aspx/243903,interview,politician_bloc,bloc,Yuval Steinitz,Likud (former minister),,0.5,0.7,n/a,,0.75,bloc61,"Я говорю, что если бы она получила несколько мандатов, это было бы хорошо для «Ликуда», потому что это гарантировало бы невозможность бойкотировать «Ликуд», имеющего большинство, и что Нетаньяху и «Ликуд» наберут 61 голос.","I say that if [Shaked's party] received several mandates, it would be good for Likud, because it would guarantee the impossibility of boycotting Likud, which has a majority, and that Netanyahu and Likud will get 61 votes.","Yuval Steinitz (Likud) argues that if Shaked's Beit HaYehudi party enters the Knesset, it would guarantee Netanyahu's bloc reaches 61 seats and forms a government.",True,live,
225,2022-10-01,haaretz.com,en,il_en,00000183 950a d278 a58b f72a28460000,https://haaretz.com/israel-news/elections/2022-10-01/ty-article/.premium/israel-election-new-poll-shows-netanyahu-leading-but-still-below-61-majority/00000183-950a-d278-a58b-f72a28460000,poll,poll,polls,Kan,Kan public broadcaster,59,-0.4,0.9,deadlock,,0.3,no61,"parties expected to support opposition leader Benjamin Netanyahu for prime minister 59 Knesset seats, two fewer than he needs for a simple majority in the legislature.","parties expected to support opposition leader Benjamin Netanyahu for prime minister 59 Knesset seats, two fewer than he needs for a simple majority in the legislature.","A Kan poll projects Netanyahu's bloc at 59 seats, falling short of the 61-seat majority needed.",True,live,
226,2022-10-01,maariv.co.il,he,he,בחירות 2022: גוש נתניהו יכול להגיע ל-61 מנדטים אם משהו אחד ישתנה,https://maariv.co.il/journalists/Article-949013,analysis,author,media,,Ma'ariv,,0.5,0.6,n/a,,0.75,bloc61,גוש הימין עומד לקראת הקרב המכריע כאשר לכאורה מצבו כמעט מושלם... והרי התרחישים האפשריים להגדלת גוש הימין ל־61 מנדטים ורצוי אף יותר.,The right-wing bloc is heading toward the decisive battle with what appears to be an almost perfect position... And here are the possible scenarios for expanding the right-wing bloc to 61 seats and preferably more.,"The Ma'ariv analyst argues that Netanyahu's bloc can reach 61 seats if voter turnout increases on the right and if the Jewish Home party (polling ~2%) is eliminated or absorbed, but identifies this as contingent on specific scenarios rather than assured.",True,live,
227,2022-10-03,srugim.co.il,he,he,סקר מנדטים: השמאל עם 61; איילת שקד בנתון שיא,https://srugim.co.il/717390-%D7%A1%D7%A7%D7%A8-%D7%9E%D7%A0%D7%93%D7%98%D7%99%D7%9D-%D7%94%D7%A9%D7%9E%D7%90%D7%9C-%D7%A2%D7%9D-61-%D7%90%D7%99%D7%99%D7%9C%D7%AA-%D7%A9%D7%A7%D7%93-%D7%91%D7%A0%D7%AA%D7%95%D7%9F-%D7%A9%D7%99,poll,poll,polls,Midgam (מדגם),Midgam Institute / Galei Tzahal (IDF Radio),59,-0.6,0.9,deadlock,,0.2,no61,על פי החלוקה לגושים: גוש הליכוד – חרדים – 59 מנדטים. גוש השמאל – ערבים – 61 מנדטים.,According to bloc division: Likud–Haredi bloc – 59 seats. Left–Arab bloc – 61 seats.,"Midgam poll (October 3, 2022) projects Netanyahu's bloc (Likud + Religious Zionism + Shas + United Torah Judaism) at 59 seats, below the 61-seat majority threshold, while the left-Arab bloc reaches 61.",True,live,
228,2022-10-06,7kanal.co.il,ru,ru,"60 мест у правого блока. 31% считает, что будет правительство",https://7kanal.co.il/News/News.aspx/244048,poll,poll,polls,Israel Hayom,Israel Hayom,60,-0.2,0.7,deadlock,0.31,0.4,no61,"Опрос, проведенный ""Исраэль Хайом"" показывает, что если бы выборы состоялись сегодня, то блок Нетаньяху и блок Лапида были бы в абсолютном равенстве 60-60... Большинство респондентов, сказали, что по итогам выборов политический кризис не будет преодолён, правительство не удастся сформировать и придется назначать новые выборы. Так считают 42%. Лишь 31% считают, что по итогам этих выборов будет сформировано правительство.","A poll conducted by Israel Hayom shows that if elections were held today, Netanyahu's bloc and Lapid's bloc would be in absolute equality 60-60... Most respondents said that after the elections the political crisis will not be overcome, a government will not be formed and new elections will have to be called. 42% think so. Only 31% believe that a government will be formed as a result of these elections.","Israel Hayom poll projects Netanyahu's bloc at 60 seats (tied with opposition), but among committed voters it reaches 64; however, 42% of the public expects deadlock and new elections, while only 31% believe a government will form.",True,live,
229,2022-10-06,inn.co.il,he,he,"סקר: 60 לגוש הימין, רק 31% מעריכים שתוקם ממשלה",https://inn.co.il/news/579302,poll,poll,polls,Maagar Mohot,Israel Hayom & Maagar Mohot,60,-0.4,0.75,deadlock,0.31,0.3,no61,רק 31% מאמינים שבתום מערכת בחירות זו תוקם ממשלה ואילו 27% פשוט לא יודעים כיצד הבחירות הללו יסתיימו.,"Only 31% believe that after this election a government will be formed, while 27% simply don't know how these elections will end.","A Maagar Mohot poll shows Netanyahu's bloc at 60 seats (tied with Lapid's bloc), but only 31% of the public believe a government will form; among certain voters the bloc rises to 64, yet 42% expect another election.",True,live,
230,2022-10-06,7kanal.co.il,ru,ru,Блок Нетаньяху проиграет без участия Шакед в выборах,https://7kanal.co.il/News/News.aspx/244065,poll,poll,polls,Mako and Knesset Channel,"Mako, Knesset Channel",60,-0.4,0.85,deadlock,,0.3,no61,В общей сложности праворелигиозный блок во главе с «Ликудом» и Биньямином Нетаньяху получит 60 мест в Кнессете... если «Бейт ха-Иегуди» выйдет из гонки... блок под руководством «Ликуда» получит всего 59 мест,"In total, the right-religious bloc led by Likud and Benjamin Netanyahu will receive 60 seats in the Knesset... if Beit HaYehudi withdraws from the race... the bloc under Likud's leadership will receive only 59 seats","A Mako and Knesset Channel poll projects Netanyahu's bloc at 60 seats (one short of 61), and warns that if Beit HaYehudi exits the race, the bloc would fall to 59 seats, resulting in deadlock.",True,live,
231,2022-10-06,mignews.com,ru,ru,"Нетаниягу: у религиозных сионистов есть дом в ""Ликуд"" | Выборы в Израиле | MIGnews  - MigNews – новости Израиля и мира на русском языке",https://mignews.com/news/election2019/netaniyagu-u-religioznyh-sionistov-est-dom-v-likud.html,news,politician_bloc,bloc,Benjamin Netanyahu,Likud,,0,0.3,n/a,,0.5,uncertain,"У религиозных сионистов сегодня есть дом в ""Ликуд"". ""Ликуд"" — их дом.",Religious Zionists today have a home in Likud. Likud is their home.,"Netanyahu claims Religious Zionism has found a home in Likud; recent polls suggest the Religious Zionism alliance may become Israel's third-largest party after November elections, but no explicit seat projection for the bloc is given.",True,live,
232,2022-10-06,inn.co.il,he,he,"סקר: 62 מנדטים לגוש הימין, המחנה הממלכתי נחלש",https://inn.co.il/news/579404,poll,poll,polls,Direct Polls,Channel 14,62,0.5,0.85,n/a,,0.75,bloc61,סקר שערך מכון 'דיירקט פולס' עבור ערוץ 14 מעלה כי לו היו הבחירות נערכות כיום היה גוש הימין משיג 62 מנדטים.,"A poll conducted by the Direct Polls institute for Channel 14 shows that if elections were held today, the right-wing bloc would achieve 62 seats.","Direct Polls reports the right-wing bloc would win 62 seats if elections were held today (October 6, 2022), exceeding the 61-seat threshold needed for a Netanyahu government.",True,live,
233,2022-10-08,algemeiner.com,en,il_en,Lapid courts Arab voters with 'anyone but Netanyahu' message | Jewish & Israel News Algemeiner.com,https://algemeiner.com/2022/10/08/lapid-courts-arab-voters-with-anyone-but-netanyahu-message,news,politician_anti,anti,Yair Lapid,Yesh Atid,,-0.5,0.4,opposition_forms_govt,,0.25,no61,"Should you abstain, the message goes, Netanyahu will form a government with such anti-Arab extremists as Itamar Ben-Gvir.","Should you abstain, the message goes, Netanyahu will form a government with such anti-Arab extremists as Itamar Ben-Gvir.","Lapid's campaign warns Arab voters that abstention risks Netanyahu forming a government with anti-Arab extremists, implying the opposition bloc needs Arab voter turnout to prevent a Netanyahu majority.",True,live,
234,2022-10-10,jewishjournal.com,en,il_en,Cutting Through the Noise of Israel's Election,https://jewishjournal.com/commentary/opinion/352136/cutting-through-the-noise-of-israels-election,opinion,author,media,Samuel Hyde,The Institute for Monitoring Peace and Cultural Tolerance,,-0.5,0.65,deadlock,,0.25,no61,"As things stand, it is likely that neither bloc will manage to win the 61 Knesset seats needed to form a viable government. One possibility being noticed is a rotation government comprising of Likud headed by Netanyahu, the National Unity party formed by Benny Gantz and Gideon Sa'ar, and the ultra-Orthodox parties.","As things stand, it is likely that neither bloc will manage to win the 61 Knesset seats needed to form a viable government. One possibility being noticed is a rotation government comprising of Likud headed by Netanyahu, the National Unity party formed by Benny Gantz and Gideon Sa'ar, and the ultra-Orthodox parties.","Samuel Hyde argues that neither the Netanyahu bloc nor the change bloc will likely reach 61 seats, predicting instead a deadlock resolved by a rotation government between Netanyahu, Gantz, and the ultra-Orthodox parties.",True,live,
235,2022-10-11,srugim.co.il,he,he,סקר: הליכוד בשפל של מנדטים; השמאל עם 61,https://srugim.co.il/719135-%D7%A1%D7%A7%D7%A8-%D7%94%D7%9C%D7%99%D7%9B%D7%95%D7%93-%D7%91%D7%A9%D7%A4%D7%9C-%D7%A9%D7%9C-%D7%9E%D7%A0%D7%93%D7%98%D7%99%D7%9D-%D7%94%D7%A9%D7%9E%D7%90%D7%9C-%D7%A2%D7%9D-61,poll,poll,polls,Midgam (מדגם),Channel 12 News (חדשות 12),59,-0.6,0.95,opposition_forms_govt,,0.2,no61,"סקר מנדטים חדש של חדשות 12 שנערך על ידי מכון 'מדגם'... גוש הימין עומד על 59 מנדטים בלבד, בעוד גוש השמאל מצליח להגיע ל-61.","A new seat poll by Channel 12 conducted by the Midgam institute... the right-wing bloc stands at only 59 seats, while the left-wing bloc manages to reach 61.","A Midgam poll for Channel 12 projects Netanyahu's right-wing bloc at 59 seats versus an opposition bloc of 61, suggesting the bloc will fall short of a majority.",True,live,
236,2022-10-11,israelnationalnews.com,en,il_en,"Poll: Smotrich, Ben-Gvir strengthen at Netanyahu's expense",https://israelnationalnews.com/news/361045,poll,poll,polls,Midgam Institute; Dodi Hasid / Kan News,Midgam Institute; Kan News,60,-0.4,0.85,deadlock,,0.3,no61,"According to this poll, whether Ayelet Shaked runs in the elections or not, there is no significant change in the election results and the right-wing bloc still has 59 mandates. Another poll, conducted by pollster Dodi Hasid for Kan News, suggests that if the elections had been held today, the right-wing bloc would have won 60 mandates.","According to this poll, whether Ayelet Shaked runs in the elections or not, there is no significant change in the election results and the right-wing bloc still has 59 mandates. Another poll, conducted by pollster Dodi Hasid for Kan News, suggests that if the elections had been held today, the right-wing bloc would have won 60 mandates.",Two polls (Midgam: 59 seats; Dodi Hasid/Kan: 60 seats) show Netanyahu's right-wing bloc falling short of the 61-seat majority needed to form a government.,True,live,
237,2022-10-11,inn.co.il,he,he,סקר: סמוטריץ' ובן גביר מתחזקים על חשבון נתניהו,https://inn.co.il/news/579702,poll,poll,polls,Mdgam (Maagar Mohot) and Dudi Hasid,Mdgam for Channel 12; Dudi Hasid for Kan News,60,-0.2,0.85,deadlock,,0.4,no61,"על פי נתונים אלה בין אם איילת שקד מתמודדת בבחירות ובין אם לא, אין שינוי משמעותי בתמונת הגושים וגוש הימין נותר עם 59 מנדטים. סקר נוסף... מעלה כי לו היו הבחירות נערכות כיום היה גוש הימין זוכה ב-60 מנדטים.","According to these data, whether or not Ayelet Shaked runs in the elections, there is no significant change in the bloc picture and the right-wing bloc remains with 59 seats. Another poll... shows that if elections were held today, the right-wing bloc would win 60 seats.",Two polls (Mdgam: 59 seats; Dudi Hasid: 60 seats) show Netanyahu's right-wing bloc falling short of the 61-seat majority needed to form a government.,True,live,
238,2022-10-11,israelnationalnews.com,en,il_en,Aryeh Deri: 'Woe is to us if we don't win these elections',https://israelnationalnews.com/news/361023,interview,politician_bloc,bloc,Aryeh Deri,Shas,,0.7,0.85,n/a,,0.85,bloc61,"Woe is to us if we don't win these elections. If that G-d forbid happens, we are to blame, it shows that we didn't do enough. We have to win, we can not lose the elections.","Woe is to us if we don't win these elections. If that G-d forbid happens, we are to blame, it shows that we didn't do enough. We have to win, we can not lose the elections.","Shas chairman Aryeh Deri expresses strong conviction that the right-wing bloc will win the 61 seats needed to form a government, framing it as essential and achievable from their strong starting position.",True,live,
239,2022-10-13,bhol.co.il,he,he,שבועיים וחצי לבחירות: פער של שלושה מנדטים בין שני סקרים,https://bhol.co.il/news/1449966,news,poll,polls,Channel 13 / Prof. Kamil Fuchs; Direct Polls / Shlomo Filber,Channel 13; Channel 14,,0.0,0.85,unclear,,0.5,uncertain,"סקר מנדטים חדש של 'חדשות 13' ופרופ' קמיל פוקס מציג אי הכרעה בבחירות, כאשר גוש הימין-חרדים מגיע ל-59 מושבים... סקר נוסף שערך מכון 'דיירקט פולס'... העמיד את גוש הימין-חרדים בראשות בנימין נתניהו על 62 מושבים","A new poll by Channel 13 and Prof. Kamil Fuchs shows no decision in the elections, with the right-haredi bloc reaching 59 seats... Another poll by Direct Polls placed Netanyahu's right-haredi bloc at 62 seats in the next Knesset.","Two conflicting polls released on October 13, 2022 show Netanyahu's bloc at either 59 seats (deadlock) or 62 seats (majority), creating genuine uncertainty two and a half weeks before the election.",True,wayback,20221013181036
240,2022-10-14,kikar.co.il,he,he,"59, 60, 62: הסקרים השונים מתקשים לחזות את התוצאות",https://kikar.co.il/political-news/429011,poll,poll,polls,"Direct Polls, Channel 13 (Prof. Kamil Fuchs), Panels Politics","Direct Polls / Akshav, Channel 13 News, Maariv",,0,0.7,unclear,,0.5,uncertain,"3 שבועות לבחירות, הסקרים השונים שפורסמו אמש והבוקר מציגים, כל סקר בנפרד, תוצאות שונות לחלוטין. ניצחון לימין-חרדים, ניצחון לשמאל-ערבים או בכלל תיקו בין הגושים.","Three weeks before the election, the various polls published yesterday and this morning present, each poll separately, completely different results. A victory for the right-haredim, a victory for the left-Arabs, or a tie between the blocs.","Three major polls from October 14, 2022 show conflicting results: Direct Polls projects Netanyahu's bloc at 62 seats, Channel 13 projects the left-Arab bloc at 61 seats, and Panels Politics shows a tie (though notes Netanyahu could reach 62 if the Jewish Home crosses the threshold).",True,live,
241,2022-10-14,kikar.co.il,he,he,"עמית סגל: ""נתניהו, תיאורטי, עשוי להגיע ל-63 מנדטים""",https://kikar.co.il/political-news/429019,analysis,analyst,media,Amit Segal,Yedioth Ahronoth,,0.5,0.6,n/a,,0.75,bloc61,"נתניהו, באופן תיאורטי, עשוי להגיע ל-63 מנדטים גם אם המחנה שלו יזכה לפחות ממחצית הקולות","Netanyahu, theoretically, could reach 63 seats even if his camp wins less than half the votes","Analyst Amit Segal reports internal polls showing Netanyahu's advisors project 59–60.5 seats, but argues theoretically Netanyahu could reach 63 seats depending on strategic political events.",True,live,
242,2022-10-15,mako.co.il,he,he,N12 - ההסכם שמקרב את נתניהו לניצחון והסכנה הממשית לייצוג...,https://mako.co.il/news-columns/2022_q4/Article-b3095263665c381027.htm,analysis,author,media,Daphna Liel,mako.co.il / N12,61,0.35,0.65,n/a,,0.675,bloc61,"אם נתניהו לא יגיע ל-61 מנדטים, הוא עלול לגלות שהגוש שלו איבד סבלנות ובשל להמליץ על מועמד אחר","If Netanyahu does not reach 61 mandates, he may discover that his bloc has lost patience and will recommend another candidate","Analyst Daphna Liel reports Netanyahu's bloc is currently coordinated and approaching victory, but warns that if he fails to reach 61 seats, his own coalition partners may push to replace him with another Likud figure.",True,live,
243,2022-10-16,mondoweiss.net,en,il_en,Surging racist Ben Gvir is potential kingmaker in Israel — and 'NYT' hides him from readers – Mondoweiss,https://mondoweiss.net/2022/10/surging-racist-ben-gvir-is-potential-kingmaker-in-israel-and-nyt-hides-him-from-readers,opinion,author,media,Mondoweiss editorial,Mondoweiss,,0.5,0.6,n/a,,0.75,bloc61,"Ben Gvir's party, along with his ally Bezalel Smotrich, are kingmakers in Benjamin Netanyahu's effort to become prime minister again... Israeli political pundits are speculating feverishly what he will get from Netanyahu for what would be his indispensable support if Netanyahu forms the next government.","Ben Gvir's party, along with his ally Bezalel Smotrich, are kingmakers in Benjamin Netanyahu's effort to become prime minister again... Israeli political pundits are speculating feverishly what he will get from Netanyahu for what would be his indispensable support if Netanyahu forms the next government.","Mondoweiss argues that Ben Gvir and Smotrich are 'kingmakers' whose support is 'indispensable' for Netanyahu to form the next government, implying the bloc will likely reach 61 seats, though the article focuses on media coverage rather than explicit seat projections.",True,wayback,20221016165526
244,2022-10-16,mignews.com,ru,ru,Смотрич опасается: Нетаниягу может выбрать Ганца | Выборы в Израиле | MIGnews  - MigNews – новости Израиля и мира на русском языке,https://mignews.com/news/election2019/smotrich-opasaetsya-netaniyagu-mozhet-vybrat-ganca.html,news,politician_bloc,bloc,Bezalel Smotrich,Religious Zionism bloc,,0.4,0.6,n/a,,0.7,bloc61,"Если мы получим 15 или 16 мандатов, обязательно будет правое правительство, и ""Ликуд"" не пойдет с Ганцем.","If we get 15 or 16 mandates, there will definitely be a right-wing government, and Likud will not go with Gantz.","Smotrich (Religious Zionism) expresses confidence that if his bloc wins 15–16 seats, Netanyahu will form a right-wing government excluding Gantz, though he acknowledges post-election pressure could push Netanyahu toward the centre-left.",True,live,
245,2022-10-17,heritage.org,en,intl,Netanyahu Faces Hurdles to Building Governing Coalition After Narrow Israeli Election Win,https://heritage.org/middle-east/commentary/netanyahu-faces-hurdles-building-governing-coalition-after-narrow-israeli,analysis,author,media,James Phillips,Heritage Foundation / The Daily Signal,58,-0.5,0.7,deadlock,,0.25,no61,"The alliance of right-wing and religious parties that formed Netanyahu's previous government this time won 58 seats, three short of the majority needed to form a government in the 120-seat Knesset. It remains unclear whether he can break through the political stalemate that has prevented the formation of a coalition government after the past two elections.","The alliance of right-wing and religious parties that formed Netanyahu's previous government this time won 58 seats, three short of the majority needed to form a government in the 120-seat Knesset. It remains unclear whether he can break through the political stalemate that has prevented the formation of a coalition government after the past two elections.","Heritage Foundation analyst James Phillips reports Netanyahu's right-wing/religious bloc won 58 seats (3 short of 61) and states it remains unclear whether Netanyahu can overcome political stalemate to form a coalition, implying risk of deadlock or a fourth election.",True,wayback,20221017143823
246,2022-10-17,jpost.com,en,il_en,Countdown to elections: Here's what could still happen - analysis,https://jpost.com/israel-elections/article-719878,analysis,author,media,Jerusalem Post analysis team,Jerusalem Post,,0.55,0.7,n/a,,0.775,bloc61,"getting more out to vote will likely be enough for Likud leader and opposition head MK Benjamin Netanyahu and his allies to pass the 61-seat threshold and form a government... if either [Ra'am or Hadash-Ta'al] fails to pass, over 100,000 votes will likely be wasted and victory for Netanyahu is nearly certain.","getting more out to vote will likely be enough for Likud leader and opposition head MK Benjamin Netanyahu and his allies to pass the 61-seat threshold and form a government... if either [Ra'am or Hadash-Ta'al] fails to pass, over 100,000 votes will likely be wasted and victory for Netanyahu is nearly certain.","The Jerusalem Post analysis identifies voting turnout—particularly among development-town voters and Arab voters—as the decisive factor; higher turnout and Arab party threshold failures would likely secure Netanyahu's 61-seat majority, though security deterioration and the Lebanon deal could shift momentum.",True,live,
247,2022-10-18,alquds.co.uk,ar,ar,"في معركة الانتخابات: نتنياهو أمام ""فرصته الأخيرة"" ولبيد ""يختبئ"" وراء الصوت العربي.. وبن غفير يطمح لـ""الحزب الأكبر""",https://alquds.co.uk/%D9%81%D9%8A-%D9%85%D8%B9%D8%B1%D9%83%D8%A9-%D8%A7%D9%84%D8%A7%D9%86%D8%AA%D8%AE%D8%A7%D8%A8%D8%A7%D8%AA-%D9%86%D8%AA%D9%86%D9%8A%D8%A7%D9%87%D9%88-%D8%A3%D9%85%D8%A7%D9%85-%D9%81%D8%B1%D8%B5%D8%AA,analysis,author,media,Yuval Karni,Yedioth Ahronoth,,-0.3,0.6,deadlock,,0.35,no61,بالنسبة لنتنياهو، ستكون فرصته الأخيرة لتحقيق ما لم ينجح في تحقيقه في الحملات الانتخابية الأربعة السابقة: 61 مقعداً لكتلة نتنياهو... كما أنه يجد صعوبة في أن يحقق الـ 61 المنشودة حسب الاستطلاعات.,"For Netanyahu, this will be his last chance to achieve what he failed to achieve in the four previous election campaigns: 61 seats for Netanyahu's bloc. According to polls, he is finding it difficult to achieve the desired 61.","Author Yuval Karni analyzes the race as a head-to-head between Netanyahu and Lapid, noting Netanyahu faces difficulty reaching 61 seats according to polls, while Lapid's associates are confident he will form the next government if Netanyahu fails to reach 61.",True,live,
248,2022-10-18,walla.co.il,he,he,סקר מנדטים כאן 11 וחדשות 12 - וואלה! בחירות 2022,https://elections.walla.co.il/item/3535581,poll,poll,polls,Kan 11 and Mabat 12 (Channel 12 News),Israeli public broadcasters,60,-0.2,0.9,deadlock,,0.4,no61,סקרים שפורסמו הערב (שלישי) במהדורות החדשות של תאגיד השידור כאן 11 וחדשות 12 חוזים 59-60 לגוש המפלגות התומכות בראש האופוזיציה בנימין נתניהו.,Polls published this evening (Tuesday) in the news broadcasts of the Kan 11 and Channel 12 News predict 59-60 seats for the bloc of parties supporting opposition leader Benjamin Netanyahu.,"Two Israeli broadcaster polls from October 18, 2022 project Netanyahu's bloc at 59–60 seats: Kan 11 shows 60 seats (just below the 61-seat threshold), while Channel 12 News shows 59 seats, both indicating a tight race without a clear majority.",True,live,
249,2022-10-18,foreignpolicy.com,en,intl,arab citizens of israel hold the key to next months election,https://foreignpolicy.com/2022/10/18/arab-citizens-of-israel-hold-the-key-to-next-months-election,analysis,analyst,media,Muhammed Khalaily,Israel Democracy Institute,,-0.5,0.6,opposition_forms_govt,,0.25,no61,"If turnout can be driven up to 50 percent among Arab Israelis, that could block Netanyahu and Ben-Gvir, Khalaily estimates.","If turnout can be driven up to 50 percent among Arab Israelis, that could block Netanyahu and Ben-Gvir, Khalaily estimates.","Analyst Khalaily argues that if Arab Israeli turnout reaches 50%, it could block Netanyahu's bloc; low turnout (~40%) would enable Netanyahu and Ben-Gvir to form a government, though Golan notes the Israeli public has moved right.",True,live,
250,2022-10-18,jns.org,en,il_en,Danny Danon says the current coalition lacks the experience to run the government.,https://jns.org/danny-danon-says-the-current-coalition-lacks-the-experience-to-run-the-government,interview,politician_bloc,bloc,Danny Danon,Likud,,0.7,0.75,n/a,,0.85,bloc61,"Likud is polling at around 32 mandates ahead of the Nov. 1 election, with party chief and opposition leader Netanyahu's right-wing/religious bloc on the threshold of securing a 61-seat parliamentary majority... I think there will be a clear decision [in Nov.], and Likud will [garner] enough votes to put together a strong [coalition] and govern for years.","Likud is polling at around 32 mandates ahead of the Nov. 1 election, with party chief and opposition leader Netanyahu's right-wing/religious bloc on the threshold of securing a 61-seat parliamentary majority... I think there will be a clear decision [in Nov.], and Likud will [garner] enough votes to put together a strong [coalition] and govern for years.",Danny Danon (Likud) states the bloc is 'on the threshold' of a 61-seat majority and predicts Likud will secure enough votes to form a strong governing coalition.,True,live,
251,2022-10-18,ynet.co.il,he,he,"בתגובה למתקפות הליכוד, בבית היהודי מאיימים: ""אם לא נעבור - נתניהו יישאר באופוזיציה או",https://ynet.co.il/news/election2022/article/hymfmghqs,interview,politician_bloc,anti,Yom-Tov Kalfon,Jewish Home (Habayit Hayehudi),62,0.5,0.7,n/a,,0.75,bloc61,"אנחנו נקים ממשלה לאומית עם 61 מנדטים ומעלה... אם יצאו להצביע תהיה ממשלה לאומית בראשות נתניהו. למעשה, בלי איילת אין ביבי.","We will form a national government with 61 mandates and above... if people go out to vote there will be a national government headed by Netanyahu. In fact, without Ayelet there is no Bibi.","Yom-Tov Kalfon (Jewish Home) warns that if his party fails to pass the threshold, Netanyahu will remain in opposition or be forced to leave politics; he projects a 62-seat right-wing bloc if Jewish Home crosses the threshold, and argues Netanyahu's campaign against them is irrational.",False,live,
252,2022-10-19,inn.co.il,he,he,סקר במגזר החרדי: ירידה בשיעור התמיכה במפלגת 'יהדות התורה',https://inn.co.il/news/580329,poll,poll,polls,Askaria Institute,Askaria Institute (for Behadrei Haredim),,0,0.3,unclear,,0.5,uncertain,"עוד עולה מהסקר כי במקרה ונתניהו לא ישיג 61 להקמת ממשלה, 49% ענו כי הם לא יודעים, 27% סבורים כי יש להקים ממשלת ימין בראשות מועמד אחר, 16% מעדיפים הליכה לאופוזיציה במצב שאין 61 ו-8% השיבו כי יש להצטרף לממשלה בראשות בני גנץ או יאיר לפיד.","The survey also shows that in the event Netanyahu does not achieve 61 to form a government, 49% answered they don't know, 27% believe a right-wing government should be formed under another candidate, 16% prefer going to opposition if there is no 61, and 8% answered that they should join a government led by Benny Gantz or Yair Lapid.","An Askaria Institute poll of the haredi sector reports internal haredi party support (UTJ 43%, Shas 27%, RZ 6%) but does not project overall bloc seats; it conditionally asks haredim what they would prefer if Netanyahu fails to reach 61, with no clear consensus.",True,live,
253,2022-10-20,jewishjournal.com,en,il_en,Rosner's Domain— 10 Days: Time to Prepare for Israel's Election,https://jewishjournal.com/rosnersdomain/352342/rosners-domain-10-days-time-to-prepare-for-israels-election,analysis,author,media,Shmuel Rosner,Jewish Journal,,0,0.3,unclear,,0.5,uncertain,"A tie, or close to a tie, meaning, no one with the ability to form a coalition, was the result of almost all polls.","A tie, or close to a tie, meaning, no one with the ability to form a coalition, was the result of almost all polls.","Rosner identifies a static, tied race with Netanyahu's bloc and the opposition evenly matched; he highlights key variables (Arab turnout, Likud enthusiasm, Jewish Home's fate, West Bank unrest) that could tip the outcome either way, with no clear prediction.",True,live,
254,2022-10-20,allisrael.com,en,il_en,rising rapidly in israeli polls are bezalel smotrich and itamar ben gvir the radicals racists and extremists their critics claim,https://allisrael.com/rising-rapidly-in-israeli-polls-are-bezalel-smotrich-and-itamar-ben-gvir-the-radicals-racists-and-extremists-their-critics-claim,news,author,media,Joel C. Rosenberg,ALL ISRAEL NEWS,,0.0,0.3,unclear,,0.5,uncertain,"WILL NETANYAHU BRING ""RELIGIOUS ZIONISM"" INTO HIS GOVERNMENT IF THEY HELP HIM REACH 61 SEATS? During the last election, Netanyahu stated unequivocally that ""Ben Gvir cannot be a minister in my government."" Will Bibi keep that pledge?","WILL NETANYAHU BRING ""RELIGIOUS ZIONISM"" INTO HIS GOVERNMENT IF THEY HELP HIM REACH 61 SEATS? During the last election, Netanyahu stated unequivocally that ""Ben Gvir cannot be a minister in my government."" Will Bibi keep that pledge?","The article reports that Religious Zionism is rising in polls to ~14 seats and poised to be the third-largest faction, but raises unresolved questions about whether Netanyahu will include Ben Gvir and Smotrich in government if they help him reach 61 seats, without itself projecting whether the bloc will achieve that majority.",True,live,
255,2022-10-21,al-monitor.com,en,intl,Netanyahu plays dangerous game as extremist bloc grows stronger,https://al-monitor.com/originals/2022/10/netanyahu-plays-dangerous-game-extremist-bloc-grows-stronger,analysis,author,media,Al-Monitor staff/analysis,Al-Monitor,,0.5,0.65,n/a,,0.75,bloc61,"Judging by recent polls, there is a reasonable chance that Israel's next government will be controlled by the some of the most radical elements ever to populate Israeli politics, with Knesset member Itamar Ben Gvir leading the pack. Former Prime Minister Benjamin Netanyahu...is now dependent on the head of the Jewish Power party for his potential comeback in the Nov. 1 elections.","Judging by recent polls, there is a reasonable chance that Israel's next government will be controlled by the some of the most radical elements ever to populate Israeli politics, with Knesset member Itamar Ben Gvir leading the pack. Former Prime Minister Benjamin Netanyahu...is now dependent on the head of the Jewish Power party for his potential comeback in the Nov. 1 elections.","Al-Monitor analysis asserts there is a 'reasonable chance' Netanyahu's bloc (including Ben Gvir's Religious Zionism) will control the next government based on recent polls, though specific seat totals for the full bloc are not provided.",True,live,
256,2022-10-21,7kanal.co.il,ru,ru,Нетаньяху получит 61 мандат – и позовёт в правительство Ганца,https://7kanal.co.il/News/News.aspx/244452,news,politician_bloc,anti,Haim Ramon,103FM radio interview,60,0.35,0.7,n/a,,0.675,bloc61,"«Нетаньяху очень близок к 61 мандату, и, если не произойдет ничего необычного, он их получит. Я удивлюсь, если этого не произойдет.»","""Netanyahu is very close to 61 seats, and if nothing unusual happens, he will get them. I would be surprised if this does not happen.""","Former Justice Minister Haim Ramon predicts Netanyahu will reach 61 seats ""if nothing unusual happens,"" but the Panels Politics poll shows his bloc at only 60 seats, creating tension between optimistic political commentary and current polling data.",True,live,
257,2022-10-22,timesofisrael.com,en,il_en,"Arab parties fail to sign vote share deals, giving Netanyahu bloc edge in election",https://timesofisrael.com/arab-parties-fail-to-sign-vote-share-deals-giving-netanyahu-bloc-edge-in-election,news,author,media,,Times of Israel,,0.35,0.65,n/a,,0.675,bloc61,"Polls have predicted Netanyahu's right-wing religious bloc falling just short of a majority, and his opponents trailing behind, meaning a slight boost to a Netanyahu-allied party could put his bloc over the top and allow him to form a coalition.","Polls have predicted Netanyahu's right-wing religious bloc falling just short of a majority, and his opponents trailing behind, meaning a slight boost to a Netanyahu-allied party could put his bloc over the top and allow him to form a coalition.","The author reports that polls predict Netanyahu's bloc falling just short of a majority, but the failure of Arab parties to unite and sign vote-sharing deals could give Netanyahu's bloc an edge and potentially push it over 61 seats.",True,wayback,20221022093551
258,2022-10-23,allisrael.com,en,il_en,risky business why is netanyahu aligning himself with a far right political party widely denounced as extremist and racist,https://allisrael.com/risky-business-why-is-netanyahu-aligning-himself-with-a-far-right-political-party-widely-denounced-as-extremist-and-racist,analysis,author,media,Nicole Jansezian,allisrael.com / CBN Israel,,0.35,0.5,n/a,,0.675,bloc61,Their slate would assure a Netanyahu-led coalition at least four desperately needed seats... the fate of this election rests on these small parties – extreme Jewish and extreme Muslim parties – and perhaps even on their unlikely cooperation.,Their slate would assure a Netanyahu-led coalition at least four desperately needed seats... the fate of this election rests on these small parties – extreme Jewish and extreme Muslim parties – and perhaps even on their unlikely cooperation.,"The author suggests Netanyahu's coalition fate depends on small right-wing and Arab parties, with Ben Gvir/Smotrich providing four needed seats, but faces opposition from Bennett, Lapid, and others; outcome uncertain pending unlikely cooperation.",True,live,
259,2022-10-23,israelhayom.com,en,il_en,a netanyahu comeback likud optimism tested by reality,https://israelhayom.com/2022/10/23/a-netanyahu-comeback-likud-optimism-tested-by-reality,analysis,author,media,,Israel Hayom,62,0.3,0.6,n/a,,0.65,bloc61,"Before the holidays his face displayed a slight tinge of optimism. The internal polls showed that the Right-wing bloc was in the lead, 62 almost 63.","Before the holidays his face displayed a slight tinge of optimism. The internal polls showed that the Right-wing bloc was in the lead, 62 almost 63.","The author reports Netanyahu's internal polls show the right-wing bloc at 62–63 seats, but notes recent campaign efforts have failed to boost numbers, creating uncertainty about whether he will reach 61 mandates despite his optimism.",True,live,
260,2022-10-24,maariv.co.il,he,he,"סער: ""אם לנתניהו יהיה 61 אנחנו בסכנה למדינה שגולשת לדיקטטורה""",https://maariv.co.il/elections-2022/Article-953557,interview,politician_anti,anti,Gideon Sa'ar,Yesh Atid / anti-Netanyahu bloc,,-0.7,0.85,opposition_forms_govt,,0.15,no61,"אם לנתניהו יהיה 61 אנחנו בסכנה למדינה שגולשת לדיקטטורה... במידה וגוש נתניהו לא יצליח להקים ממשלה, ייפתח פתח למה שהמדינה צריכה - ממשלת אחדות לאומית רחבה","If Netanyahu has 61 we are in danger of a state sliding into dictatorship... If Netanyahu's bloc fails to form a government, it will open the door to what the state needs – a broad national unity government","Gideon Sa'ar (anti-Netanyahu) warns that if Netanyahu's bloc reaches 61 seats it poses a danger to democracy, and argues that failure to form a government would enable a broad unity government instead.",True,live,
261,2022-10-24,srugim.co.il,he,he,"סקר: לפיד נחלש; סמוטריץ' מאבד קולות לש""ס",https://srugim.co.il/722232-%D7%A1%D7%A7%D7%A8-%D7%9C%D7%A4%D7%99%D7%93-%D7%A0%D7%97%D7%9C%D7%A9-%D7%A1%D7%9E%D7%95%D7%98%D7%A8%D7%99%D7%A5-%D7%9E%D7%90%D7%91%D7%93-%D7%A7%D7%95%D7%9C%D7%95%D7%AA-%D7%9C%D7%A9%D7%A1,poll,poll,polls,Kantar,Kan (Israeli Public Broadcasting) & Kantar,60,-0.2,0.85,deadlock,,0.4,no61,על פי החלוקה לגושים: גוש הימין – חרדים – 60 מנדטים. גוש השמאל – ערבים – 60 מנדטים.,By bloc division: Right bloc – Haredim – 60 seats. Left bloc – Arabs – 60 seats.,"A Kantar poll for Kan reports Netanyahu's right-Haredi bloc at 60 seats (Likud 31, Religious Zionism 13, Shas 9, UTJ 7), one short of the 61-seat majority needed, with the left-Arab bloc also at 60.",True,live,
262,2022-10-24,i24news.tv,he,he,"Israel: Lapid's Party Weakens, Still No Majority - Poll",https://i24news.tv/en/news/israel/politics/1666597436-israel-lapid-s-party-weakens-still-no-majority-poll,poll,poll,polls,Kan,Kan (Israeli public broadcaster),60,-0.4,0.95,deadlock,,0.3,no61,"This leaves the Netanyahu bloc with 60 seats, one short of a majority in the 120-seat Knesset and the bloc sometimes referred to as the ""anti-Netanyahu bloc"" with 56 seats. As a result, neither side would be able to form a majority government.","This leaves the Netanyahu bloc with 60 seats, one short of a majority in the 120-seat Knesset and the bloc sometimes referred to as the ""anti-Netanyahu bloc"" with 56 seats. As a result, neither side would be able to form a majority government.","A Kan poll projects Netanyahu's bloc at 60 seats, one short of the 61-seat majority needed, resulting in deadlock with neither bloc able to form a government.",True,wayback,20221024135442
263,2022-10-24,mignews.com,ru,ru,Новый опрос: позиции Лапида слабеют | Выборы в Израиле | MIGnews  - MigNews – новости Израиля и мира на русском языке,https://mignews.com/news/election2019/novyj-opros-pozicii-lapida-slabeyut.html,poll,poll,polls,Reshet Bet,Reshet Bet (Israeli broadcaster),60,-0.2,0.85,deadlock,,0.4,no61,"Блок Нетаниягу получает 60 мандатов, а нынешняя коалиция - 56 мандатов.","Netanyahu's bloc receives 60 seats, while the current coalition receives 56 seats.","A Reshet Bet poll published October 24, 2022 projects Netanyahu's bloc at 60 seats, one short of the 61-seat majority needed to form a government.",True,live,
264,2022-10-24,jpost.com,en,il_en,Smotrich calling Netanyahu 'liar' is the chance for Likud to lose seats - Israel Politics,https://jpost.com/israel-news/politics-and-diplomacy/article-720485,analysis,author,media,,Jerusalem Post,,0.0,0.6,unclear,,0.5,uncertain,"If Netanyahu fails to cobble together a government for the fifth time in 44 months, there is a good chance that this time, more voices will emerge inside the Likud saying that enough is enough and that the party needs a new leader.","If Netanyahu fails to cobble together a government for the fifth time in 44 months, there is a good chance that this time, more voices will emerge inside the Likud saying that enough is enough and that the party needs a new leader.","The author analyzes whether Smotrich's taped criticism of Netanyahu will affect the election outcome, concluding it is unlikely to shift votes between blocs before the election but could matter if Netanyahu fails to form a 61-seat coalition afterward.",True,live,
265,2022-10-24,ynet.co.il,he,he,לא נולדו 14 מנדטים כהניסטים. בן-גביר מצליח מסיבה אחרת,https://ynet.co.il/news/article/hyhk1xqeo,analysis,author,media,Dr. Doron Matza,Achva College,,0.0,0.3,unclear,,0.5,uncertain,כ-14 המנדטים (אולי יותר) שמפלגת הציונות הדתית צפויה לקבל ביום שלישי הבא מעוררים חוסר נחת בשני הצדדים,The approximately 14 mandates (perhaps more) that the Religious Zionism party is expected to receive next Tuesday arouse dissatisfaction on both sides,"Dr. Doron Matza analyzes Ben-Gvir's rise as a reaction to centrist politics, noting Religious Zionism is projected to win ~14 mandates, but does not assess whether Netanyahu's full bloc will reach 61 seats.",True,live,
266,2022-10-24,mondoweiss.net,en,il_en,"A surprise: the 'NYTimes' finally profiles Itamar Ben-Gvir, the racist kingmaker in Israel's election – Mondoweiss",https://mondoweiss.net/2022/10/a-surprise-the-nytimes-finally-profiles-itamar-ben-gvir-the-racist-kingmaker-in-israels-election,opinion,author,media,Phil Weiss (Mondoweiss),Mondoweiss,,0.3,0.4,n/a,,0.65,bloc61,"polls predict that Ben-Gvir's electoral alliance will be the second-biggest group in Benjamin Netanyahu's bloc, and the third-largest vote-getter in Israel. Still, today's report should have gone farther. It nowhere mentions that Ben-Gvir's electoral strength means that Netanyahu will have to offer him a senior post in the Cabinet","polls predict that Ben-Gvir's electoral alliance will be the second-biggest group in Benjamin Netanyahu's bloc, and the third-largest vote-getter in Israel. Still, today's report should have gone farther. It nowhere mentions that Ben-Gvir's electoral strength means that Netanyahu will have to offer him a senior post in the Cabinet","Mondoweiss opinion piece criticizes media coverage of Ben-Gvir; cites polls showing his bloc as second-largest in Netanyahu's coalition and implies Netanyahu will form government with him as Cabinet member, suggesting bloc viability but focusing on criticism of media silence.",True,wayback,20221024154618
267,2022-10-24,ynet.co.il,he,he,ממשלת ימין צרה? גנץ עם החרדים? בחירות שישיות? | התרחישים לאחרי הבחירות,https://ynet.co.il/news/article/bkg1b0mei,analysis,author,media,,ynet.co.il,,0.35,0.7,n/a,,0.675,bloc61,"אם ארבע המפלגות התומכות בנתניהו (הליכוד, הציונות הדתית, ש""ס ויהדות התורה) יקבלו יחד 61 מנדטים או יותר, הוא יוכל להרכיב ממשלת ימין צרה... לאורך השנה האחרונה הלבין נתניהו את בן-גביר והעצים אותו... מכל האפשרויות, לפחות על פי הסקרים, ממשלה כזאת היא בעלת הסיכויים הגבוהים ביותר.","If the four parties supporting Netanyahu (Likud, Religious Zionism, Shas and United Torah Judaism) receive together 61 mandates or more, he will be able to form a narrow right-wing government... Over the past year Netanyahu has brought Ben-Gvir closer and strengthened him... Of all the options, at least according to polls, such a government has the highest chances (relatively speaking).","The author analyzes five post-election scenarios, rating a narrow right-wing Netanyahu government with 61+ seats as having the 'highest chances' (medium-to-high probability) relative to alternatives, though all scenarios face significant obstacles.",True,live,
268,2022-10-24,washingtonpost.com,en,intl,"Netanyahu poised for possible return to power, dividing Israel again",https://washingtonpost.com/world/2022/10/24/israel-netanyau-bibi-election-lapid,news,author,media,,Washington Post,,0.35,0.6,n/a,,0.675,bloc61,"Netanyahu poised for possible return to power, dividing Israel again","Netanyahu poised for possible return to power, dividing Israel again","Washington Post reports Netanyahu is 'poised for possible return to power' ahead of the November 1 election, suggesting the bloc may reach 61 seats, though the framing remains cautious and balanced.",False,live,
269,2022-10-24,inn.co.il,he,he,"ח""כ יום טוב כלפון: נתניהו ואנשיו שיקרו כשהתכחשו לרע""מ",https://inn.co.il/news/580823,interview,politician_bloc,bloc,Yom Tov Kalfon,HaBayit HaYehudi (Religious Zionism),60,0.3,0.7,n/a,,0.65,bloc61,"הסקרים מעניקים לגוש נתניהו והימין 59-60 מנדטים, 'אם יתרמו לנו מנדט או מנדט וחצי, יוותרו על מספר 14 של סמוטריץ' או מספר 31 של הליכוד... ויקבלו בתמורה ארבעה. זו היציבות'.","The polls give Netanyahu's bloc and the right 59-60 seats. 'If they donate to us one or one-and-a-half mandates, they will give up Smotrich's number 14 or Likud's number 31... and receive four in return. That's stability.'","Kalfon (Religious Zionism) argues that polls show the Netanyahu bloc at 59-60 seats, but claims one or two additional mandates from his party would secure a 61+ majority and stable government, while dismissing withdrawal rumors.",True,live,
270,2022-10-25,jns.org,en,il_en,"Why Israeli firebrand Itamar Ben-Gvir is soaring in polls, and why the left calls him a racist",https://jns.org/opinion/why-israeli-firebrand-itamar-ben-gvir-is-soaring-in-polls-and-why-the-left-calls-him-a-racist,opinion,author,media,,JNS (Jewish News Syndicate),,0,0.3,unclear,,0.5,uncertain,"In recent weeks, Ben-Gvir's party has risen by several seats in the polls at the expense of Netanyahu's more moderate Likud.","In recent weeks, Ben-Gvir's party has risen by several seats in the polls at the expense of Netanyahu's more moderate Likud.","The author reports Ben-Gvir's Religious Zionist bloc rising in polls (14 seats mentioned earlier) and discusses coalition dynamics, but makes no explicit prediction about whether Netanyahu's full bloc will reach 61 seats; the piece focuses on Ben-Gvir's profile and political positioning rather than seat projections.",True,live,
271,2022-10-25,algemeiner.com,en,il_en,The Danger of Another Israeli Electoral Deadlock,https://algemeiner.com/2022/10/25/the-danger-of-another-israeli-electoral-deadlock,opinion,author,media,Ruthie Blum,JNS.org / Algemeiner,,0.4,0.6,n/a,,0.7,bloc61,"If Netanyahu's camp garners a sufficient number of seats to form a coalition, voices like Michaeli's will be muffled. If it doesn't, the election will likely result in a deadlock, since the 'anybody but Bibi' bloc isn't anywhere near achieving a 61-mandate majority.","If Netanyahu's camp garners a sufficient number of seats to form a coalition, voices like Michaeli's will be muffled. If it doesn't, the election will likely result in a deadlock, since the 'anybody but Bibi' bloc isn't anywhere near achieving a 61-mandate majority.","Opinion author Ruthie Blum suggests Netanyahu's bloc may reach 61 seats to form a coalition, while the opposition is 'nowhere near' a majority, implying a deadlock is the alternative risk.",True,live,
272,2022-10-26,allisrael.com,en,il_en,how itamar ben gvir became the star of the 2022 israeli election,https://allisrael.com/how-itamar-ben-gvir-became-the-star-of-the-2022-israeli-election,analysis,analyst,media,"Aviv Bushinsky, Emmanuel Navon, Gideon Rahat",Political analysts / Tel Aviv University / Hebrew University,61,0.5,0.6,n/a,,0.75,bloc61,"If Smotrich and Ben Gvir do get seats in the double digits, and Netanyahu around the expected 30 seats, it is likely the former prime minister will tap the Religious Zionism list to help him form a government.","If Smotrich and Ben Gvir do get seats in the double digits, and Netanyahu around the expected 30 seats, it is likely the former prime minister will tap the Religious Zionism list to help him form a government.","Multiple analysts suggest that if Religious Zionism gains double-digit seats and Netanyahu gets ~30, Netanyahu will likely form a coalition with them, implying a 61+ seat bloc, though concerns are raised about international legitimacy rather than viability.",True,live,
273,2022-10-26,calcalist.co.il,he,he,יש עתיד באה על חשבון מפלגות הגוש,https://calcalist.co.il/local_news/article/hjsa11kh4j,analysis,analyst,media,"Prof. Tamar Herman, Prof. Camil Fuchs","Israeli Institute for Democracy (Viterbi Center), Tel Aviv University",70,0.5,0.7,n/a,,0.75,bloc61,"בכנסת הנוכחית יש לימין 72 מנדטים... בבחירות הקרובות, על פי הסקרים, יקבל הימין כ־70 מנדטים. זו תמונת יחסי הכוחות האמיתיים במערכת הפוליטית הישראלית.","In the current Knesset the right has 72 seats... In the upcoming elections, according to polls, the right will receive approximately 70 seats. This is the true picture of the balance of power in the Israeli political system.","Academic analysts project the right-wing bloc will receive approximately 70 seats in the upcoming election, well above the 61-seat threshold, though the article notes Netanyahu's refusal to step down is the key factor enabling right-wing governance.",True,wayback,20221026133143
274,2022-10-27,srugim.co.il,he,he,מחקר מגמות טוען: שקד מזנקת לעבר אחוז החסימה,https://srugim.co.il/723945-%D7%9E%D7%97%D7%A7%D7%A8-%D7%9E%D7%92%D7%9E%D7%95%D7%AA-%D7%98%D7%95%D7%A2%D7%9F-%D7%A9%D7%A7%D7%93-%D7%9E%D7%96%D7%A0%D7%A7%D7%AA-%D7%9C%D7%A2%D7%91%D7%A8-%D7%90%D7%97%D7%95%D7%96-%D7%94%D7%97%D7%A1,poll,pollster,polls,Political Labs,Political Labs (Samuel Vazneh),,0,0.6,unclear,,0.5,uncertain,"עורכי הסקר מציינים כי התמונה הכללית היא לפי המגמה הנוכחית אין הכרעה בין הגושים, וכל תנודה קלה לכאן או לכאן יכולה להכריע אם תקום ממשלה, או שישראל תלך לבחירות שישיות.","The survey editors note that according to current trends, the overall picture shows no decision between the blocs, and any small fluctuation either way could determine whether a government forms or Israel goes to a sixth election.","Political Labs' trend study reports momentum shifts favoring Shaked's Jewish Home and Religious Zionism, but concludes the overall picture shows no majority for either bloc—any small swing could determine the outcome.",True,live,
275,2022-10-27,ynet.co.il,he,he,"הלוליינות של לפיד, המסרים של נתניהו",https://ynet.co.il/news/election2022/article/h1m3cmwej,analysis,analyst,media,"Barak Seri, Ronen Tzur, and unnamed senior strategic advisors",Independent strategic consultants,,0.15,0.5,n/a,,0.575,uncertain,הליכוד חייב לסיים במספר גבוה כי רק כך אפשר להבטיח שתיקים חשובים כמו תיק האוצר והביטחון ישארו בליכוד... מבטיח ממשלה יציבה לארבע שנים אם הגוש שלו יחצה את 61 המנדטים המיוחלים.,Likud must finish with a high number because only that way can important portfolios like Treasury and Defense remain in Likud... [Netanyahu] promises a stable government for four years if his bloc crosses the desired 61 mandates.,"Strategic analysts assess Netanyahu's campaign strategy to reach 61 seats by mobilizing Likud voters and maintaining bloc unity, but warn of risks if coalition partners underperform the threshold.",True,live,
276,2022-10-27,economist.com,en,intl,israels binyamin netanyahu bids for an election comeback,https://economist.com/middle-east-and-africa/2022/10/27/israels-binyamin-netanyahu-bids-for-an-election-comeback,analysis,author,media,The Economist,The Economist,,0.35,0.65,n/a,,0.675,bloc61,"The right-wing and religious coalition supporting him seems to be inching towards a majority in the Knesset, Israel's parliament. But it is far from certain. This is Israel's fifth election in less than four years... There may be yet another stalemate between the pro-Netanyahu bloc and the parties who refuse to join a government under a prime minister who has been indicted for fraud and bribery.","The right-wing and religious coalition supporting him seems to be inching towards a majority in the Knesset, Israel's parliament. But it is far from certain. This is Israel's fifth election in less than four years... There may be yet another stalemate between the pro-Netanyahu bloc and the parties who refuse to join a government under a prime minister who has been indicted for fraud and bribery.","The Economist's analysis suggests Netanyahu's right-wing and religious coalition is inching toward a 61+ seat majority but emphasizes significant uncertainty, with deadlock or an opposition government remaining plausible depending on turnout and Arab party fragmentation.",True,wayback,20221027151509
277,2022-10-28,mako.co.il,he,he,N12 - בחירות 2022: המהלך האחרון של יאיר לפיד והיעד האמיתי של...,https://mako.co.il/news-columns/2022_q4/Article-b5dd4d7f9e21481026.htm,analysis,author,media,Daphna Liel,mako.co.il / N12,,0.35,0.5,n/a,,0.675,bloc61,"גם אם לנתניהו לא יהיו 61, סביר להניח שחברי הכנסת יפעילו עליו לחץ להטיל את מלאכת ההרכבה על מועמד אחר בליכוד ולא ימהרו לעבור צד.","Even if Netanyahu does not have 61, it is likely that Knesset members will pressure him to hand over the task of forming a government to another Likud candidate and will not rush to switch sides.","Analyst Daphna Liel suggests Netanyahu's bloc is likely to reach 61 seats and form a government, but acknowledges internal tensions and the possibility of deadlock; she notes that even without 61, Likud members would pressure Netanyahu to hand formation to another Likud candidate rather than defect.",True,live,
278,2022-10-28,alquds.co.uk,ar,ar,صحيفة إسرائيلية: منها انتخابات سادسة: 6 احتمالات.. نتنياهو في أعلاها بحكومة ضيقة,https://alquds.co.uk/%D8%B5%D8%AD%D9%8A%D9%81%D8%A9-%D8%A5%D8%B3%D8%B1%D8%A7%D8%A6%D9%8A%D9%84%D9%8A%D8%A9-%D9%85%D9%86%D9%87%D8%A7-%D8%A7%D9%86%D8%AA%D8%AE%D8%A7%D8%A8%D8%A7%D8%AA-%D8%B3%D8%A7%D8%AF%D8%B3%D8%A9-6,analysis,analyst,media,Yuval Karni,Yedioth Ahronoth,,0.5,0.7,n/a,,0.75,bloc61,من كل الإمكانات، على الأقل حسب الاستطلاعات، ستكون هذه الحكومة من أعلى الاحتمالات، بشكل نسبي... فإن إقامة حكومة 61 برئاسة نتنياهو هي السيناريو ذو الاحتمالات الأعلى للتحقق.,"Of all possibilities, at least according to polls, this government will be among the highest probabilities, relatively speaking... establishing a 61-seat government under Netanyahu is the scenario with the highest likelihood of materializing.","Analyst Yuval Karni assesses that Netanyahu's right-wing bloc reaching 61 seats is the most likely scenario according to polls, though he outlines five other possibilities including deadlock and a sixth election.",True,live,
279,2022-10-28,aawsat.com,ar,ar,Netanyahu Eyes Return to Power as Israel Votes Yet Again,https://english.aawsat.com/home/article/3955926/netanyahu-eyes-return-power-israel-votes-yet-again,news,author,media,AFP/Asharq Al-Awsat,Asharq Al-Awsat,,0.35,0.6,n/a,,0.675,bloc61,"The polls have Netanyahu's Likud emerging as the largest party in parliament, the Knesset -- but in a political system dominated by coalitions, his path to the premiership is far from certain. Even while the ballots are still being counted, both leaders are likely to enter intense negotiations with smaller parties as they seek to reach the 61 seats needed for a parliamentary majority.","The polls have Netanyahu's Likud emerging as the largest party in parliament, the Knesset -- but in a political system dominated by coalitions, his path to the premiership is far from certain. Even while the ballots are still being counted, both leaders are likely to enter intense negotiations with smaller parties as they seek to reach the 61 seats needed for a parliamentary majority.","The author reports that Netanyahu's Likud is the largest party in polls and his extreme-right allies are surging, positioning him as a potential coalition partner for 61 seats, but his path to premiership remains uncertain given coalition dynamics and Lapid's counter-strategy.",True,wayback,20221028111309
280,2022-10-28,mako.co.il,he,he,"N12 - נתניהו נמנע מבליץ תקשורתי: ""הוא בדרך לניצחון, יש לו מה...",https://mako.co.il/news-israel-elections/election_2022/Article-d0eb5b3291b1481027.htm,news,politician_bloc,bloc,Netanyahu's circle (סביבת נתניהו),Likud / Netanyahu's campaign,,0.65,0.7,n/a,,0.825,bloc61,"בסביבת נתניהו מסבירים שהוא אופטימי, מריח כבר את הניצחון וחושש בעיקר מטעויות","Netanyahu's circle explains that he is optimistic, already smells victory, and is mainly afraid of mistakes","Netanyahu's inner circle expresses optimism about victory in the bloc, though the article focuses on campaign tactics and internal tensions rather than explicit seat projections.",True,live,
281,2022-10-29,theguardian.com,en,intl,Itamar Ben-Gvir: fiery far-right leader gains traction before Israeli election,https://theguardian.com/world/2022/oct/29/israel-election-far-right-itamar-ben-gvir,news,author,media,The Guardian (staff reporting),The Guardian,,0.35,0.5,n/a,,0.675,bloc61,"The latest polls predict that Ben-Gvir's Religious Zionist slate could win 13 or 14 seats, making it the third-largest party in the Knesset. If Netanyahu's bloc succeeds in winning a majority, it will be the most extremist in history.","The latest polls predict that Ben-Gvir's Religious Zionist slate could win 13 or 14 seats, making it the third-largest party in the Knesset. If Netanyahu's bloc succeeds in winning a majority, it will be the most extremist in history.","The Guardian reports that latest polls predict Ben-Gvir's Religious Zionist slate could win 13–14 seats, and frames Netanyahu's bloc majority as conditional ('if it succeeds'), suggesting close competition but no firm prediction either way.",True,live,
282,2022-10-29,ria.ru,ru,ru,Эксперт назвал Лапида и Нетаньяху лидерами избирательной кампании,https://ria.ru/20221029/izrail-1827713815.html,news,analyst,media,Mikhail Pellivert,Israeli political analyst,61,0.5,0.7,n/a,,0.75,bloc61,"Таком образом, блок Нетаньяху набирает 61 мандат... В Израиле... высока вероятность того, что ни одна из прошедших в парламент политических сил не сумеет сформировать жизнеспособную коалицию большинства в 60 и более мандатов.","Thus, Netanyahu's bloc gains 61 seats... In Israel... there is a high probability that none of the political forces that entered parliament will be able to form a viable majority coalition of 60 or more seats.","Analyst Pellivert cites a poll showing Netanyahu's bloc at exactly 61 seats, but emphasizes high probability of deadlock and new elections due to systemic Israeli political problems.",True,live,
283,2022-10-30,israelhayom.com,en,il_en,generally lost how the great promise of 2022 election failed to deliver,https://israelhayom.com/2022/10/30/generally-lost-how-the-great-promise-of-2022-election-failed-to-deliver,analysis,author,media,,Israel Hayom,,0.35,0.5,n/a,,0.675,bloc61,"While Netanyahu is more or less doing what he has done in all the previous electoral campaigns, Lapid has changed his policy and in fact made a complete U-turn... his options have been narrowed down to two realistic scenarios: head of the opposition if Netanyahu reaches the desired goal of 61 seats. Or continuing as head of the transit government if this does not materialize.","While Netanyahu is more or less doing what he has done in all the previous electoral campaigns, Lapid has changed his policy and in fact made a complete U-turn... his options have been narrowed down to two realistic scenarios: head of the opposition if Netanyahu reaches the desired goal of 61 seats. Or continuing as head of the transit government if this does not materialize.","The author presents Netanyahu's bloc as having a realistic path to 61 seats (framed as Netanyahu's 'desired goal'), but emphasizes internal tensions, Lapid's strategy to remain largest opposition party if Netanyahu succeeds, and uncertainty about whether the bloc will actually cohere.",True,live,
284,2022-10-30,jns.org,en,il_en,What are Netanyahu's options if he falls short of a majority?,https://jns.org/what-are-netanyahus-options-if-he-falls-short-of-a-majority,analysis,analyst,media,Jonathan Rynhold,"Bar-Ilan University, Department of Political Studies",,0.35,0.65,n/a,,0.675,bloc61,"My sense is that the polls always tend to underestimate the right wing, the haredi vote. When you add to that Meretz and two Arab parties being on the borderline, I think Bibi has a reasonable chance.","My sense is that the polls always tend to underestimate the right wing, the haredi vote. When you add to that Meretz and two Arab parties being on the borderline, I think Bibi has a reasonable chance.","Analysts Rynhold and Shpaizman believe Netanyahu has a reasonable to good chance of reaching 61 seats despite recent polls showing him falling short, citing underestimation of right-wing and haredi turnout and Arab turnout uncertainty.",True,live,
285,2022-10-30,euronews.com,en,intl,دوامة الانتخابات الإسرائيلية.. هل ستنهي الانتخابات الخامسة حالة الجمود بين نتنياهو وخصومه؟,https://arabic.euronews.com/2022/10/30/chronology-israeli-5th-elections-political-stalemate-netanyahu-his-opponents-israel,news,author,media,,euronews.com,,0.5,0.6,n/a,,0.75,bloc61,ترجّح استطلاعات الرأي احتمال أن يشكّل نتنياهو الذي يبلغ من العمر 73 عاما أكثر حكومة يمينية ومتشددة في تاريخ إسرائيل، إن فاز في الانتخابات,"Opinion polls suggest that Netanyahu, aged 73, is likely to form the most right-wing and extremist government in Israeli history if he wins the elections.","The author reports that polls suggest Netanyahu is likely to form a right-wing government if he wins, but does not explicitly state whether his bloc will reach 61 seats; the article frames the election as potentially ending the political stalemate but leaves the outcome uncertain.",True,wayback,20221030111836
286,2022-10-30,emaratalyoum.com,ar,ar,بن غفير «اليميني المتطرف» صاحب الدور الحاسم في الانتخابات الإسرائيلية,https://emaratalyoum.com/politics/reports-and-translation/2022-10-31-1.1683298,news,analyst,media,Yossi Klein Halevi,"Shalom Hartman Institute, Jerusalem",,0.3,0.6,n/a,,0.65,bloc61,ومن المرجح أن يشكّلا، في حال صحّ ذلك، ثالث أكبر تحالف في البرلمان، ما قد يضع بن غفير في موقع مؤثر في أي ائتلاف حكومي. ويمكن لزعيم المعارضة اليميني بنيامين نتنياهو أن يستفيد من دعم «القوة اليهودية»,"They are likely to form, if that is correct, the third largest coalition in parliament, which could put Ben-Gvir in an influential position in any government coalition. Right-wing opposition leader Benjamin Netanyahu could benefit from the support of the 'Jewish Strength' party","Analyst Yossi Klein Halevi suggests Ben-Gvir's bloc (projected at ~13 seats) could become the third-largest coalition, positioning Ben-Gvir as influential in Netanyahu's potential government formation, though the article emphasizes his extremism and political manipulation.",True,live,
287,2022-10-30,npr.org,en,intl,"Ahead of yet another Israel election, Netanyahu's far-right sees advances",https://npr.org/2022/10/30/1132724617/ahead-of-yet-another-israel-election-netanyahus-far-right-sees-advances,news,author,media,Daniel Estrin,NPR,,0.35,0.65,n/a,,0.675,bloc61,"polls show that together, their bloc is very close to winning a majority in parliament. If that happens, Netanyahu would be prime minister again... A possible outcome could be a stalemate, yet again.","polls show that together, their bloc is very close to winning a majority in parliament. If that happens, Netanyahu would be prime minister again... A possible outcome could be a stalemate, yet again.","NPR's Daniel Estrin reports that polls show Netanyahu's far-right bloc is very close to winning a majority, but a stalemate remains a possible outcome, framing the election as uncertain with Netanyahu's return not guaranteed.",True,live,
288,2022-10-31,alquds.co.uk,ar,ar,بلومبيرغ: العرب في إسرائيل يملكون مفتاح الخروج من مأزق الانتخابات,https://alquds.co.uk/%D8%A8%D9%84%D9%88%D9%85%D8%A8%D9%8A%D8%B1%D8%BA-%D8%A7%D9%84%D8%B9%D8%B1%D8%A8-%D9%81%D9%8A-%D8%A5%D8%B3%D8%B1%D8%A7%D8%A6%D9%8A%D9%84-%D9%8A%D9%85%D9%84%D9%83%D9%88%D9%86-%D9%85%D9%81%D8%AA%D8%A7,opinion,analyst,media,Bobby Ghosh,Bloomberg,,-0.5,0.65,deadlock,,0.25,no61,قبل عقد الانتخابات الخامسة في أقل من أربعة أعوام، فالرهان الأقرب هو عقد انتخابات سادسة أخرى... لم يحصل أي منهما على النسبة المطلوبة لكي يشكل حكومة أغلبية، 61 مقعدا,"Before holding the fifth election in less than four years, the closest bet is holding a sixth election... neither of them obtained the required percentage to form a majority government of 61 seats","Bloomberg analyst Bobby Ghosh argues that Arab-Israeli voters hold the key to breaking the political deadlock, suggesting a sixth election is more likely than either bloc reaching 61 seats, though Arab parties' role in coalition negotiations could theoretically enable either side.",True,live,
289,2022-10-31,srugim.co.il,he,he,יממה לבחירות: השאלות הפתוחות והמאמץ האחרון,https://srugim.co.il/724681-%D7%99%D7%9E%D7%9E%D7%94-%D7%9C%D7%91%D7%97%D7%99%D7%A8%D7%95%D7%AA-%D7%94%D7%A9%D7%90%D7%9C%D7%95%D7%AA-%D7%94%D7%A4%D7%AA%D7%95%D7%97%D7%95%D7%AA-%D7%95%D7%94%D7%9E%D7%90%D7%9E%D7%A5-%D7%94%D7%90,analysis,author,media,,srugim.co.il,,-0.5,0.6,deadlock,,0.25,no61,"העובדה שהסקרים שמראים על פחות מ-61 מנדטים לגוש נתניהו, הם אותם סקרים שיש נתונים נמוכים של בקרב החרדים, עלול להיות מה שימנע את חזרת נתניהו לשלטון",The fact that polls showing fewer than 61 seats for Netanyahu's bloc are the same polls with low numbers among the ultra-Orthodox could be what prevents Netanyahu's return to power,"The author analyzes that Netanyahu's bloc faces significant obstacles to reaching 61 seats, particularly due to low turnout among ultra-Orthodox voters and potential Arab voter mobilization, suggesting a deadlock scenario is plausible.",True,live,
290,2022-10-31,foreignpolicy.com,en,intl,netanyahu israel religious zionism israels political virtuoso in denial,https://foreignpolicy.com/2022/10/31/netanyahu-israel-religious-zionism-israels-political-virtuoso-in-denial,opinion,author,media,Shalom Lipner,Atlantic Council / Foreign Policy,,-0.5,0.7,deadlock,,0.25,no61,Even more likely than this bleak scenario materializing is the correspondingly precarious outcome of Israelis being dragged to another sixth ballot in a few months' time.,Even more likely than this bleak scenario materializing is the correspondingly precarious outcome of Israelis being dragged to another sixth ballot in a few months' time.,"Shalom Lipner argues that while Netanyahu may form a government with Religious Zionism, a sixth election (deadlock) is more likely than Netanyahu successfully managing the coalition's far-right demands and international backlash.",True,live,
291,2022-10-31,jpost.com,en,il_en,Israel elections: What happens if the Netanyahu bloc fails to reach 61?,https://jpost.com/israel-elections/article-721106,analysis,author,media,,Jerusalem Post,,-0.7,0.75,deadlock,,0.15,no61,"The bottom line is that if Netanyahu fails to reach 61, the highest likelihood is that Israel will head to yet another election, once again leaving it without a budget and without the ability to enact long-term policies.","The bottom line is that if Netanyahu fails to reach 61, the highest likelihood is that Israel will head to yet another election, once again leaving it without a budget and without the ability to enact long-term policies.","The Jerusalem Post analysis argues that if Netanyahu's bloc fails to reach 61 seats, a sixth election is the most likely outcome, as alternative coalition scenarios (Lapid or Gantz governments) face severe obstacles.",True,live,
292,2022-10-31,walla.co.il,he,he,הבחירות הכל כך שגרתיות יכולות להסתיים ברכבת הרים סוערת,https://elections.walla.co.il/item/3537966,analysis,author,media,,walla.co.il,,0,0.5,unclear,,0.5,uncertain,"בארבע מערכות הבחירות האחרונות, נתניהו לא הצליח להגיע לרוב הדרוש... הסקרים האחרונים חוזים שהפעם, עם תיקו של 60:60, הוא קרוב מתמיד להכרעה ולהגשמת היעד האולטימטיבי","In the last four elections, Netanyahu failed to reach the required majority... the latest polls predict that this time, with a 60:60 tie, he is constantly close to a decision and achieving his ultimate goal","The author presents a genuinely balanced analysis of two competing scenarios—Netanyahu reaching 61 seats with a narrow right-haredi coalition, or failing to do so and facing a complex opposition government formation—emphasizing that the outcome depends on razor-thin margins and Arab voter turnout, with no clear prediction.",True,live,
293,2022-10-31,calcalist.co.il,he,he,"לפיד, נתניהו או בכלל סיבוב שישי? התרחישים האפשריים של הבחירות",https://calcalist.co.il/local_news/article/s1kxs112vo,analysis,author,media,,Calcalist,,0,0.3,unclear,,0.5,uncertain,"במידה שתוצאות הסקרים שנערכו באחרונה יתממשו - ישראל תעמוד בפני מצב פוליטי מורכב, וספק אם לא נתגלגל למערכת בחירות שישית.","If the results of recent polls materialize, Israel will face a complex political situation, and it is doubtful whether it will not roll into a sixth election.","Calcalist maps four scenarios: Netanyahu's right-haredi coalition (61+ seats), Gantz-led unity government, Lapid-led government, or a sixth election; the author expresses uncertainty about whether polls will materialize into a clear majority.",True,live,
294,2022-10-31,latimes.com,en,intl,Tiny swing could determine outcome of tight Israeli election,https://latimes.com/world-nation/story/2022-10-31/israel-tiny-swing-could-determine-outcome-election,news,author,media,,Los Angeles Times,,0,0.7,unclear,,0.5,uncertain,"Israeli voters appear to be hopelessly deadlocked as the country heads to elections once again Tuesday, with opinion polls saying the race is too close to forecast... If neither succeeds, Israel could soon be facing another election.","Israeli voters appear to be hopelessly deadlocked as the country heads to elections once again Tuesday, with opinion polls saying the race is too close to forecast... If neither succeeds, Israel could soon be facing another election.","The Los Angeles Times reports the Israeli election is too close to call, with Netanyahu's bloc and Lapid's bloc each needing coalition partners to reach 61 seats; multiple swing factors (Arab turnout, threshold parties, Religious Zionism, Gantz) could determine whether Netanyahu achieves his majority or faces deadlock.",True,live,
295,2022-10-31,ynetnews.com,en,il_en,"In Israel, tiny swing could determine outcome of tight race",https://ynetnews.com/article/by0mbm6ej,news,author,media,,ynetnews.com,,0,0.6,unclear,,0.5,uncertain,"Israeli voters appear to be hopelessly deadlocked as the country heads to elections once again on Tuesday, with opinion polls saying the race is too close to forecast. If neither succeeds, Israel could soon be facing another election.","Israeli voters appear to be hopelessly deadlocked as the country heads to elections once again on Tuesday, with opinion polls saying the race is too close to forecast. If neither succeeds, Israel could soon be facing another election.","The author reports the race is too close to call, with Netanyahu's bloc and Lapid's bloc each needing smaller allies to reach 61 seats; multiple swing factors (turnout, threshold parties, Religious Zionism, Gantz) could determine whether Netanyahu achieves his majority or Israel faces deadlock.",True,live,
296,2022-10-31,ynet.co.il,he,he,"אדישות הציבור, הגשם, סקרי העומק: מאחורי קמפיין ההפחדה חוצה הגושים",https://ynet.co.il/news/election2022/article/hjsye00pvj,news,mixed,media,,ynet.co.il,,0.0,0.3,unclear,,0.5,uncertain,יש עדיין כשני מנדטים מתלבטים בין הגושים... שני מנדטים של אנשים שלא רוצים להצביע לביבי ובטח לא רוצים להצביע לבן גביר.,There are still about two mandates wavering between the blocs... two mandates of people who don't want to vote for Bibi and certainly don't want to vote for Ben-Gvir.,"On election eve, multiple political camps broadcast emergency messaging; a Yesh Atid official claims ~2 mandates are undecided between blocs, with swing voters preferring Lapid as a 'winner,' while Haredi parties deny joining an opposition government.",True,live,
297,2022-10-31,theguardian.com,en,intl,Israeli Arabs may be the last defence against Netanyahu's return to power | Lloyd Green,https://theguardian.com/commentisfree/2022/oct/31/israeli-arabs-netanyahu-election-jewish-supremacists,opinion,author,media,Lloyd Green,The Guardian,,0.35,0.65,n/a,,0.675,bloc61,"Recent polls show that the country's former prime minister, Benjamin Netanyahu, and his rightwing coalition are just shy of clinching victory. Sixty-one seats in the Knesset, the 120-seat parliament, is the magic number.","Recent polls show that the country's former prime minister, Benjamin Netanyahu, and his rightwing coalition are just shy of clinching victory. Sixty-one seats in the Knesset, the 120-seat parliament, is the magic number.","Lloyd Green argues that Netanyahu's bloc is 'just shy' of 61 seats according to recent polls, and that Israeli Arab turnout will be decisive—low turnout would improve Netanyahu's chances, while high turnout could prevent his return.",True,live,
298,2022-10-31,newstatesman.com,en,intl,Israel election: Could Benjamin Netanyahu return to power?- New Statesman,https://newstatesman.com/world/middle-east/2022/10/israel-election-2022-benjamin-netanyahu-prime-minister-again,analysis,author,media,,New Statesman,,0.5,0.6,n/a,,0.75,bloc61,"polling indicates that after a year as leader of the opposition, the former prime minister Benjamin Netanyahu could very well be headed back to the premiership.","polling indicates that after a year as leader of the opposition, the former prime minister Benjamin Netanyahu could very well be headed back to the premiership.","The New Statesman's analysis cites polling suggesting Netanyahu could well return to the premiership, leaning moderately toward a bloc victory without specifying seat counts.",True,live,
299,2022-10-31,scmp.com,en,intl,Israel's Netanyahu plots return to power with far right alliance,https://scmp.com/news/world/middle-east/article/3197820/israels-netanyahu-plots-return-power-far-right-alliance,news,author,media,,SCMP,,0.4,0.5,n/a,,0.7,bloc61,"After 16 months in opposition, Benjamin Netanyahu is plotting his return as Israel's prime minister, teaming up with the nation's far right in a bid to replace the unwieldy coalition that removed him from office. The path back to power for Israel's longest-serving prime minister hinges on support from a number of once-fringe politicians.","After 16 months in opposition, Benjamin Netanyahu is plotting his return as Israel's prime minister, teaming up with the nation's far right in a bid to replace the unwieldy coalition that removed him from office. The path back to power for Israel's longest-serving prime minister hinges on support from a number of once-fringe politicians.","The author reports Netanyahu is plotting a return to power with far-right allies, with Ben-Gvir's support potentially critical, but does not project seats or give explicit probability of reaching 61.",True,live,
300,2022-10-31,npr.org,en,intl,Israel's Benjamin Netanyahu is gunning for a comeback in the country's next election,https://npr.org/2022/10/31/1132766707/israels-benjamin-netanyahu-is-gunning-for-a-comeback-in-the-countrys-next-electi,news,analyst,media,Reuven Hazan,Hebrew University,,0.35,0.6,n/a,,0.675,bloc61,"In this tight race, polls suggest Netanyahu's bloc could get just enough votes for him to build a coalition with the religious far right. Another option - Netanyahu could ditch the far right and convince some of his political opponents to partner with him instead. What doesn't seem likely is an outright win for the anti-Netanyahu bloc of parties. There could be a stalemate.","In this tight race, polls suggest Netanyahu's bloc could get just enough votes for him to build a coalition with the religious far right. Another option - Netanyahu could ditch the far right and convince some of his political opponents to partner with him instead. What doesn't seem likely is an outright win for the anti-Netanyahu bloc of parties. There could be a stalemate.","NPR reports that polls suggest Netanyahu's bloc could get just enough votes to form a coalition with the religious far right in a tight race, though a stalemate is also possible.",True,live,
